category,brand,product_name,mpn,confidence
gpu,Sapphire,"Sapphire PULSE",11350-03-20G,high
gpu,PNY,"PNY OC",VCG507012TFXPB1-O,high
gpu,PNY,"PNY OC",VCG508016TFXPB1-O,high
gpu,Xfx,"XFX Swift OC",RX-96TSW16BQ,high
gpu,PNY,"PNY VCNRTXPRO6000B-PB",VCNRTXPRO6000B-PB,low
gpu,Sapphire,"Sapphire PULSE",11348-03-20G,high
gpu,Xfx,"XFX Speedster QICK 309",RX-76TQICKBP,high
gpu,Xfx,"XFX Swift",RX-97TSWF3B9,high
gpu,PNY,"PNY Dual Fan OC",VCG5060T8DFXPB1-O,high
gpu,Nvidia,"NVIDIA Founders Edition",GEFORCE-RTX-5090-FOUNDERS-EDITION,high
gpu,PNY,"PNY OC",VCG5070T16TFXPB1-O,high
gpu,Nvidia,"NVIDIA Founders Edition",900-1G142-2520-000,high
gpu,Xfx,"XFX Swift OC",RX-96TS316B7,high
gpu,Sapphire,"Sapphire NITRO+",11348-01-20G,high
gpu,Xfx,"XFX Speedster SWFT 210 Core",RX-76PSWFTFY,high
gpu,Xfx,"XFX Swift OC",RX-96TS316W7,high
gpu,Xfx,"XFX Swift OC",RX-96TSW8GWQ,high
gpu,Nvidia,"NVIDIA Founders Edition",900-1G144-2545-000,high
gpu,Nvidia,"NVIDIA Founders Edition",900-1G146-2570-000,high
gpu,Intel,"Intel Limited Edition",31P06HB0BA,high
gpu,Nvidia,"NVIDIA 900-5G144-2200-000",900-5G144-2200-000,low
gpu,PNY,"PNY ARGB EPIC-X RGB OC",VCG508016TFXXPB1-O,high
gpu,Xfx,"XFX Speedster MERC 310 Black Edition",RX-79XMERCB9,high
gpu,PNY,"PNY OC",VCG50608DFXPB1-O,high
gpu,Xfx,"XFX Mercury OC RGB",RX-97TRGBBB9,high
gpu,Xfx,"XFX Swift",RX-97TSWF3W9,high
gpu,Zotac,"Zotac Twin Edge",ZT-D40700E-10M,high
gpu,PNY,"PNY ARGB EPIC-X RGB OC",VCG507012TFXXPB1-O,high
gpu,PNY,"PNY ARGB EPIC-X RGB OC",VCG5070T16TFXXPB1-O,high
gpu,Sapphire,"Sapphire PURE",11348-02-20G,high
gpu,PNY,"PNY VCNRTXPRO6000BQ-PB",VCNRTXPRO6000BQ-PB,low
gpu,Sapphire,"Sapphire PULSE",11350-04-20G,high
gpu,Xfx,"XFX Quicksilver",RX-97TQICKB9,high
gpu,Nvidia,"NVIDIA Founders Edition",900-1G136-2530-000,high
gpu,Xfx,"XFX Swift OC",RX-97SWFB3B9,high
gpu,Nvidia,"NVIDIA Founders Edition",900-1G141-2560-000,high
gpu,Nvidia,"NVIDIA Founders Edition",900-1G133-2518-000,high
gpu,AMD,"AMD Radeon RX 6950 XT",100-438416,high
gpu,PNY,"PNY VCQ2000D-PB",VCQ2000DPB,high
gpu,Xfx,"XFX Swift OC",RX-97SWFT3B7,high
gpu,Sapphire,"Sapphire PULSE",11310-01-20G,high
gpu,Nvidia,"NVIDIA Founders Edition",9001G1422510000,high
gpu,EVGA,"EVGA FTW3 ULTRA GAMING",10G-P5-3897-KR,high
gpu,Zotac,"Zotac Twin Edge OC",ZT-B50620H-10M,high
gpu,Nvidia,"NVIDIA Founders Edition",900-1G141-2544-000,high
gpu,Xfx,"XFX Swift OC",RX-96TSW16WQ,high
gpu,Xfx,"XFX GTS XXX",RX-580P8DFD6,high
gpu,Sapphire,"Sapphire PULSE OC",11354-01-20G,high
gpu,Nvidia,"NVIDIA Founders Edition",9001G1332530000,high
gpu,Zotac,"Zotac GAMING SOLID OC",ZT-B50700J-10P,high
gpu,Zotac,"Zotac SOLID SFF OC",ZT-B50710J3-10P,high
gpu,Sapphire,"Sapphire PURE",11350-02-20G,high
gpu,Nvidia,"NVIDIA Founders Edition",900-1G180-2515-000,high
gpu,Nvidia,"NVIDIA Founders Edition",900-1G136-2560-000,high
gpu,PNY,"PNY Slim OC",VCG508016DFSXPB1-O,high
gpu,Xfx,"XFX Quicksilver 2",RX-97TQICKBA,high
gpu,Sapphire,"Sapphire PULSE",11349-03-20G,high
gpu,Zotac,"Zotac GAMING SOLID CORE OC",ZT-B50800J2-10P,high
gpu,Nvidia,"NVIDIA Founders Edition",900-1G141-2534-000,high
gpu,Xfx,"XFX RX-79TMBABF9",RX-79TMBABF9,low
gpu,Nvidia,"NVIDIA Founders Edition",900-1G136-2510-000,high
gpu,Xfx,"XFX Mercury OC RGB",RX-97TRGBBW9,high
gpu,EVGA,"EVGA XC3 ULTRA GAMING",08G-P5-3755-KR,high
gpu,EVGA,"EVGA KO ULTRA GAMING",06G-P4-2068-KR,high
gpu,Nvidia,"NVIDIA 900-5G153-2200-000",900-5G153-2200-000,low
gpu,EVGA,"EVGA FTW3 ULTRA GAMING",24G-P5-3987-KR,high
gpu,Sapphire,"Sapphire NITRO+",11322-01-20G,high
gpu,Xfx,"XFX Swift OC",RX-97SWFB3W9,high
gpu,Sapphire,"Sapphire PULSE",11306-02-20G,high
gpu,PNY,"PNY Dual Fan OC",VCG5060T16DFXPB1-O,high
gpu,Xfx,"XFX Speedster SWFT 309",RX-67XTYJFDV,high
gpu,Xfx,"XFX Speedster MERC 310 Black Edition",RX-79TMERCB9,high
gpu,Xfx,"XFX Mercury OC Magnetic Air RGB",RX-97TMARGB9,high
gpu,Nvidia,"NVIDIA Founders Edition",900-1G143-2515-000,high
gpu,Intel,"Intel 33P6PEB0BB",33P6PEB0BB,low
gpu,PNY,"PNY VCNRTX6000ADA-PB",VCNRTX6000ADA-PB,low
gpu,EVGA,"EVGA FTW3 ULTRA GAMING LE iCX3",12G-P5-3967-KR,high
gpu,Intel,"Intel 33P01IB0BB",33P01IB0BB,low
gpu,PNY,"PNY VCG508016TFXPB1",VCG508016TFXPB1,low
gpu,Xfx,"XFX Speedster SWFT 210",RX-66XL8LFDQ,high
gpu,Sapphire,"Sapphire PULSE",11324-01-20G,high
gpu,Zotac,"Zotac GAMING Twin Edge OC",ZT-A30600H-10M,high
gpu,Sapphire,"Sapphire NITRO+",11350-01-20G,high
gpu,EVGA,"EVGA FTW3 ULTRA GAMING",08G-P5-3797-KL,high
gpu,AMD,"AMD 100-300000120",100-300000120,low
gpu,Zotac,"Zotac GAMING Twin Edge OC",ZT-B50600H-10M,high
gpu,Xfx,"XFX Speedster QICK 319 Core",RX-78TQICKF9,high
gpu,Xfx,"XFX Swift",RX-97GRE29B7,high
gpu,Zotac,"Zotac Twin Edge OC",ZT-B50610H-10M,high
gpu,Nvidia,"NVIDIA Founders Edition",900-1G160-2565-000,high
gpu,Zotac,"Zotac GAMING SOLO",ZT-B50600G-10L,high
gpu,Xfx,"XFX Speedster QICK 319 Core",RX-675XYJFDP,high
gpu,Xfx,"XFX Speedster SWFT 319",RX-68XLAQFD9,high
gpu,Nvidia,"NVIDIA Founders Edition",9001G4132500001,high
gpu,Nvidia,"NVIDIA Founders Edition",900-1G136-2555-000,high
gpu,EVGA,"EVGA XC GAMING",12G-P5-3657-KR,high
gpu,Xfx,"XFX Speedster MERC 319 Black",RX-78TMERCB9,high
gpu,Zotac,"Zotac GAMING Twin Edge",ZT-B50700E-10P,high
gpu,EVGA,"EVGA SC GAMING ACX 3.0",08G-P4-6173-KR,high
gpu,Xfx,"XFX Swift OC",RX-96TSW8GBQ,high
gpu,Xfx,"XFX Speedster MERC 319 CORE",RX-68XTALFD9,high
gpu,Nvidia,"NVIDIA Founders Edition",900-1G150-2530-000,high
gpu,Sapphire,"Sapphire PULSE",11330-02-20G,high
gpu,Xfx,"XFX Speedster QICK 319 BLACK",RX-77TQICKB9,high
gpu,EVGA,"EVGA FTW3 ULTRA GAMING",08G-P5-3767-KR,high
gpu,AMD,"AMD RADEON PRO WX 5100",RADEON-PRO-WX-5100,low
gpu,AMD,"AMD 100-438385",100-438385,low
gpu,PNY,"PNY VCG507012TFXPB1",VCG507012TFXPB1,low
gpu,Zotac,"Zotac GAMING Twin Edge OC",ZT-A30610H-10MLHR,high
gpu,AMD,"AMD 100-300000082",100-300000082,low
gpu,Zotac,"Zotac GAMING SOLID OC",ZT-B50900J-10P,high
gpu,Xfx,"XFX Swift",RX-97GRE29W7,high
gpu,EVGA,"EVGA BLACK GAMING",08G-P4-3081-KR,high
gpu,Zotac,"Zotac Solid Core OC",ZT-B50710Q2-10P,high
gpu,Sapphire,"Sapphire PULSE",11323-02-20G,high
gpu,EVGA,"EVGA XC3 ULTRA GAMING",10G-P5-3885-KR,high
gpu,Nvidia,"NVIDIA 9001G4112520001",9001G4112520001,low
gpu,Sapphire,"Sapphire PULSE",11322-02-20G,high
gpu,Xfx,"XFX Speedster SWFT 210 Core",RX-665X8DFDY,high
gpu,Nvidia,"NVIDIA Founders Edition",9001G1362505000,high
gpu,Intel,"Intel Limited Edition",99AM3D,high
gpu,Zotac,"Zotac Solid OC",ZT-B50800Q-10P,high
gpu,Zotac,"Zotac GAMING Twin Edge OC",ZT-B50700H-10P,high
gpu,Xfx,"XFX Mercury OC Magnetic Air RGB",RX-97TMARGW9,high
gpu,PNY,"PNY VCQP600-PB",VCQP600-PB,low
gpu,Sapphire,"Sapphire NITRO+",11330-01-20G,high
gpu,Xfx,"XFX Quicksilver",RX-97TQICKW9,high
gpu,Sapphire,"Sapphire PULSE",11265-05,high
gpu,Nvidia,"NVIDIA Founders Edition",900-1G160-2540-000,high
gpu,Zotac,"Zotac GAMING SOLID CORE",ZT-B50800D2-10P,high
gpu,Sapphire,"Sapphire NITRO+",11304-02-20G,high
gpu,Zotac,"Zotac Twin Edge",ZT-D40720E-10M,high
gpu,EVGA,"EVGA SC2",11G-P4-6593-KR,high
gpu,PNY,"PNY VERTO OC",VCG4070S12DFXPB1-O,high
gpu,PNY,"PNY OC",VCG509032TFXPB1-O,high
gpu,Zotac,"Zotac GAMING Twin Fan",ZT-T16620F-10L,high
gpu,Xfx,"XFX Speedster MERC 310",RX-79TMERCU9,high
gpu,Xfx,"XFX Mercury OC",RX-96TMERCB9,high
gpu,PNY,"PNY VCG50508SFXPB1",VCG50508SFXPB1,low
gpu,Xfx,"XFX Speedster QICK 319 BLACK",RX-67XTYPBDP,high
gpu,Zotac,"Zotac Twin Edge OC",ZT-D40600H-10M,high
gpu,Sapphire,"Sapphire NITRO+",11293-03-40G,high
gpu,Nvidia,"NVIDIA Founders Edition",GEFORCE-GTX-1060-6GB-FOUNDERS-EDITION,high
gpu,Zotac,"Zotac GAMING SOLID",ZT-B50700D-10P,high
gpu,Zotac,"Zotac GAMING APOCALYPSE OC",ZT-B50800C-10P,high
gpu,EVGA,"EVGA Founders Edition",11G-P4-6390-KR,high
gpu,EVGA,"EVGA BLACK GAMING",08G-P4-3071-KR,high
gpu,Zotac,"Zotac GAMING Low Profile",ZT-B50600L-10L,high
gpu,Sapphire,"Sapphire PURE",11349-02-20G,high
gpu,Nvidia,"NVIDIA Founders Edition",900-1G180-2500-000,high
gpu,PNY,"PNY EPIC-X RGB OC",VCG5060T8TFXXPB1-O,high
gpu,EVGA,"EVGA XC GAMING",08G-P5-3663-KR,high
gpu,PNY,"PNY RTX A-Series",VCNRTXA6000-PB,high
gpu,Xfx,"XFX RX-79GMERCB9",RX-79GMERCB9,low
gpu,EVGA,"EVGA XC3 ULTRA GAMING",08G-P5-3785-KL,high
gpu,Zotac,"Zotac GAMING AMP Extreme INFINITY",ZT-B50800B-10P,high
gpu,Zotac,"Zotac GAMING AMP Extreme INFINITY",ZT-B50900B-10P,high
gpu,AMD,"AMD 100-505999",100-505999,low
gpu,Xfx,"XFX Speedster MERC 319",RX-695XATBD9,high
gpu,EVGA,"EVGA SC GAMING",06G-P4-6163-KR,high
gpu,Zotac,"Zotac GAMING",ZT-T16610F-10L,high
gpu,Sapphire,"Sapphire PULSE",11335-04-20G,high
gpu,PNY,"PNY Founders Edition",VCGGTX1080T11PB-FE,high
gpu,Xfx,"XFX Speedster QICK 308 Black",RX-66XT8LBDQ,high
gpu,Xfx,"XFX Speedster SWFT 210",RX-76TSWFTFP,high
gpu,Zotac,"Zotac GAMING Twin Edge OC",ZT-B50500H-10M,high
gpu,PNY,"PNY VERTO",VCG409024TFXPB1,high
gpu,EVGA,"EVGA SC GAMING ACX 3.0 Black Edition",08G-P4-5671-KR,high
gpu,Zotac,"Zotac GAMING Twin Edge OC",ZT-D40610Q-10M,high
gpu,AMD,"AMD 50th Anniversary",102-D18206,high
gpu,PNY,"PNY VCG50508DFXPB1",VCG50508DFXPB1,low
gpu,PNY,"PNY VERTO",VCG40608DFXPB1,high
gpu,Xfx,"XFX Swift",RX-97GRE29BA,high
gpu,Sapphire,"Sapphire PURE",11330-03-20G,high
gpu,Xfx,"XFX Speedster SWFT 105",RX-64XL4SFG2,high
gpu,EVGA,"EVGA FTW3 ULTRA GAMING",24G-P5-4985-KR,high
gpu,Xfx,"XFX Speedster SWFT 309",RX-67XLKWFDV,high
gpu,Zotac,"Zotac GAMING Trinity OC",ZT-D40710J-10P,high
gpu,Zotac,"Zotac GAMING Trinity OC",ZT-A30800J-10P,high
gpu,AMD,"AMD 100-300000053",100-300000053,low
gpu,Zotac,"Zotac Twin Edge OC",ZT-A30610H-10M,high
gpu,Sapphire,"Sapphire PULSE",11293-01-20G,high
gpu,PNY,"PNY Slim OC",VCG507012DFSXPB1-O,high
gpu,Sapphire,"Sapphire NITRO+",11306-01-20G,high
gpu,PNY,"PNY VCNRTX2000ADA-PB",VCNRTX2000ADA-PB,low
gpu,Zotac,"Zotac GAMING",ZT-T16600F-10L,high
gpu,Zotac,"Zotac GAMING Twin Edge OC",ZT-A30700H-10P,high
gpu,PNY,"PNY EPIC-X RGB OC",VCG509032TFXXPB1-O,high
gpu,PNY,"PNY EPIC-X RGB Triple Fan Plus OC",VCG5071T16TFXXPB1-O,high
gpu,Zotac,"Zotac GAMING Twin Edge OC",ZT-B50620Q-10M,high
gpu,Sapphire,"Sapphire PULSE",11319-03-20G,high
gpu,Xfx,"XFX Swift OC",RX-96TS316BA,high
gpu,Zotac,"Zotac GAMING SOLID CORE OC",ZT-B50710J2-10P,high
gpu,PNY,"PNY VCQP620-PB",VCQP620-PB,low
gpu,Sapphire,"Sapphire PULSE",11339-04-20G,high
gpu,Nvidia,"NVIDIA Founders Edition",900-1G180-2540-000,high
gpu,PNY,"PNY VERTO",VCG4070T12TFXPB1,high
gpu,Nvidia,"NVIDIA Founders Edition",900-1G611-2550-000,high
gpu,Sapphire,"Sapphire NITRO+",11265-01,high
gpu,PNY,"PNY Slim OC",VCG5070T16DFSXPB1-O,high
gpu,Xfx,"XFX Quicksilver Magnetic Air",RX-97TMAQKW9,high
gpu,Nvidia,"NVIDIA TITAN RTX",900-1G150-2500-000-SB,high
gpu,PNY,"PNY VERTO OC",VCG4080S16TFXPB1-O,high
gpu,Nvidia,"NVIDIA Founders Edition",900-1G411-2510-000,high
gpu,Xfx,"XFX Swift",RX-97TSWF3BA,high
gpu,Intel,"Intel Limited Edition",99AK3T,high
gpu,Xfx,"XFX RX-570P8DFD6",RX-570P8DFD6,low
gpu,Zotac,"Zotac GAMING Trinity OC",ZT-A30900J-10P,high
gpu,Zotac,"Zotac GAMING AMP",ZT-B50700FQ-10P,high
gpu,PNY,"PNY Triple Fan Plus OC",VCG5071T16TFXPB1-O,high
gpu,AMD,"AMD RADEON PRO WX 7100",RADEON-PRO-WX-7100,low
gpu,Zotac,"Zotac GAMING AMP Holo",ZT-A30710F-10P,high
gpu,EVGA,"EVGA FTW3 ULTRA GAMING",12G-P5-4877-KL,high
gpu,PNY,"PNY RTX A-Series",VCNRTXA4000-PB,high
gpu,Zotac,"Zotac GAMING SOLO",ZT-A30510G-10L,high
gpu,PNY,"PNY VCQRTX4000-PB",VCQRTX4000-PB,low
gpu,Zotac,"Zotac GAMING AMP Extreme INFINITY",ZT-B50710B-10P,high
gpu,Xfx,"XFX Speedster SWFT 210",RX-66XT8DFDQ,high
gpu,AMD,"AMD Midnight Black",100-438400,high
gpu,Xfx,"XFX Speedster SWFT 210 Core",RX-77TSWFTFP,high
gpu,EVGA,"EVGA FTW3 ULTRA GAMING",08G-P5-3667-KL,high
gpu,AMD,"AMD 100-300000074",100-300000074,low
gpu,Sapphire,"Sapphire NITRO+",11349-01-20G,high
gpu,Nvidia,"NVIDIA Founders Edition",900-1G160-2550-000,high
gpu,AMD,"AMD 100-506095",100-506095,low
gpu,AMD,"AMD RADEON PRO WX 4100",RADEON-PRO-WX-4100,low
gpu,Zotac,"Zotac GAMING SOLO",ZT-D40600G-10L,high
gpu,Nvidia,"NVIDIA 9001G4012510000",9001G4012510000,low
gpu,AMD,"AMD 100-438412",100-438412,low
gpu,Sapphire,"Sapphire PURE",11335-03-20G,high
gpu,EVGA,"EVGA FTW3 ULTRA GAMING LHR",10G-P5-3897-KL,high
gpu,Xfx,"XFX THICC III Ultra",RX-57XT8TBD8,high
gpu,AMD,"AMD 100-300000071",100-300000071,low
gpu,Xfx,"XFX GTS",RX-580P8DBD6,high
gpu,PNY,"PNY XLR8 Gaming VERTO EPIC-X RGB OC",VCG408016TFXXPB1-O,high
gpu,AMD,"AMD 100-506115",100-506115,low
gpu,PNY,"PNY VCQRTX8000-PB",VCQRTX8000-PB,low
gpu,Zotac,"Zotac GAMING AMP",ZT-A30600F-10P,high
gpu,Xfx,"XFX FATBOY OC+",RX-590P8DFD6,high
gpu,Zotac,"Zotac GAMING AMP",ZT-B50600F-10M,high
gpu,Xfx,"XFX Mercury",RX-97TMERCB9,high
gpu,Zotac,"Zotac GAMING Twin Edge OC",ZT-A30700H-10PLHR,high
gpu,Xfx,"XFX Speedster MERC 319 Black",RX-675XYTBDP,high
gpu,Sapphire,"Sapphire NITRO+",11309-01-20G,high
gpu,Zotac,"Zotac GAMING SOLID OC",ZT-B50900Q-10P,high
gpu,EVGA,"EVGA SC ULTRA GAMING",06G-P4-1667-KR,high
gpu,Xfx,"XFX Speedster MERC 319 Black",RX-69XTATBD9,high
gpu,EVGA,"EVGA XC3 ULTRA GAMING iCX3",12G-P5-3955-KR,high
gpu,EVGA,"EVGA XC ULTRA GAMING",08G-P4-3173-KR,high
gpu,EVGA,"EVGA FTW GAMING ACX 3.0",08GP46286,high
gpu,Sapphire,"Sapphire PULSE",11309-03-20G,high
gpu,Sapphire,"Sapphire PULSE",11296-01-20G,high
gpu,PNY,"PNY VCNRTX4500ADA-PB",VCNRTX4500ADA-PB,low
gpu,Zotac,"Zotac GAMING Trinity",ZT-D40730D-10P,high
gpu,Zotac,"Zotac ZT-71310-10L",ZT-71310-10L,low
gpu,PNY,"PNY VCNRTX4000ADA-PB",VCNRTX4000ADA-PB,low
gpu,Zotac,"Zotac GAMING SOLID",ZT-B50900D-10P,high
gpu,Zotac,"Zotac GAMING Trinity OC",ZT-D40730Q-10P,high
gpu,PNY,"PNY Dual Fan",VCG5060T16DFXPB1,high
gpu,PNY,"PNY XLR8",VCGGTX1080T11PB-OC2,high
gpu,PNY,"PNY XLR8 Gaming VERTO EPIC-X RGB OC",VCG4070S12TFXXPB1-O,high
gpu,EVGA,"EVGA ACX 2.0",04GP42972KR,high
gpu,PNY,"PNY VCQP400-PB",VCQP400-PB,low
gpu,Xfx,"XFX Speedster SWFT 210 Core",RX-78TSWFTFP,high
gpu,EVGA,"EVGA XC ULTRA GAMING",08G-P4-2183-KR,high
gpu,AMD,"AMD ‎100-438373",100-438373,low
gpu,PNY,"PNY XLR8 Gaming VERTO EPIC-X RGB",VCG4070T12TFXXPB1,high
gpu,PNY,"PNY VCGGTX580XPB",VCGGTX580XPB,low
gpu,PNY,"PNY VCG16606SSFPPB",VCG16606SSFPPB,low
gpu,PNY,"PNY XLR8 Gaming VERTO EPIC-X RGB",VCG408016TFXXPB1,high
gpu,Zotac,"Zotac MINI",ZT-P10700G-10M,high
gpu,EVGA,"EVGA SSC GAMING ACX 3.0",04G-P4-6255-KR,high
gpu,Zotac,"Zotac MINI",ZT-T20610E-10M,high
gpu,Xfx,"XFX Swift OC",RX-96TSW8GBA,high
gpu,Nvidia,"NVIDIA 9001G4012500000",9001G4012500000,low
gpu,AMD,"AMD 100-438378",100-438378,low
gpu,PNY,"PNY VCG5070T16TFXPB1",VCG5070T16TFXPB1,low
gpu,Zotac,"Zotac GAMING Trinity",ZT-A30710D-10P,high
gpu,EVGA,"EVGA 03G-P4-6160-KR",03G-P4-6160,low
gpu,Zotac,"Zotac GAMING APOCALYPSE OC",ZT-B50710C-10P,high
gpu,EVGA,"EVGA XC ULTRA GAMING",11G-P4-2383-KR,high
gpu,Sapphire,"Sapphire NITRO+",100411NT4G-2L,high
gpu,Zotac,"Zotac GAMING OC",ZT-T16520F-10L,high
gpu,Sapphire,"Sapphire 21323-01-20G",21323-01-20G,low
gpu,Zotac,"Zotac MINI",ZT-P10600A-10L,high
gpu,Zotac,"Zotac GAMING AMP",ZT-T20600D-10M,high
gpu,Sapphire,"Sapphire NITRO+",11323-01-20G,high
gpu,PNY,"PNY VCQRTX6000-PB",VCQRTX6000-PB,low
gpu,Nvidia,"NVIDIA 900-5G153-2250-000",900-5G153-2250-000,low
gpu,PNY,"PNY VCQP1000-PB",VCQP1000-PB,low
gpu,PNY,"PNY VCNRTXPRO4500B-PB",VCNRTXPRO4500B-PB,low
gpu,PNY,"PNY VERTO",VCG4060T8DFXPB1,high
gpu,Xfx,"XFX Quicksilver Magnetic Air",RX-97TMAQKB9,high
gpu,PNY,"PNY VCGGTX1070T8PB-CG",VCGGTX1070T8PB-CG,low
gpu,EVGA,"EVGA SC GAMING",06G-P4-2062-KR,high
gpu,Zotac,"Zotac GAMING Twin Edge OC",ZT-D40600Q-10M,high
gpu,EVGA,"EVGA XC3 ULTRA GAMING",24G-P5-3975-KR,high
gpu,PNY,"PNY Blower",VCG2080T11BLMPB,high
gpu,Sapphire,"Sapphire PULSE",11325-04-20G,high
gpu,EVGA,"EVGA XC GAMING",08G-P5-3553-KR,high
gpu,PNY,"PNY VCQRTX5000-PB",VCQRTX5000-PB,low
gpu,AMD,"AMD 100-300000077",100-300000077,low
gpu,Zotac,"Zotac GAMING AMP",ZT-B50620F-10M,high
gpu,Xfx,"XFX Speedster SWFT 319",RX-68XTAQFD9,high
gpu,Zotac,"Zotac GAMING",ZT-T20600H-10M,high
gpu,Xfx,"XFX Speedster MERC 319 Black",RX-67XTYTBDP,high
gpu,Sapphire,"Sapphire PULSE Low Profile",11315-01-20G,high
gpu,Zotac,"Zotac Twin Edge",ZT-B50610E-10M,high
gpu,Nvidia,"NVIDIA 900-5G153-2570-000",900-5G153-2570-000,low
gpu,Zotac,"Zotac GAMING ARCTICSTORM AIO",ZT-B50900K-30P,high
gpu,EVGA,"EVGA XC3 BLACK GAMING",08G-P5-3751-KR,high
gpu,EVGA,"EVGA SC GAMING ACX 2.0",04G-P4-6253-KR,high
gpu,EVGA,"EVGA Black",08G-P4-1071-KR,high
gpu,Zotac,"Zotac GAMING Twin Edge OC White Edition",ZT-A30700J-10PLHR,high
gpu,EVGA,"EVGA XC GAMING",08G-P5-3663-KL,high
gpu,PNY,"PNY VERTO OC",VCG4070TS16TFXPB1-O,high
gpu,Zotac,"Zotac MINI",ZT-P10510A-10L,high
gpu,Zotac,"Zotac GAMING Twin Edge",ZT-A30500E-10M,high
gpu,PNY,"PNY VCNRTX5000ADA-PB",VCNRTX5000ADA-PB,low
gpu,Xfx,"XFX Triple Dissipation",RX-57XT83LD8,high
gpu,Zotac,"Zotac GAMING AMP",ZT-A30610F-10PLHR,high
gpu,Sapphire,"Sapphire 21322-01-20G",21322-01-20G,low
gpu,Xfx,"XFX Speedster QICK 210",RX-65XT4DBDQ,high
gpu,Xfx,"XFX Speedster SWFT 210 Core",RX-665X8DFDR,high
gpu,Zotac,"Zotac SOLID SFF",ZT-B50710D3-10P,high
gpu,PNY,"PNY VCQP2000-PB",VCQP2000-PB,low
gpu,Zotac,"Zotac ZT-P10300A-10L",ZT-P10300A-10L,low
gpu,Sapphire,"Sapphire NITRO+",11335-02-20G,high
gpu,EVGA,"EVGA iCX GAMING",11G-P4-6591-KR,high
gpu,Sapphire,"Sapphire NITRO+ SE",11308-03-20G,high
gpu,AMD,"AMD FirePro W9100",100505725,high
gpu,AMD,"AMD 100-300000078",100-300000078,low
gpu,EVGA,"EVGA SC ULTRA GAMING",06G-P4-1067-KR,high
gpu,Xfx,"XFX RAW II",RX-57XT8OFF6,high
gpu,Nvidia,"NVIDIA Star Wars Jedi Order",900-1G611-2531-000,high
gpu,EVGA,"EVGA 01G-P3-2711-KR",01GP32711KR,high
gpu,AMD,"AMD 100-505724",100505724,high
gpu,Xfx,"XFX Speedster SWFT 210 Core 2",RX-78TSWFTFA,high
gpu,EVGA,"EVGA XC GAMING",08G-P4-3172-KR,high
gpu,EVGA,"EVGA FTW3 ULTRA GAMING iCX3",08G-P5-3667-KR,high
gpu,Sapphire,"Sapphire PULSE",11276-02-40G,high
gpu,EVGA,"EVGA XC GAMING",08G-P4-2172-KR,high
gpu,EVGA,"EVGA SSC ACX 2.0+",04GP43966KR,high
gpu,EVGA,"EVGA FTW3 ELITE GAMING",11G-P4-6796-K1,high
gpu,Sapphire,"Sapphire NITRO+ SE",11289-01-20G,high
gpu,Zotac,"Zotac GAMING Twin Fan",ZT-T20710F-10P,high
gpu,PNY,"PNY RTX A-Series",VCNRTXA4500-PB,high
gpu,Xfx,"XFX Speedster MERC 310",RX-79TMERCW9,high
gpu,EVGA,"EVGA Superclocked ACX 2.0",04GP42983KR,high
gpu,Sapphire,"Sapphire PURE",11325-03-20G,high
gpu,Nvidia,"NVIDIA 900-5G147-2570-000",900-5G147-2570-000,low
gpu,Nvidia,"NVIDIA 900-1G611-2500-000",900-1G611-2500-000,low
gpu,EVGA,"EVGA SC Black Edition",11G-P4-6393-KR,high
gpu,Sapphire,"Sapphire 21330-01-20G",21330-01-20G,low
gpu,PNY,"PNY VERTO",VCG30608DFBPB1,high
gpu,Sapphire,"Sapphire PULSE",11289-06-20G,high
gpu,PNY,"PNY VCQM4000-PB",VCQM4000PB,high
gpu,Xfx,"XFX GTS",RX-580P828D6,high
gpu,Zotac,"Zotac MINI",ZT-P10710G-10P,high
gpu,Zotac,"Zotac GAMING Twin Edge",ZT-D40620E-10M,high
gpu,PNY,"PNY VCQK4200-PB",VCQK4200PB,high
gpu,EVGA,"EVGA SSC GAMING",06G-P4-6264-KR,high
gpu,EVGA,"EVGA SSC ACX 2.0+",04GP43975KR,high
gpu,AMD,"AMD 100-506208",100-506208,low
gpu,Sapphire,"Sapphire NITRO+",11266-09-20G,high
gpu,EVGA,"EVGA FTW3 GAMING",08G-P5-3765-KR,high
gpu,PNY,"PNY VCQP5000-PB",VCQP5000-PB,low
gpu,PNY,"PNY RTX A-Series",VCNRTXA2000-PB,high
gpu,PNY,"PNY VCQ420NVS-X1-DVI-PB",VCQ420NVSX1DVIPB,high
gpu,Xfx,"XFX Mercury OC RGB V2",RX-97TRGBBBA,high
gpu,EVGA,"EVGA 02G-P4-2963-KR",02GP42963KR,high
gpu,EVGA,"EVGA Black",11G-P4-2281-KR,high
gpu,Zotac,"Zotac AMP",ZT-P10600B-10M,high
gpu,Zotac,"Zotac AMP Extreme",ZT-P10810C-10P,high
gpu,Sapphire,"Sapphire PULSE",11266-04-20G,high
gpu,AMD,"AMD 100-438370",100-438370,low
gpu,EVGA,"EVGA SC ULTRA GAMING",04G-P4-1357-KR,high
gpu,EVGA,"EVGA Superclocked",02GP42951KR,high
gpu,PNY,"PNY RTX A-Series",VCNRTXA5000-PB,high
gpu,Xfx,"XFX Swift OC",RX-96TS38GB7,high
gpu,Nvidia,"NVIDIA 900-1G500-2500-000",900-1G500-2500-000,low
gpu,Zotac,"Zotac GAMING",ZT-A30710Q-10P,high
gpu,EVGA,"EVGA SC GAMING",03G-P4-6162,high
gpu,EVGA,"EVGA FTW3 ULTRA GAMING",08G-P4-3287-KR,high
gpu,PNY,"PNY XLR8 Gaming VERTO EPIC-X RGB",VCG40608TFXXPB1,high
gpu,AMD,"AMD 100-300000006",100-300000006,low
gpu,Sapphire,"Sapphire NITRO+",11308-01-20G,high
gpu,Xfx,"XFX RX-79XMBABF9",RX-79XMBABF9,low
gpu,PNY,"PNY VCNRTXA400LP-PB",VCNRTXA400LP-PB,low
gpu,EVGA,"EVGA 02G-P4-2645-KR",02GP42645KR,high
gpu,AMD,"AMD 100-506157",100-506157,low
gpu,EVGA,"EVGA FTW3 GAMING",24G-P5-4983-KR,high
gpu,EVGA,"EVGA SC2 Gaming iCX",08G-P4-6583-KR,high
gpu,PNY,"PNY XLR8 Gaming REVEL EPIC-X RGB",VCG308010TFXPPB,high
gpu,Sapphire,"Sapphire NITRO+",11305-01-20G,high
gpu,PNY,"PNY Dual Fan",VCG5060T8DFXPB1,high
gpu,PNY,"PNY XLR8 Gaming VERTO EPIC-X RGB OC",VCG409024TFXXPB1-O,high
gpu,Zotac,"Zotac GAMING AMP Holo",ZT-A30800F-10P,high
gpu,Zotac,"Zotac GAMING Twin Edge",ZT-A30610E-10MLHR,high
gpu,EVGA,"EVGA XC3 ULTRA GAMING iCX3",08G-P5-3755-KL,high
gpu,EVGA,"EVGA SC GAMING ACX 3.0",08GP46183,high
gpu,Nvidia,"NVIDIA Star Wars Galactic Empire",900-1G611-2532-000,high
gpu,Zotac,"Zotac GAMING Twin Edge OC",ZT-B50500Q-10M,high
gpu,EVGA,"EVGA FTW2 GAMING iCX",08G-P4-6775-KR,high
gpu,Xfx,"XFX Dual Fan Wolf",RX-97TSWF2B7,high
gpu,PNY,"PNY VCQM6000-24GB-PB",VCQM600024GBPB,high
gpu,EVGA,"EVGA GeForce RTX 2060 SC Ultra GAMING",06G-P4-2067-KR,high
gpu,AMD,"AMD 100-506085",100-506085,low
gpu,Zotac,"Zotac ZT-50901-10M",ZT5090110M,high
gpu,Zotac,"Zotac Blower",ZT-T20810A-10P,high
gpu,Xfx,"XFX Speedster QICK 319 Ultra",RX-675XYLUDP,high
gpu,PNY,"PNY VCQM2000-PB",VCQM2000-PB,low
gpu,Zotac,"Zotac MINI",ZT-P10610A-10L,high
gpu,Zotac,"Zotac MINI",ZT-P10810G-10P,high
gpu,Zotac,"Zotac GAMING Twin Edge",ZT-A30700E-10P,high
gpu,Zotac,"Zotac GAMING SOLID OC",ZT-B50710J-10P,high
gpu,Zotac,"Zotac MINI",ZT-P10800H-10P,high
gpu,Zotac,"Zotac GAMING AMP",ZT-T20800D-10P,high
gpu,Zotac,"Zotac Twin Edge OC",ZT-A30700J-10P,high
gpu,EVGA,"EVGA Superclocked+ ACX 2.0+",06GP44995KR,high
gpu,Sapphire,"Sapphire NITRO+",11260-01-20G,high
gpu,Xfx,"XFX THICC II Pro",RX-56XT6DF46,high
gpu,EVGA,"EVGA XC3 ULTRA GAMING",12G-P5-4865-KL,high
gpu,Sapphire,"Sapphire PULSE",11314-01-20G,high
gpu,EVGA,"EVGA Superclocked",02GP43753KR,high
gpu,PNY,"PNY VCGGTX10606PB",VCGGTX10606PB,low
gpu,PNY,"PNY XLR8 Gaming VERTO OC",VCG4060T16DFXPB1-O,high
gpu,Xfx,"XFX Mercury Magnetic Air",RX-79XMAIRB9,high
gpu,Sapphire,"Sapphire PURE Frostpunk 2 Edition",11335-08-50G,high
gpu,EVGA,"EVGA 512-P3-N871-AR",512P3N871AR,high
gpu,EVGA,"EVGA HYBRID GAMING",08G-P4-6178-KR,high
gpu,PNY,"PNY VCQ5000-PB",VCQ5000PB,high
gpu,PNY,"PNY Blower",VCG20808SBLMPB,high
gpu,Xfx,"XFX RS XXX",RX-570P427D6,high
gpu,Sapphire,"Sapphire NITRO+",11265-21-20G,high
gpu,EVGA,"EVGA XC GAMING",06G-P4-1263-KR,high
gpu,EVGA,"EVGA FTW3 ULTRA GAMING",08G-P4-3277-KR,high
gpu,Zotac,"Zotac GAMING Trinity OC",ZT-D40900J-10P,high
gpu,Zotac,"Zotac GAMING Twin Edge OC",ZT-D40720Q-10M,high
gpu,PNY,"PNY EPIC-X RGB Triple Fan Plus",VCG5071T16TFXXPB1,high
gpu,Zotac,"Zotac GAMING SOLID",ZT-B50800D-10P,high
gpu,Sapphire,"Sapphire PULSE",11268-01-20G,high
gpu,EVGA,"EVGA FTW3 GAMING",10G-P5-3895-KR,high
gpu,EVGA,"EVGA XC ULTRA GAMING",08G-P4-3183-KR,high
gpu,Zotac,"Zotac GAMING AMP Holo",ZT-A30810F-10P,high
gpu,EVGA,"EVGA XC GAMING",12G-P4-2263-KR,high
gpu,Zotac,"Zotac GAMING Trinity OC",ZT-D40900Q-10P,high
gpu,AMD,"AMD 100-300000075",100-300000075,low
gpu,EVGA,"EVGA XC3 BLACK GAMING",10G-P5-3881-KR,high
gpu,AMD,"AMD 100-506061",100-506061,low
gpu,Xfx,"XFX DD Ultra",RX-57XL8LBD6,high
gpu,Zotac,"Zotac GAMING AMP",ZT-D40820F-10P,high
gpu,Zotac,"Zotac GAMING Twin Edge OC",ZT-B50700Q-10P,high
gpu,Sapphire,"Sapphire PULSE",11265-09,high
gpu,Xfx,"XFX Speedster QICK 319 Core",RX-78TQICKW9,high
gpu,EVGA,"EVGA 01G-P3-1526-KR",01GP31526KR,high
gpu,Nvidia,"NVIDIA 900-5G195-2250-000",900-5G195-2250-000,low
gpu,EVGA,"EVGA Superclocked",02GP42962KR,high
gpu,Nvidia,"NVIDIA 900-1G611-2530-000",900-1G611-2530-000,low
gpu,Sapphire,"Sapphire NITRO+",11317-02-20G,high
gpu,EVGA,"EVGA GAMING",08G-P4-5170-KR,high
gpu,PNY,"PNY XLR8 Gaming REVEL EPIC-X RGB Dual Fan",VCG306012DFXPPB,high
gpu,EVGA,"EVGA ACX 2.0",02G-P4-6150-KR,high
gpu,EVGA,"EVGA XC BLACK GAMING",12G-P5-3655-KR,high
gpu,Nvidia,"NVIDIA 900120052500000",900120052500000,low
gpu,EVGA,"EVGA ACX 2.0",04G-P4-6251-KR,high
gpu,Zotac,"Zotac GAMING Twin Fan",ZT-T16510F-10L,high
gpu,Sapphire,"Sapphire PULSE",11266-66-20G,high
gpu,EVGA,"EVGA XC3 GAMING",08G-P5-3753-KR,high
gpu,Xfx,"XFX Speedster MERC 308 Black",RX-665X8TBDY,high
gpu,EVGA,"EVGA XC BLACK GAMING",06G-P4-1161-KR,high
gpu,PNY,"PNY VERTO OC",VCG4060T8DFXPB1-O,high
gpu,Zotac,"Zotac Twin Edge OC",ZT-D40700H-10M,high
gpu,Zotac,"Zotac GAMING SOLO",ZT-A30500G-10L,high
gpu,PNY,"PNY VCQP2200-SB",VCQP2200-SB,low
gpu,Zotac,"Zotac GAMING Trinity",ZT-A30900D-10P,high
gpu,PNY,"PNY T-Series",VCNT4004GB-PB,high
gpu,PNY,"PNY XLR8 Gaming EPIC-X RGB",VCG309024TFXMPB,high
gpu,PNY,"PNY XLR8 Gaming REVEL EPIC-X RGB",VCG3070T8TFXPPB,high
gpu,Zotac,"Zotac GAMING SOLID OC",ZT-D40730RC-10P,high
gpu,Zotac,"Zotac GAMING AMP",ZT-T20810D-10P,high
gpu,EVGA,"EVGA SC2 Gaming iCX",08G-P4-6573-KR,high
gpu,PNY,"PNY XLR8 Gaming REVEL EPIC-X RGB",VCG3080T12TFXPPB,high
gpu,PNY,"PNY VERTO",VCG30508DFBPB1,high
gpu,Sapphire,"Sapphire Toxic Extreme Edition",11308-08-20G,high
gpu,PNY,"PNY VERTO",VCG306012DFBPB1,high
gpu,Zotac,"Zotac GAMING SOLID CORE",ZT-B50710D2-10P,high
gpu,EVGA,"EVGA SSC DT",06G-P4-6265-KR,high
gpu,PNY,"PNY XLR8 Gaming REVEL EPIC-X RGB",VCG3060T8DFXPPB,high
gpu,EVGA,"EVGA XC3 GAMING",08G-P5-3783-KL,high
gpu,Xfx,"XFX Speedster QICK 308 ULTRA",RX-665X8LUDY,high
gpu,PNY,"PNY VCQK1200DP-PB",VCQK1200DPPB,high
gpu,EVGA,"EVGA Superclocked",02GP42742KR,high
gpu,PNY,"PNY T-Series",VCNT10008GB-PB,high
gpu,Zotac,"Zotac AMP",ZT-P10810D-10P,high
gpu,Zotac,"Zotac GAMING",ZT-T20820F-10P,high
gpu,Zotac,"Zotac GAMING AMP",ZT-T16620D-10M,high
gpu,PNY,"PNY VCQ410-PB",VCQ410PB,high
gpu,PNY,"PNY Slim",VCG508016DFSXPB1,high
gpu,PNY,"PNY VERTO",VCG408016TFXPB1,high
gpu,Zotac,"Zotac ZT-52FPC2N-HSL",ZT52FPC2NHSL,high
gpu,EVGA,"EVGA HYBRID",12GP41999KR,high
gpu,EVGA,"EVGA SC GAMING ACX 3.0 Black Edition",08G-P4-5173-KR,high
gpu,Zotac,"Zotac ZT-P10620A-10M",ZT-P10620A-10M,low
gpu,Sapphire,"Sapphire PULSE",11295-01-20G,high
gpu,Zotac,"Zotac Trinity Black Edition",ZT-D40720D-10P,high
gpu,EVGA,"EVGA 01G-P3-1302-LR",01GP31302LR,high
gpu,PNY,"PNY XLR8 Gaming VERTO EPIC-X RGB",VCG4060T8TFXXPB1,high
gpu,EVGA,"EVGA XC GAMING",11G-P4-2382-KR,high
gpu,PNY,"PNY VCQK620-PB",VCQK620PB,high
gpu,AMD,"AMD 100-506189",100-506189100-506189,high
gpu,Corsair,"Corsair CB-9060011-WW",CB-9060011-WW,low
gpu,Zotac,"Zotac GAMING Twin Edge OC",ZT-D40700Q-10M,high
gpu,AMD,"AMD 100-505957",100-505957,low
gpu,PNY,"PNY XLR8 Gaming REVEL EPIC-X RGB",VCG30508DFXPPB,high
gpu,PNY,"PNY VCQGV100-PB",VCQGV100-PB,low
gpu,PNY,"PNY VCQP6000-PB",VCQP6000-PB,low
gpu,Sapphire,"Sapphire NITRO+ SE",11293-05-40G,high
gpu,PNY,"PNY VCNRTXPRO4000LP-PB",VCNRTXPRO4000LP-PB,low
gpu,EVGA,"EVGA Superclocked ACX 2.0",04GP42974KR,high
gpu,Zotac,"Zotac AMP Extreme",ZT-P10700B-10P,high
gpu,EVGA,"EVGA XC ULTRA GAMING",08G-P4-2173-KR,high
gpu,Xfx,"XFX Speedster SWFT 319",RX-69XTAQFD9,high
gpu,Sapphire,"Sapphire PULSE",11318-03-20G,high
gpu,Xfx,"XFX GTS XXX Edition",RX-580P8DFDA,high
gpu,Zotac,"Zotac GAMING Twin Edge",ZT-A30620J-10P,high
gpu,Zotac,"Zotac GAMING AMP Extreme INFINITY ULTRA",ZT-B50710BU-10P,high
gpu,AMD,"AMD FirePro W9000",100505859,high
gpu,EVGA,"EVGA FTW3 ULTRA HYBRID GAMING iCX3",12G-P5-3968-KR,high
gpu,EVGA,"EVGA 04G-P4-2690-KR",04GP42690KR,high
gpu,EVGA,"EVGA FTW DT GAMING",08G-P4-6284-KR,high
gpu,Zotac,"Zotac ZT-P10510B-10L",ZT-P10510B-10L,low
gpu,Zotac,"Zotac AMP",ZT-P10710C-10P,high
gpu,Zotac,"Zotac GAMING OC",ZT-T16500F-10L,high
gpu,EVGA,"EVGA SC Ultra Black",06G-P4-1066-KR,high
gpu,Xfx,"XFX THICC II Pro",RX-55XT826D6,high
gpu,PNY,"PNY VCG16504SSFPPB",VCG16504SSFPPB,low
gpu,EVGA,"EVGA XC3 GAMING",12G-P5-3953-KR,high
gpu,Xfx,"XFX Speedster MERC 308 Black",RX-66XT8TBDQ,high
gpu,AMD,"AMD 100-300000069",100-300000069,low
gpu,Xfx,"XFX Speedster SWFT 319 Core",RX-68XLAQFDE,high
gpu,PNY,"PNY VCNRTXA1000LP-PB",VCNRTXA1000LP-PB,low
gpu,PNY,"PNY VCG509032TFXPB1",VCG509032TFXPB1,low
gpu,EVGA,"EVGA FTW ACX 2.0+",02GP42968KR,high
gpu,EVGA,"EVGA 01G-P3-1372-TR",01GP31372TR,high
gpu,EVGA,"EVGA KO GAMING",06G-P4-2066-KR,high
gpu,Zotac,"Zotac GAMING AMP Extreme AIRO",ZT-D40810B-10P,high
gpu,Zotac,"Zotac GAMING",ZT-T20600F-10M,high
gpu,Sapphire,"Sapphire PULSE",11294-01-20G,high
gpu,EVGA,"EVGA XC3 GAMING",10G-P5-3883-KR,high
gpu,PNY,"PNY VCG16504D6DFPPB",VCG16504D6DFPPB,low
gpu,Zotac,"Zotac GAMING Trinity OC",ZT-A30800J-10PLHR,high
gpu,PNY,"PNY XLR8 Gaming VERTO EPIC-X RGB",VCG409024TFXXPB1,high
gpu,Zotac,"Zotac GAMING AMP Holo",ZT-A30700F-10PLHR,high
gpu,PNY,"PNY VCNRTXPRO5000B72-PB",VCNRTXPRO5000B72-PB,low
gpu,EVGA,"EVGA 02G-P3-3733-KR",02GP33733KR,high
gpu,Zotac,"Zotac Blower",ZT-P10810B-10P,high
gpu,Sapphire,"Sapphire NITRO+",11266-14-20G,high
gpu,Xfx,"XFX GTS",RX-580P8DBDR,high
gpu,PNY,"PNY Dual",VCG20608SDFPPB,high
gpu,PNY,"PNY UPRISING",VCG3060T8DFMPB,high
gpu,PNY,"PNY VERTO",VCG3060T8LDFBPB1,high
gpu,Zotac,"Zotac GAMING AMP Spider-Man: Across the Spider-Verse",ZT-D40620F-10SMP,high
gpu,PNY,"PNY T-Series",VCNT600-PB,high
gpu,Intel,"Intel 23P04E00BA",23P04E00BA,low
gpu,Sapphire,"Sapphire PULSE BE",11293-09-20G,high
gpu,Sapphire,"Sapphire NITRO+",11265-00,high
gpu,PNY,"PNY VERTO",VCG3070T8TFBPB1,high
gpu,Zotac,"Zotac GAMING OC Spider-Man: Across The Spider-Verse",ZT-D40600P-10SMP,high
gpu,Zotac,"Zotac GAMING AMP AIRO Spider-Man: Across the Spider-Verse",ZT-D40710F-10SMP,high
gpu,Zotac,"Zotac GAMING SOLID",ZT-D40730R-10P,high
gpu,PNY,"PNY VCGGTX9804XPB-CG",VCGGTX9804XPBCG,high
gpu,PNY,"PNY VCGGTX10708XPB-OC-BB",VCGGTX10708XPB-OC-BB,low
gpu,PNY,"PNY XLR8 Gaming Overclocked Edition",VCG16606SFPPB-O,high
gpu,EVGA,"EVGA SC ULTRA GAMING",04G-P4-1257-KR,high
gpu,EVGA,"EVGA ACX 2.0",04GP42981KR,high
gpu,AMD,"AMD FirePro W5100",100505737,high
gpu,PNY,"PNY VCGGT10302PB",VCGGT10302PB,low
gpu,Zotac,"Zotac AMP Extreme",ZT-T20700B-10P,high
gpu,Sapphire,"Sapphire PULSE Low Profile",11268-09-20G,high
gpu,Zotac,"Zotac GAMING OC MINI",ZT-T20700F-10P,high
gpu,EVGA,"EVGA GAMING",06G-P4-2060-KR,high
gpu,PNY,"PNY XLR8 Gaming Overclocked Edition",VCG20708STFMPB-O,high
gpu,Zotac,"Zotac AMP Core",ZT-T16520J-10L,high
gpu,PNY,"PNY EPIC-X RGB",VCG509032TFXXPB1,high
gpu,PNY,"PNY ARGB EPIC-X RGB",VCG508016TFXXPB1,high
gpu,PNY,"PNY Slim",VCG507012DFSXPB1,high
gpu,EVGA,"EVGA FTW3 ULTRA GAMING iCX3",08G-P5-3767-KL,high
gpu,EVGA,"EVGA 03G-P4-2881-KR",03GP42881KR,high
gpu,EVGA,"EVGA GAMING",08G-P4-5670-KR,high
gpu,PNY,"PNY XLR8 Gaming Overclocked Edition",VCG20708DFPPB-O,high
gpu,AMD,"AMD 100-506163",100-506163,low
gpu,EVGA,"EVGA 01G-P4-2650-KR",01GP42650KR,high
gpu,EVGA,"EVGA Superclocked ACX",02GP43759KB,high
gpu,Xfx,"XFX Black Edition",RX-470P4LDB6,high
gpu,AMD,"AMD 100-506062",100-506062,low
gpu,Xfx,"XFX Quicksilver OC",RX-97QICKBW9,high
gpu,EVGA,"EVGA FTW2 DT Gaming iCX",08G-P4-6684-KR,high
gpu,PNY,"PNY VCG84512D3SPPB",VCG84512D3SPPB,low
gpu,Intel,"Intel 23P6PA00BA",23P6PA00BA,low
gpu,EVGA,"EVGA 01G-P3-1731-KR",01GP31731KR,high
gpu,EVGA,"EVGA XC3 GAMING",24G-P5-3973-KR,high
gpu,Zotac,"Zotac GAMING AMP Holo",ZT-D40730F-10P,high
gpu,Sapphire,"Sapphire NITRO+ PhantomLink Polar",11348-09-20G,high
gpu,Xfx,"XFX DD",R9280XTDFD,high
gpu,EVGA,"EVGA Classified ACX 2.0+",06GP44998KR,high
gpu,Zotac,"Zotac AMP",ZT-P10800C-10P,high
gpu,EVGA,"EVGA FTW GAMING ACX 3.0",04G-P4-6258-KR,high
gpu,Sapphire,"Sapphire NITRO+",11265-07,high
gpu,EVGA,"EVGA FTW3 ELITE GAMING",11G-P4-6797-K2,high
gpu,PNY,"PNY Blower",VCG1660T6BLMPB,high
gpu,EVGA,"EVGA KO GAMING",08G-P4-2072-KR,high
gpu,Zotac,"Zotac GAMING Trinity OC",ZT-A30800K-10P,high
gpu,Sapphire,"Sapphire 11321-03-20G",11321-03-20G,low
gpu,Zotac,"Zotac GAMING Trinity",ZT-D40900D-10P,high
gpu,Zotac,"Zotac GAMING Trinity",ZT-D40710D-10P,high
gpu,Sapphire,"Sapphire PULSE OC",11314-03-20G,high
gpu,EVGA,"EVGA XC BLACK GAMING",12G-P4-2261-KR,high
gpu,Xfx,"XFX Quicksilver Magnetic Air",RX-78TMAIRF9,high
gpu,PNY,"PNY ARGB EPIC-X RGB",VCG5070T16TFXXPB1,high
gpu,PNY,"PNY T-Series",VCNT1000-PB,high
gpu,PNY,"PNY VCNRTXPRO2000-PB",VCNRTXPRO2000-PB,low
gpu,Sapphire,"Sapphire Tri-X",1003622SR,high
gpu,EVGA,"EVGA 02G-P4-3751-KR",02GP43751KR,high
gpu,Xfx,"XFX GTR",RX-480P8DFA6,high
gpu,Xfx,"XFX GTS XXX",RX-580P4DFD6,high
gpu,Sapphire,"Sapphire 21275-03-20G",21275-03-20G,low
gpu,PNY,"PNY Blower",VCG20808BLMPB,high
gpu,Sapphire,"Sapphire PULSE BE",11296-05-20G,high
gpu,PNY,"PNY UPRISING",VCG30708DFMPB,high
gpu,Xfx,"XFX RX-67TMYDFD8",RX-67TMYDFD8,low
gpu,EVGA,"EVGA FTW2 GAMING iCX",08G-P4-6676-KR,high
gpu,EVGA,"EVGA Black",08G-P4-2081-KR,high
gpu,Xfx,"XFX PVT95GZAFG",PVT95GZAFG,low
gpu,EVGA,"EVGA FTW ACX 2.0",02GP42958KR,high
gpu,PNY,"PNY XLR8 Gaming VERTO EPIC-X RGB OC",VCG4070T12TFXXPB1-O,high
gpu,PNY,"PNY VCNRTXPRO5000B-PB",VCNRTXPRO5000B-PB,low
gpu,EVGA,"EVGA SSC GAMING",03G-P4-6167-KR,high
gpu,PNY,"PNY UPRISING",VCG306012DFMPB,high
gpu,PNY,"PNY UPRISING",VCG308012LTFMPB,high
gpu,PNY,"PNY UPRISING",VCG30708LDFMPB,high
gpu,EVGA,"EVGA 012-P3-1570-AR",012P31570AR,high
gpu,EVGA,"EVGA 012-P3-1571-KR",012P31571KR,high
gpu,EVGA,"EVGA 02G-P3-1559-KR",02GP31559KR,high
gpu,EVGA,"EVGA 02G-P4-2678-KR",02GP42678KR,high
gpu,Nvidia,"NVIDIA 900-1G600-2500-00",9001G600250000,high
gpu,EVGA,"EVGA 06G-P4-4990-KR",06GP44990KR,high
gpu,Zotac,"Zotac AMP Extreme",ZT9050510P,high
gpu,EVGA,"EVGA GAMING",06G-P4-6161-KR,high
gpu,Zotac,"Zotac AMP Extreme",ZT-P10800I-10P,high
gpu,AMD,"AMD 100-506048",100-506048,low
gpu,Zotac,"Zotac AMP Extreme",ZT-P10710B-10P,high
gpu,Xfx,"XFX RX-580P427D6",RX-580P427D6,low
gpu,EVGA,"EVGA XC ULTRA GAMING",06G-P4-2167-KR,high
gpu,PNY,"PNY XLR8 Gaming Overclocked Edition",VCG16504SFPPB-O,high
gpu,Sapphire,"Sapphire NITRO+ SE",11304-01-20G,high
gpu,EVGA,"EVGA XC3 BLACK GAMING",08G-P5-3751-KL,high
gpu,Xfx,"XFX Speedster MERC 319",RX-68XLATBD9,high
gpu,EVGA,"EVGA Founders Edition",08GP46180KR,high
gpu,Nvidia,"NVIDIA 900-5G195-2501-000",900-5G195-2501-000,low
gpu,Sapphire,"Sapphire PULSE ITX",11266-37-20G,high
gpu,Xfx,"XFX FX-787A-CDFC",FX787ACDFC,high
gpu,EVGA,"EVGA Superclocked ACX",02GP42765KR,high
gpu,EVGA,"EVGA K|NGP|N",03GP43888KR,high
gpu,PNY,"PNY Enthusiast Edition",VCGGTX750T2XPBOC,high
gpu,PNY,"PNY VCQK2000-PB",VCQK2000PB,high
gpu,EVGA,"EVGA FTW ACX 2.0",04GP42978KR,high
gpu,EVGA,"EVGA FTW ACX 2.0+",06GP44996KR,high
gpu,Sapphire,"Sapphire Dual-X",100384NT4GOC2L,high
gpu,AMD,"AMD 100-505989",100-505989,low
gpu,EVGA,"EVGA FTW+ GAMING",03G-P4-6367,high
gpu,PNY,"PNY VCGGTX10808PB",VCGGTX10808PB,low
gpu,Zotac,"Zotac Founders Edition",ZT-P10810A-10P,high
gpu,Xfx,"XFX GTR-S",RX-580A8DBW6,high
gpu,EVGA,"EVGA K|NGP|N GAMING",11G-P4-6798-KR,high
gpu,EVGA,"EVGA XC GAMING",08G-P4-2182-KR,high
gpu,Xfx,"XFX Black Edition",RX-570P8DBD6,high
gpu,EVGA,"EVGA FTW3 ULTRA GAMING",08G-P4-2287-KR,high
gpu,EVGA,"EVGA XC BLACK EDITION GAMING",08G-P4-1171-KR,high
gpu,Sapphire,"Sapphire 21291-01-40G",21291-01-40G,low
gpu,EVGA,"EVGA FTW3 GAMING",08G-P4-3273-KR,high
gpu,Xfx,"XFX RX-68XTACBD9",RX-68XTACBD9,low
gpu,EVGA,"EVGA FTW3 ULTRA HYBRID GAMING",24G-P5-3988-KR,high
gpu,EVGA,"EVGA XC3 ULTRA GAMING",10G-P5-3885-KL,high
gpu,EVGA,"EVGA XC3 BLACK GAMING",10G-P5-3881-KL,high
gpu,PNY,"PNY XLR8 Gaming REVEL EPIC-X RGB",VCG30508SFXPPB,high
gpu,Sapphire,"Sapphire PULSE LITE EDITION",11304-04-20G,high
gpu,PNY,"PNY XLR8 Gaming REVEL EPIC-X RGB Dual Fan",VCG3060T8LDFXPPB,high
gpu,PNY,"PNY XLR8 Gaming REVEL EPIC-X RGB",VCG308010LTFXPPB,high
gpu,PNY,"PNY RTX A-Series",VCNRTXA5500-PB,high
gpu,Intel,"Intel 23P6PC00BA",23P6PC00BA,low
gpu,Zotac,"Zotac ZT-71302-20L",ZT7130220L,high
gpu,EVGA,"EVGA XC BLACK GAMING",06G-P4-1261-KR,high
gpu,PNY,"PNY T-Series",VCNT400-PB,high
gpu,Sapphire,"Sapphire 100283-3L",1002833L,high
gpu,Zotac,"Zotac ZT-40503-10L",ZT4050310L,high
gpu,PNY,"PNY VCQK6000-PB",VCQK6000PB,high
gpu,Sapphire,"Sapphire NITRO+",11256-02,high
gpu,Sapphire,"Sapphire PULSE",11267-02-20G,high
gpu,EVGA,"EVGA 02G-P4-6333-KR",02G-P4-6333-KR,low
gpu,Zotac,"Zotac ZT-P10510E-10L",ZT-P10510E-10L,low
gpu,EVGA,"EVGA FTW GAMING",02G-P4-6157-KR,high
gpu,Sapphire,"Sapphire 21275-02-20G",21275-02-20G,low
gpu,PNY,"PNY XLR8 Gaming Overclocked Edition",VCGGTX10606XGPB-OC2,high
gpu,PNY,"PNY VCGGT7301D3LXPB-BB",VCGGT7301D3LXPB-BB,low
gpu,Zotac,"Zotac GAMING AMP",ZT-T20700D-10P,high
gpu,EVGA,"EVGA XC BLACK GAMING",06G-P4-2061-KR,high
gpu,PNY,"PNY XLR8 Gaming Overclocked Edition",VCG1660T6SFPPB-O,high
gpu,EVGA,"EVGA GAMING",08G-P4-3080-KR,high
gpu,Zotac,"Zotac GAMING AMP Extreme",ZT-T20610B-10P,high
gpu,EVGA,"EVGA XC ULTRA BLACK GAMING",06G-P4-1265-KR,high
gpu,EVGA,"EVGA FTW3 GAMING",08G-P4-3283-KR,high
gpu,PNY,"PNY XLR8 Gaming UPRISING EPIC-X RGB",VCG3080T12TFXMPB,high
gpu,Xfx,"XFX Speedster MERC 319",RX-69XTACBD9,high
gpu,Xfx,"XFX Speedster QICK 319 Core",RX-68XLALFD9,high
gpu,Xfx,"XFX Thicc III",RX-57XT8TFD8,high
gpu,Zotac,"Zotac GAMING AMP Extreme AIRO",ZT-D40900K-10P,high
gpu,EVGA,"EVGA XC3 BLACK GAMING",12G-P5-4861-KL,high
gpu,PNY,"PNY VCNVS810DVI-PB",VCNVS810DVI-PB,low
gpu,Xfx,"XFX Quicksilver Magnetic Air",RX-79GMAIRW9,high
gpu,PNY,"PNY VCQK5200-PB",VCQK5200PB,high
gpu,EVGA,"EVGA 12G-P4-3990-KR",12GP43990KR,high
gpu,EVGA,"EVGA Superclocked",04GP41982KR,high
gpu,Zotac,"Zotac GAMING SOLID",ZT-B50710D-10P,high
gpu,Zotac,"Zotac ZT-50708-10M",ZT5070810M,high
gpu,EVGA,"EVGA 04G-P4-3685-KR",04GP43685KR,high
gpu,EVGA,"EVGA Superclocked ACX",04GP42768KR,high
gpu,Xfx,"XFX R9-290X ENFC",R9290XENFC,high
gpu,Sapphire,"Sapphire Dual-X",112170420G,high
gpu,EVGA,"EVGA FTW ACX",02GP43757KR,high
gpu,EVGA,"EVGA FTW ACX 2.0+",04GP43968KR,high
gpu,Xfx,"XFX DD",R9390P8256,high
gpu,Sapphire,"Sapphire 21260-00-20G",21260-00-20G,low
gpu,EVGA,"EVGA CLASSIFIED GAMING ACX 3.0",08G-P4-6386-KR,high
gpu,PNY,"PNY VCGGTX10606PB-CG",VCGGTX10606PB-CG,low
gpu,PNY,"PNY XLR8",VCGGTX10708XGPB-OC,high
gpu,EVGA,"EVGA SC GAMING",02G-P4-6152-KR,high
gpu,Xfx,"XFX RS",RX-480P8LFB6,high
gpu,PNY,"PNY VCGGTX1050T4PB",VCGGTX1050T4PB,low
gpu,Sapphire,"Sapphire NITRO",11260-20-20G,high
gpu,EVGA,"EVGA SSC2 GAMING",06G-P4-6667-KR,high
gpu,Xfx,"XFX GTR XXX",RX-580P8DFWR,high
gpu,EVGA,"EVGA SC2 Gaming",08G-P4-6585-KR,high
gpu,Xfx,"XFX RX-550P4LFG5",RX-550P4LFG5,low
gpu,EVGA,"EVGA XC BLACK EDITION GAMING",08G-P4-2082-KR,high
gpu,Zotac,"Zotac Twin",ZT-T20810G-10P,high
gpu,Zotac,"Zotac AMP Extreme",ZT-T20820B-10P,high
gpu,Xfx,"XFX THICC II Ultra",RX-57XT828D6,high
gpu,Sapphire,"Sapphire 11256-57-21G",11256-57-21G,low
gpu,Sapphire,"Sapphire 21305-01-20G",21305-01-20G,low
gpu,Zotac,"Zotac GAMING AMP Core Holo",ZT-A30900C-10P,high
gpu,Zotac,"Zotac AMP Extreme Holo",ZT-A30810B-10P,high
gpu,EVGA,"EVGA FTW3 BLACK GAMING",24G-P5-4981-KR,high
gpu,Zotac,"Zotac AMP Extreme Holo",ZT-A30910J-10P,high
gpu,EVGA,"EVGA FTW3 GAMING iCX3",12G-P5-4875-KL,high
gpu,Xfx,"XFX THICC II Pro",RX-55XT8DFD6,high
gpu,Zotac,"Zotac ZT-70301-10P",ZT7030110P,high
gpu,PNY,"PNY VCQK1200DVI-PB",VCQK1200DVIPB,high
gpu,Sapphire,"Sapphire 21207-00-50G",212070050G,high
gpu,PNY,"PNY ARGB EPIC-X RGB",VCG507012TFXXPB1,high
gpu,Xfx,"XFX HD-467X-ZDFR",HD467XZDFR,high
gpu,PNY,"PNY VCQ4000MAC-PB",VCQ4000MACPB,high
gpu,Xfx,"XFX RX-VEGMLBFX6",RX-VEGMLBFX6,low
gpu,EVGA,"EVGA FTW3 GAMING",11G-P4-2483-KR,high
gpu,Zotac,"Zotac ZT-40101-10P",ZT4010110P,high
gpu,Sapphire,"Sapphire 100292DDR3L",100292DDR3L,low
gpu,Xfx,"XFX PV-T95G-ZNF2",PVT95GZNF2,high
gpu,Zotac,"Zotac ZT-84GED2M-HSL",ZT84GED2MHSL,high
gpu,Zotac,"Zotac ZT-50608-10L",ZT5060810L,high
gpu,EVGA,"EVGA 03G-P3-1594-KR",03GP31594KR,high
gpu,AMD,"AMD 310455937500",310455937500,low
gpu,EVGA,"EVGA Superclocked ACX",03GP42784KR,high
gpu,Sapphire,"Sapphire Tri-X",1003613SR,high
gpu,Zotac,"Zotac ZT-71107-10L",ZT7110710L,high
gpu,PNY,"PNY VCGGTX9604XPB",VCGGTX9604XPB,low
gpu,Zotac,"Zotac AMP",ZT9050310P,high
gpu,Sapphire,"Sapphire NITRO",100384NT4GOCL,high
gpu,EVGA,"EVGA SSC ACX 2.0+",04GP43967KR,high
gpu,EVGA,"EVGA K|NGP|N ACX 2.0+",06GP45998KR,high
gpu,EVGA,"EVGA FTW ACX 2.0+",04GP43969KR,high
gpu,PNY,"PNY Founders Edition",VCGGTX10808PBCG,high
gpu,Sapphire,"Sapphire NITRO+",11260-07,high
gpu,Sapphire,"Sapphire 11256-00",11256-00,low
gpu,EVGA,"EVGA FTW DT GAMING ACX 3.0",08G-P4-6274-KR,high
gpu,PNY,"PNY XLR8 Gaming Overclocked Edition",VCGGTX1080T11XGPB-OC,high
gpu,Zotac,"Zotac ZT-P10500E-10L",ZT-P10500E-10L,low
gpu,Sapphire,"Sapphire 21275-01-20G",21275-01-20G,low
gpu,Sapphire,"Sapphire NITRO+",11275-00-40G,high
gpu,EVGA,"EVGA GAMING",08G-P4-2070-KR,high
gpu,EVGA,"EVGA XC GAMING",08G-P4-3182-KR,high
gpu,Zotac,"Zotac GAMING AMP",ZT-T20820D-10P,high
gpu,EVGA,"EVGA FTW3 ULTRA+",08G-P4-3377-KR,high
gpu,Sapphire,"Sapphire PULSE",11295-03-20G,high
gpu,Zotac,"Zotac GAMING",ZT-T20820H-10P,high
gpu,Xfx,"XFX THICC III Ultra 2",RX-57XT838D8,high
gpu,PNY,"PNY Blower",VCG16606SBLMPB,high
gpu,Sapphire,"Sapphire 21304-01-20g",21304-01-20G,low
gpu,EVGA,"EVGA XC3 ULTRA HYBRID GAMING",24G-P5-3978-KR,high
gpu,Zotac,"Zotac GAMING Trinity",ZT-A30820D-10PLHR,high
gpu,Sapphire,"Sapphire NITRO+",11319-01-20G,high
gpu,Zotac,"Zotac GAMING Twin Edge OC Spider-Man: Across the Spider-Verse",ZT-D40610H-10SMP,high
gpu,PNY,"PNY Slim",VCG5070T16DFSXPB1,high
gpu,PNY,"PNY XLR8 Gaming Overclocked Edition",VCGGTX10606XGPB-OC,high
gpu,AMD,"AMD FirePro V7900 SDI",100505846,high
gpu,PNY,"PNY VCQ295NVS-X16-DVI-PB",VCQ295NVSX16DVIPB,high
gpu,PNY,"PNY VCQM6000-PB",VCQM6000PB,high
gpu,EVGA,"EVGA ACX 3.0",08G-P4-6171-KR,high
gpu,Xfx,"XFX HD-485X-ZDFC",HD485XZDFC,high
gpu,Sapphire,"Sapphire 100283FLEX",100283FLEX,low
gpu,Zotac,"Zotac ZT-50402-10L",ZT5040210L,high
gpu,Zotac,"Zotac ZT-40605-10L",ZT4060510L,high
gpu,Xfx,"XFX FX-797A-TNBC",FX797ATNBC,high
gpu,EVGA,"EVGA 02G-P4-3660-KR",02GP43660KR,high
gpu,Zotac,"Zotac ZT-60901-10M",ZT6090110M,high
gpu,EVGA,"EVGA Superclocked Signature",06GP42793KR,high
gpu,Xfx,"XFX DD",R9290AEDFD,high
gpu,Sapphire,"Sapphire Dual-X",100365L,high
gpu,Sapphire,"Sapphire Vapor-X",112260940G,high
gpu,EVGA,"EVGA FTW ACX",02GP42758KR,high
gpu,EVGA,"EVGA 04G-P4-2980-KR",04GP42980KR,high
gpu,Sapphire,"Sapphire Vapor-X",1003618GVXSR,high
gpu,AMD,"AMD FirePro W2100",100505821,high
gpu,PNY,"PNY VCQK5000-PB",VCQK5000PB,high
gpu,EVGA,"EVGA HYBRID",06GP41996KR,high
gpu,EVGA,"EVGA Superclocked ACX 2.0+",06GP44993KR,high
gpu,Xfx,"XFX DD",R9390X8286,high
gpu,PNY,"PNY VCGGTX9704R2XPB",VCGGTX9704R2XPB,low
gpu,Sapphire,"Sapphire NITRO",112470340G,high
gpu,Zotac,"Zotac ZT-71301-20L",ZT7130120L,high
gpu,EVGA,"EVGA ACX 3.0",08GP46181,high
gpu,Xfx,"XFX GTR",RX-480P8DBA6,high
gpu,Sapphire,"Sapphire NITRO",11257-02,high
gpu,EVGA,"EVGA FTW HYBRID",08G-P4-6278-KR,high
gpu,Sapphire,"Sapphire NITRO+",11260-13,high
gpu,Xfx,"XFX RX-VEGMTBFX6",RX-VEGMTBFX6,low
gpu,PNY,"PNY VCQGP100-PB",VCQGP100-PB,low
gpu,Zotac,"Zotac AMP",ZT-P10610E-10M,high
gpu,Sapphire,"Sapphire NITRO+",11276-01-40G,high
gpu,PNY,"PNY Blower",VCG20708BLMPB,high
gpu,Xfx,"XFX FATBOY",RX-590P8DFDR,high
gpu,Sapphire,"Sapphire 11233-02-20G",11233-02-20G,low
gpu,Xfx,"XFX RX-57XT8MFD6",RX-57XT8MFD6,low
gpu,EVGA,"EVGA XC GAMING",08G-P4-3162-KR,high
gpu,PNY,"PNY Blower",VCG20606BLMPB,high
gpu,Xfx,"XFX THICC II",RX-57XT826D6,high
gpu,Xfx,"XFX THICC II Pro",RX-56XT6DFD6,high
gpu,Sapphire,"Sapphire TOXIC Limited Edition",11317-01-20G,high
gpu,AMD,"AMD 100-435415",100-435415,low
gpu,Xfx,"XFX RX-69TMATFD8",RX-69TMATFD8,low
gpu,Zotac,"Zotac GAMING AMP Holo",ZT-A30800F-10PLHR,high
gpu,Zotac,"Zotac GAMING AMP AIRO",ZT-D40710F-10P,high
gpu,PNY,"PNY Dual",VCG20708SDF2MPB,high
gpu,Sapphire,"Sapphire 21306-01-20G",21306-01-20G,low
gpu,Sapphire,"Sapphire PULSE ITX PURE",11314-04-20G,high
gpu,PNY,"PNY VCQM5000-PB",VCQM5000PB,high
gpu,EVGA,"EVGA Superclocked",02GP43747KR,high
gpu,EVGA,"EVGA Classified ACX 2.0",04GP43988KR,high
gpu,PNY,"PNY VCQK600-PB",VCQK600PB,high
gpu,Sapphire,"Sapphire 100280-4GTXSR",1002804GTXSR,high
gpu,Xfx,"XFX PVT95GYAR2",PVT95GYAR2,low
gpu,Sapphire,"Sapphire 100282TXSR",100282TXSR,low
gpu,PNY,"PNY VCGGTX4601XPB-OC",VCGGTX4601XPBOC,high
gpu,Xfx,"XFX HD-577X-ZNFC",HD577XZNFC,high
gpu,Xfx,"XFX HD-577A-ZNFC",HD577AZNFC,high
gpu,EVGA,"EVGA 01G-P3-1561-AR",01GP31561AR,high
gpu,EVGA,"EVGA 03G-P3-1584-AR",03GP31584AR,high
gpu,Zotac,"Zotac ZT-50103-10P",ZT5010310P,high
gpu,Zotac,"Zotac ZT-50701-10M",ZT5070110M,high
gpu,Xfx,"XFX HD-687A-ZHFC",HD687AZHFC,high
gpu,Xfx,"XFX DD",RX-580P8RFD6,high
gpu,Xfx,"XFX THICC III Pro",RX-56XT6TF48,high
gpu,Xfx,"XFX DD",RX-57XT82LD6,high
gpu,PNY,"PNY XLR8 Gaming UPRISING EPIC-X RGB",VCG3070T8TFXMPB,high
gpu,Zotac,"Zotac GAMING AMP Extreme Holo",ZT-A30820B-10PLHR,high
gpu,EVGA,"EVGA XC BLACK GAMING",08G-P5-3551-KR,high
gpu,Sapphire,"Sapphire 11304-05-10G",11304-05-10G,low
gpu,Sapphire,"Sapphire TOXIC Limited Edition",11308-13-20G,high
gpu,PNY,"PNY XLR8 Gaming UPRISING EPIC-X RGB",VCG308010LTFXMPB,high
gpu,Xfx,"XFX GTR-S Black Edition",RX-580A8DBR6,high
gpu,Sapphire,"Sapphire PULSE",11266-78-20G,high
gpu,Xfx,"XFX THICC II Pro",RX-55XT4DFD6,high
gpu,Xfx,"XFX Triple Dissipation",RX-57XL83LD8,high
gpu,PNY,"PNY LED Verto",VCG4070T12TFWXPB1,high
gpu,PNY,"PNY EPIC-X RGB",VCG5060T8TFXXPB1,high
gpu,PNY,"PNY EPIC-X RGB",VCG5060T16TFXXPB1,high
gpu,EVGA,"EVGA 01G-P4-3655-KR",01GP43655KR,high
gpu,Sapphire,"Sapphire TOXIC Limited Edition",11308-06-20G,high
gpu,EVGA,"EVGA 02G-P4-2663-KR",02GP42663KR,high
gpu,EVGA,"EVGA FTW ACX 2.0",04GP42986KR,high
gpu,Zotac,"Zotac ZT-90401-10P",ZT9040110P,high
gpu,PNY,"PNY XLR8",VCGGTX10808XGPB-OC,high
gpu,Sapphire,"Sapphire 100253HDMI",100253HDMI,low
gpu,EVGA,"EVGA 512-P3-N725-LR",512P3N725LR,high
gpu,Sapphire,"Sapphire 100281VX-2SR",100281VX2SR,high
gpu,Xfx,"XFX HD-485X-ZNFC",HD485XZNFC,high
gpu,Xfx,"XFX PVT98GYAF3",PVT98GYAF3,low
gpu,Sapphire,"Sapphire 100281-3SR",1002813SR,high
gpu,Sapphire,"Sapphire 100282-3SR",1002823SR,high
gpu,Zotac,"Zotac ZT-95TEH3M-FSL",ZT95TEH3MFSL,high
gpu,Xfx,"XFX HD-695A-CNFC",HD695ACNFC,high
gpu,Xfx,"XFX HD-687A-ZNBC",HD687AZNBC,high
gpu,Sapphire,"Sapphire 100315L",100315L,low
gpu,Xfx,"XFX HD-575X-ZNFC",HD575XZNFC,high
gpu,EVGA,"EVGA 768-P3-1362-AR",768P31362AR,high
gpu,Xfx,"XFX HD-587X-ZNFC",HD587XZNFC,high
gpu,Zotac,"Zotac ZT-50303-10M",ZT5030310M,high
gpu,EVGA,"EVGA 128-P2-N428-LR",128P2N428LR,high
gpu,Sapphire,"Sapphire 100314FLEX",100314FLEX,low
gpu,Xfx,"XFX HD-687A-ZDBC",HD687AZDBC,high
gpu,Zotac,"Zotac ZT-40502-10L",ZT4050210L,high
gpu,PNY,"PNY VCGGTX480XPB",VCGGTX480XPB,low
gpu,EVGA,"EVGA 01G-P3-1556-KR",01GP31556KR,high
gpu,Sapphire,"Sapphire 100328L",100328L,low
gpu,PNY,"PNY VCGGT4401XPB",VCGGT4401XPB,low
gpu,EVGA,"EVGA 025-P3-1579-AR",025P31579AR,high
gpu,EVGA,"EVGA 02G-P3-1469-KR",02GP31469KR,high
gpu,Sapphire,"Sapphire 100312-1GDP",1003121GDP,high
gpu,Sapphire,"Sapphire 100326DDR3L",100326DDR3L,low
gpu,Zotac,"Zotac ZT-50706-10M",ZT5070610M,high
gpu,Xfx,"XFX HD-645X-ZQH2",HD645XZQH2,high
gpu,PNY,"PNY VCGG2105XXB",VCGG2105XXB,low
gpu,EVGA,"EVGA 03G-P3-1595-AR",03GP31595AR,high
gpu,Xfx,"XFX FX-787A-CNFC",FX787ACNFC,high
gpu,Zotac,"Zotac ZT-60301-10P",ZT6030110P,high
gpu,EVGA,"EVGA 01G-P3-2631-KR",01GP32631KR,high
gpu,EVGA,"EVGA 04G-P4-2673-KR",04GP42673KR,high
gpu,EVGA,"EVGA 02G-P4-2685-KR",02GP42685KR,high
gpu,Sapphire,"Sapphire Toxic",100351TXSR,high
gpu,Xfx,"XFX FX-787A-CDBC",FX787ACDBC,high
gpu,EVGA,"EVGA 02G-P3-2619-KR",02GP32619KR,high
gpu,Zotac,"Zotac ZT-61002-10M",ZT6100210M,high
gpu,EVGA,"EVGA 02G-P4-2660-KR",02GP42660KR,high
gpu,EVGA,"EVGA FTW+",03GP43668KR,high
gpu,Zotac,"Zotac ZT-50404-10L",ZT5040410L,high
gpu,Sapphire,"Sapphire 100354OC-2L",100354OC2L,high
gpu,Sapphire,"Sapphire 100356L",100356L,low
gpu,PNY,"PNY VCQ450NVS-X16-DVI-PB",VCQ450NVSX16DVIPB,high
gpu,Xfx,"XFX R9-PROD-8VRW",R9PROD8VRW,high
gpu,Xfx,"XFX FX-795A-TDJC",FX795ATDJC,high
gpu,EVGA,"EVGA 01G-P3-1371-TR",01GP31371TR,high
gpu,EVGA,"EVGA 512-P3-1140-TR",512P31140TR,high
gpu,EVGA,"EVGA 512-P3-1153-TR",512P31153TR,high
gpu,Sapphire,"Sapphire 100254HDMI",100254HDMI,low
gpu,Sapphire,"Sapphire 100284L",100284L,low
gpu,Xfx,"XFX HD-455X-YAF2",HD455XYAF2,high
gpu,Zotac,"Zotac ZT-72SEG7N-HSL",ZT72SEG7NHSL,high
gpu,Zotac,"Zotac ZT-40201-10P",ZT4020110P,high
gpu,Sapphire,"Sapphire 100311BFVSR",100311BFVSR,low
gpu,PNY,"PNY VCGGTX570XPB",VCGGTX570XPB,low
gpu,Sapphire,"Sapphire 100314SR",100314SR,low
gpu,Sapphire,"Sapphire 100315TXSR",100315TXSR,low
gpu,Xfx,"XFX HD-465X-ZDF2",HD465XZDF2,high
gpu,Xfx,"XFX HD-587A-CNF9",HD587ACNF9,high
gpu,Xfx,"XFX HD-567X-ZNF3",HD567XZNF3,high
gpu,Xfx,"XFX HD-435X-UAH2",HD435XUAH2,high
gpu,Sapphire,"Sapphire 100292L",100292L,low
gpu,EVGA,"EVGA 01G-P3-1377-TR",01GP31377TR,high
gpu,EVGA,"EVGA 768-P3-1360-RX",768P31360RX,high
gpu,Sapphire,"Sapphire 100282-2GTXSR",1002822GTXSR,high
gpu,EVGA,"EVGA 02G-P3-1386-KR",02GP31386KR,high
gpu,Sapphire,"Sapphire 100291DDR3L",100291DDR3L,low
gpu,Sapphire,"Sapphire 100314VXSR",100314VXSR,low
gpu,Xfx,"XFX HD-687A-ZDFC",HD687AZDFC,high
gpu,Xfx,"XFX HD-695X-ZNFC",HD695XZNFC,high
gpu,Zotac,"Zotac ZT-40603-10L",ZT4060310L,high
gpu,Zotac,"Zotac ZT-40701-10L",ZT4070110L,high
gpu,EVGA,"EVGA 01G-P3-1450-TR",01GP31450TR,high
gpu,EVGA,"EVGA 012-P3-1571-AR",012P31571AR,high
gpu,PNY,"PNY VCGGTX560TXPB-OC2-S",VCGGTX560TXPBOC2S,high
gpu,Zotac,"Zotac ZT-50401-10L",ZT5040110L,high
gpu,Xfx,"XFX HD-695X-CNFC",HD695XCNFC,high
gpu,Zotac,"Zotac ZT-50301-10M",ZT5030110M,high
gpu,Zotac,"Zotac ZT-50302-10M",ZT5030210M,high
gpu,Sapphire,"Sapphire 100289VGAL",100289VGAL,low
gpu,Zotac,"Zotac AMP Omega",ZT9050410P,high
gpu,EVGA,"EVGA Superclocked+ ACX 2.0",04GP42977KR,high
gpu,Zotac,"Zotac ZT-90601-10L",ZT9060110L,high
gpu,Xfx,"XFX R9-390P-8BD6",R9390P8BD6,high
gpu,Xfx,"XFX R9-270X-EDJ4",R9270XEDJ4,high
gpu,EVGA,"EVGA 02G-P3-2713-KR",02GP32713KR,high
gpu,EVGA,"EVGA ACX 2.0+",04GP43965KR,high
gpu,PNY,"PNY VCGGT710XPB",VCGGT710XPB,low
gpu,EVGA,"EVGA 06G-P4-0998-KR",06GP40998KR,high
gpu,Sapphire,"Sapphire 31004-56-40A",310045640A,high
gpu,EVGA,"EVGA 04G-P4-3960-KR",04GP43960KR,high
gpu,EVGA,"EVGA SC GAMING",02G-P4-0956-KR,high
gpu,Xfx,"XFX XXX OC",RX-480M8BFA6,high
gpu,Sapphire,"Sapphire NITRO+",11256-01,high
gpu,Xfx,"XFX Triple Dissipation",RX-470P436BM,high
gpu,EVGA,"EVGA SSC GAMING",02G-P4-6154-KR,high
gpu,EVGA,"EVGA Gaming iCX",08G-P4-6571-KR,high
gpu,Xfx,"XFX RX-460P4HFG5",RX-460P4HFG5,low
gpu,Xfx,"XFX RX-550P2TFG5",RX-550P2TFG5,low
gpu,Sapphire,"Sapphire 21275-00-40G",21275-00-40G,low
gpu,Xfx,"XFX XXX",RX-480P836BM,high
gpu,EVGA,"EVGA FTW3 ELITE",11G-P4-6796-K4,high
gpu,Sapphire,"Sapphire PULSE",11266-36-20G,high
gpu,Xfx,"XFX RX-570P8DBDR",RX-570P8DBDR,low
gpu,Zotac,"Zotac ZT-T20700E-10P",ZT-T20700E-10P,low
gpu,EVGA,"EVGA Black",08G-P4-2071-KR,high
gpu,PNY,"PNY XLR8 Gaming Overclocked Edition",VCG20808DFPPB-O-B,high
gpu,PNY,"PNY XLR8 Gaming Overclocked Edition",VCG20606DFPPB-O,high
gpu,Zotac,"Zotac AMP MAXX",ZT-T20810H-10P,high
gpu,EVGA,"EVGA XC2 ULTRA GAMING",11G-P4-2387-KR,high
gpu,EVGA,"EVGA XC GAMING",04G-P4-1153-KR,high
gpu,EVGA,"EVGA XC ULTRA BLACK GAMING",04G-P4-1155-KR,high
gpu,Xfx,"XFX RX-57XL8MFGR",RX-57XL8MFGR,low
gpu,Sapphire,"Sapphire 100321DDR5L",100321DDR5L,low
gpu,Sapphire,"Sapphire 100322L",100322L,low
gpu,Xfx,"XFX HD-677X-ZNLC",HD677XZNLC,high
gpu,EVGA,"EVGA 01G-P3-1560-KR",01GP31560KR,high
gpu,EVGA,"EVGA 02G-P3-1387-AR",02GP31387AR,high
gpu,Zotac,"Zotac ZT-50204-10M",ZT5020410M,high
gpu,EVGA,"EVGA 012-P3-1577-KR",012P31577KR,high
gpu,EVGA,"EVGA 01G-P3-1463-KR",01GP31463KR,high
gpu,Sapphire,"Sapphire 100312-3SR",1003123SR,high
gpu,Xfx,"XFX HD-695X-CDFC",HD695XCDFC,high
gpu,Xfx,"XFX HD-687X-CNFC",HD687XCNFC,high
gpu,Zotac,"Zotac ZT-50703-10M",ZT5070310M,high
gpu,Sapphire,"Sapphire 100315VXL",100315VXL,low
gpu,Xfx,"XFX HD-545X-YQH2",HD545XYQH2,high
gpu,EVGA,"EVGA 012-P3-1572-TR",012P31572TR,high
gpu,Xfx,"XFX GT-430X-CAF2",GT430XCAF2,high
gpu,Zotac,"Zotac ZT-40609-10L",ZT4060910L,high
gpu,Zotac,"Zotac ZT-50709-10M",ZT5070910M,high
gpu,Zotac,"Zotac ZT-40508-10L",ZT4050810L,high
gpu,Xfx,"XFX FX-797A-TNFC",FX797ATNFC,high
gpu,PNY,"PNY VCGGTX4601XPB",VCGGTX4601XPB,low
gpu,Xfx,"XFX HD-667X-CNF3",HD667XCNF3,high
gpu,Sapphire,"Sapphire 11196-00-40G",111960040G,high
gpu,Sapphire,"Sapphire 11201-00-20G",112010020G,high
gpu,Sapphire,"Sapphire 11202-00-20G",112020020G,high
gpu,Sapphire,"Sapphire 11201-02-20G",112010220G,high
gpu,Sapphire,"Sapphire 11200-01-20G",112000120G,high
gpu,Sapphire,"Sapphire 11199-00-20G",111990020G,high
gpu,Sapphire,"Sapphire 11200-00-20G",112000020G,high
gpu,Sapphire,"Sapphire 11188-22-20G",111882220G,high
gpu,PNY,"PNY VCQFX1800-PCIE-PB",VCQFX1800PCIEPB,high
gpu,Xfx,"XFX FX-785A-CNFC",FX785ACNFC,high
gpu,EVGA,"EVGA 04G-P4-2692-KR",04GP42692KR,high
gpu,EVGA,"EVGA 02G-P4-2643-KR",02GP42643KR,high
gpu,Zotac,"Zotac ZT-40708-10L",ZT4070810L,high
gpu,Sapphire,"Sapphire Vapor-X",100358VXL,high
gpu,Zotac,"Zotac ZT-60201-10L",ZT6020110L,high
gpu,PNY,"PNY VCGGT620XPB",VCGGT620XPB,low
gpu,EVGA,"EVGA 02G-P4-2684-KR",02GP42684KR,high
gpu,PNY,"PNY VCGGT610XPB",VCGGT610XPB,low
gpu,Xfx,"XFX HD-685A-ZCFC",HD685AZCFC,high
gpu,EVGA,"EVGA 01G-P3-2615-KR",01GP32615KR,high
gpu,Zotac,"Zotac ZT-60302-10P",ZT6030210P,high
gpu,Zotac,"Zotac ZT-60304-10P",ZT6030410P,high
gpu,Sapphire,"Sapphire 100351-6GVXSR",1003516GVXSR,high
gpu,Zotac,"Zotac ZT-60604-10L",ZT6060410L,high
gpu,Xfx,"XFX R7-265A-CNF4",R7265ACNF4,high
gpu,Xfx,"XFX Core Edition",R7240AELF4,high
gpu,Sapphire,"Sapphire 100360SR",100360SR,low
gpu,EVGA,"EVGA Superclocked",02GP42743KR,high
gpu,EVGA,"EVGA Superclocked",04GP42744KR,high
gpu,EVGA,"EVGA 02G-P3-2738-KR",02GP32738KR,high
gpu,Zotac,"Zotac ZT-71001-10L",ZT7100110L,high
gpu,Zotac,"Zotac ZT-71003-10L",ZT7100310L,high
gpu,Sapphire,"Sapphire Vapor-X",112260540G,high
gpu,EVGA,"EVGA 01G-P3-3731-KR",01GP33731KR,high
gpu,Zotac,"Zotac ZT-71101-10L",ZT7110110L,high
gpu,Zotac,"Zotac ZT-71102-10L",ZT7110210L,high
gpu,Zotac,"Zotac ZT-70702-10M",ZT7070210M,high
gpu,Sapphire,"Sapphire Tri-X",1003632SR,high
gpu,Sapphire,"Sapphire 100366-3L",1003663L,high
gpu,Sapphire,"Sapphire Tri-X",1003635L,high
gpu,Zotac,"Zotac ZT-90201-10P",ZT9020110P,high
gpu,PNY,"PNY XLR8",VCGGTX9704XPB,high
gpu,Zotac,"Zotac AMP Extreme",ZT9010310P,high
gpu,Zotac,"Zotac ZT-70605-10M",ZT7060510M,high
gpu,AMD,"AMD FirePro RG220A",100505715,high
gpu,AMD,"AMD FirePro W8100",100505738,high
gpu,AMD,"AMD FirePro 2270",100505837,high
gpu,AMD,"AMD FirePro W5000",100505838,high
gpu,AMD,"AMD FirePro W8000",100505845,high
gpu,AMD,"AMD FirePro S7000",100505856,high
gpu,AMD,"AMD FirePro V3900",100505860,high
gpu,AMD,"AMD FirePro S9050",100505878,high
gpu,Xfx,"XFX DD",R9290X8DFD,high
gpu,Sapphire,"Sapphire Vapor-X",100363VX3L,high
gpu,EVGA,"EVGA Dual ACX",04GP43767KR,high
gpu,Xfx,"XFX HD-667X-CLF3",HD667XCLF3,high
gpu,Sapphire,"Sapphire Tri-X",1003623L,high
gpu,EVGA,"EVGA Superclocked",02GP42754KR,high
gpu,EVGA,"EVGA 01G-P3-N959",01GP3N959,high
gpu,Sapphire,"Sapphire Tri-X",1003618GL,high
gpu,EVGA,"EVGA Superclocked",04GP43962KR,high
gpu,Sapphire,"Sapphire Dual-X",112350320G,high
gpu,Zotac,"Zotac ZT-90501-10P",ZT9050110P,high
gpu,Xfx,"XFX DD",R9390P8286,high
gpu,Xfx,"XFX DD",R9390X8256,high
gpu,Sapphire,"Sapphire 21246-00-40G",212460040G,high
gpu,Xfx,"XFX DD",R9390P8DF6,high
gpu,EVGA,"EVGA Superclocked+ ACX 2.0",02GP42956KR,high
gpu,Zotac,"Zotac ZT-90602-10M",ZT9060210M,high
gpu,Zotac,"Zotac AMP",ZT9060310M,high
gpu,Xfx,"XFX Nano",R9NANO4SF6,high
gpu,Sapphire,"Sapphire 100400SR",100400SR,low
gpu,PNY,"PNY VCGGTX7501XPB-BB",VCGGTX7501XPBBB,high
gpu,EVGA,"EVGA 04G-P4-1976-KR",04GP41976KR,high
gpu,EVGA,"EVGA 01G-P3-2710-KR",01GP32710KR,high
gpu,EVGA,"EVGA 02G-P3-2712-KR",02GP32712KR,high
gpu,EVGA,"EVGA 02G-P4-1950-KR",02GP41950KR,high
gpu,EVGA,"EVGA 04G-P3-2739-KR",04GP32739KR,high
gpu,EVGA,"EVGA VR EDITION",06GP43998KR,high
gpu,PNY,"PNY VCGGT7102XPB",VCGGT7102XPB,low
gpu,Sapphire,"Sapphire Vapor-X",100386VXL,high
gpu,Sapphire,"Sapphire NITRO",100388NTOC2L,high
gpu,Xfx,"XFX HD-645X-ZQHP",HD645XZQHP,high
gpu,EVGA,"EVGA 01G-P3-2716-KR",01GP32716KR,high
gpu,Xfx,"XFX DD",R9380X4DB5,high
gpu,Zotac,"Zotac Founders Edition",ZTP10800A10P,high
gpu,EVGA,"EVGA 08G-P4-5180",08GP45180,high
gpu,Xfx,"XFX Triple Dissipation",RX-470P437BM,high
gpu,Xfx,"XFX Black Edition",RX-470P4LBB6,high
gpu,Xfx,"XFX Triple Dissipation",RX-470P4SFD5,high
gpu,Xfx,"XFX RX-460P2SFG5",RX-460P2SFG5,low
gpu,Sapphire,"Sapphire 11257-00",11257-00,low
gpu,EVGA,"EVGA SSC GAMING",03G-P4-6263,high
gpu,EVGA,"EVGA FTW GAMING",06G-P4-6268-KR,high
gpu,Xfx,"XFX RX-480M4BFA6",RX-480M4BFA6,low
gpu,Xfx,"XFX Triple Dissipation",RX-470P4LFB6,high
gpu,Zotac,"Zotac ZT-71304-20L",ZT-71304-20L,low
gpu,EVGA,"EVGA SC GAMING",08G-P4-6092-KR,high
gpu,PNY,"PNY VCGGTX10502PB",VCGGTX10502PB,low
gpu,EVGA,"EVGA GAMING",06G-P4-5161-KR,high
gpu,Xfx,"XFX RX-460P4TFG5",RX-460P4TFG5,low
gpu,Xfx,"XFX HD-657X-ZHF2",HD657XZHF2,high
gpu,Xfx,"XFX HD-667X-ZHF3",HD667XZHF3,high
gpu,Xfx,"XFX HD-675X-ZNLC",HD675XZNLC,high
gpu,EVGA,"EVGA 015-P3-1587-AR",015P31587AR,high
gpu,EVGA,"EVGA 01G-P3-1335-KR",01GP31335KR,high
gpu,EVGA,"EVGA 01G-P3-1567-AR",01GP31567AR,high
gpu,EVGA,"EVGA 01G-P3-1567-KR",01GP31567KR,high
gpu,PNY,"PNY VCGGT5201XPB",VCGGT5201XPB,low
gpu,Zotac,"Zotac ZT-40408-10P",ZT4040810P,high
gpu,Zotac,"Zotac ZT-40604-10L",ZT4060410L,high
gpu,Zotac,"Zotac ZT-40703-10L",ZT4070310L,high
gpu,EVGA,"EVGA 01G-P3-1351-KR",01GP31351KR,high
gpu,EVGA,"EVGA 01G-P3-1460-KR",01GP31460KR,high
gpu,EVGA,"EVGA 01G-P3-1461-KR",01GP31461KR,high
gpu,PNY,"PNY VCGGTX560XPB",VCGGTX560XPB,low
gpu,PNY,"PNY VCGGTX580XPB-OC",VCGGTX580XPBOC,high
gpu,EVGA,"EVGA 012-P3-1578-AR",012P31578AR,high
gpu,EVGA,"EVGA 01G-P3-1352-KR",01GP31352KR,high
gpu,EVGA,"EVGA 01G-P3-1466-KR",01GP31466KR,high
gpu,EVGA,"EVGA 01G-P3-1468-KR",01GP31468KR,high
gpu,EVGA,"EVGA 02G-P3-1529-KR",02GP31529KR,high
gpu,Zotac,"Zotac ZT-40704-10L",ZT4070410L,high
gpu,Sapphire,"Sapphire 100297-2L",1002972L,high
gpu,Zotac,"Zotac ZT-50104-10P",ZT5010410P,high
gpu,Zotac,"Zotac ZT-50603-10L",ZT5060310L,high
gpu,Zotac,"Zotac ZT-50702-10M",ZT5070210M,high
gpu,Sapphire,"Sapphire 100321DDR5OCL",100321DDR5OCL,low
gpu,Sapphire,"Sapphire 100327VXL",100327VXL,low
gpu,Xfx,"XFX GT-430X-ZAF2",GT430XZAF2,high
gpu,Xfx,"XFX GT-520M-CNF2",GT520MCNF2,high
gpu,Xfx,"XFX GT-520M-ZNF2",GT520MZNF2,high
gpu,Xfx,"XFX HD-545X-YRH2",HD545XYRH2,high
gpu,Xfx,"XFX HD-557X-ZHL2",HD557XZHL2,high
gpu,Xfx,"XFX HD-667X-ZAF3",HD667XZAF3,high
gpu,Xfx,"XFX HD-679X-ZNFC",HD679XZNFC,high
gpu,Xfx,"XFX HD-685X-ZNFR",HD685XZNFR,high
gpu,Xfx,"XFX HD-695X-CDDC",HD695XCDDC,high
gpu,Xfx,"XFX HD-695X-CNDC",HD695XCNDC,high
gpu,Xfx,"XFX HD-695X-ZDFC",HD695XZDFC,high
gpu,PNY,"PNY VCGGTX580XPB-LC",VCGGTX580XPBLC,high
gpu,PNY,"PNY VCGGTX580XPB-LC-CPU",VCGGTX580XPBLCCPU,high
gpu,Xfx,"XFX HD-677X-ZNFC",HD677XZNFC,high
gpu,Zotac,"Zotac ZT-50102-30P",ZT5010230P,high
gpu,Sapphire,"Sapphire 100326UL",100326UL,low
gpu,EVGA,"EVGA 01G-P3-1561-KR",01GP31561KR,high
gpu,Xfx,"XFX HD-679X-ZRFC",HD679XZRFC,high
gpu,Xfx,"XFX HD-657X-CNF2",HD657XCNF2,high
gpu,EVGA,"EVGA 015-P3-1582-A1",015P31582A1,high
gpu,PNY,"PNY VCG951024GXXB",VCG951024GXXB,low
gpu,Sapphire,"Sapphire 100312-3L",1003123L,high
gpu,Sapphire,"Sapphire 100311FLEXBF3",100311FLEXBF3,low
gpu,Zotac,"Zotac ZT-50313-10M",ZT5031310M,high
gpu,EVGA,"EVGA 012-P3-2066-KR",012P32066KR,high
gpu,EVGA,"EVGA 012-P3-1576-KR",012P31576KR,high
gpu,Zotac,"Zotac ZT-40607-10L",ZT4060710L,high
gpu,Zotac,"Zotac ZT-50610-10L",ZT5061010L,high
gpu,EVGA,"EVGA 03G-P3-1588-AR",03GP31588AR,high
gpu,Zotac,"Zotac ZT-50106-10P",ZT5010610P,high
gpu,EVGA,"EVGA 01G-P3-1361-KR",01GP31361KR,high
gpu,PNY,"PNY VCGGTX560TXPB-OC-S",VCGGTX560TXPBOCS,high
gpu,EVGA,"EVGA 01G-P3-1363-KR",01GP31363KR,high
gpu,Xfx,"XFX HD-455X-ZAFR",HD455XZAFR,high
gpu,EVGA,"EVGA 012-P3-2068-KR",012P32068KR,high
gpu,Xfx,"XFX FX-797A-TDBC",FX797ATDBC,high
gpu,Xfx,"XFX HD-687A-CDFC",HD687ACDFC,high
gpu,Sapphire,"Sapphire 100322FLEX",100322FLEX,low
gpu,Sapphire,"Sapphire 100315-2GL",1003152GL,high
gpu,Xfx,"XFX HD-657X-CNH3",HD657XCNH3,high
gpu,Zotac,"Zotac ZT-50306-10M",ZT5030610M,high
gpu,Zotac,"Zotac ZT-40707-10L",ZT4070710L,high
gpu,Sapphire,"Sapphire 11196-02-40G",111960240G,high
gpu,Xfx,"XFX FX-795A-TDFC",FX795ATDFC,high
gpu,Xfx,"XFX FX-795A-TDBC",FX795ATDBC,high
gpu,Zotac,"Zotac ZT-50105-10P",ZT5010510P,high
gpu,Xfx,"XFX FX-797A-TDFC",FX797ATDFC,high
gpu,Xfx,"XFX FX-795A-TNFC",FX795ATNFC,high
gpu,Xfx,"XFX FX-795A-TNBC",FX795ATNBC,high
gpu,Xfx,"XFX FX-777A-ZDF4",FX777AZDF4,high
gpu,Xfx,"XFX FX-777A-ZNF4",FX777AZNF4,high
gpu,Xfx,"XFX FX-777A-ZDB4",FX777AZDB4,high
gpu,Sapphire,"Sapphire 11201-02-40G",112010240G,high
gpu,EVGA,"EVGA 01G-P3-1370-KR",01GP31370KR,high
gpu,PNY,"PNY VCGGTX550TVXPB",VCGGTX550TVXPB,low
gpu,EVGA,"EVGA 012-P3-2078-KR",012P32078KR,high
gpu,Sapphire,"Sapphire 11197-01-40G",111970140G,high
gpu,Sapphire,"Sapphire 11202-03-40G",112020340G,high
gpu,Xfx,"XFX HD-575X-ZNFR",HD575XZNFR,high
gpu,Xfx,"XFX HD-675X-ZDFC",HD675XZDFC,high
gpu,Sapphire,"Sapphire 11199-03-20G",111990320G,high
gpu,Zotac,"Zotac ZT-60101-10P",ZT6010110P,high
gpu,PNY,"PNY VCGGTX680XPB",VCGGTX680XPB,low
gpu,Sapphire,"Sapphire 11202-05-20G",112020520G,high
gpu,Xfx,"XFX FX-785A-CDFC",FX785ACDFC,high
gpu,Sapphire,"Sapphire 11192-22-20G",111922220G,high
gpu,Xfx,"XFX FX-785A-CNBC",FX785ACNBC,high
gpu,EVGA,"EVGA 02G-P4-2682-KR",02GP42682KR,high
gpu,EVGA,"EVGA 02G-P4-2670-KR",02GP42670KR,high
gpu,EVGA,"EVGA 02G-P4-2672-KR",02GP42672KR,high
gpu,Sapphire,"Sapphire 100352SR",100352SR,low
gpu,Xfx,"XFX FX-775A-ZDP4",FX775AZDP4,high
gpu,Sapphire,"Sapphire 100352OCSR",100352OCSR,low
gpu,Sapphire,"Sapphire 11197-06-40G",111970640G,high
gpu,PNY,"PNY VCGGTX570XPB-CG",VCGGTX570XPBCG,high
gpu,PNY,"PNY VCGGTX580XPB-CG",VCGGTX580XPBCG,high
gpu,EVGA,"EVGA 02G-P3-2617-KR",02GP32617KR,high
gpu,Zotac,"Zotac ZT-60102-10P",ZT6010210P,high
gpu,PNY,"PNY VCGGTX670XPB",VCGGTX670XPB,low
gpu,EVGA,"EVGA 02G-P4-3686-KR",02GP43686KR,high
gpu,EVGA,"EVGA 02G-P4-2683-KR",02GP42683KR,high
gpu,Sapphire,"Sapphire 100352FLEX",100352FLEX,low
gpu,PNY,"PNY VCGGT5201XPB-CG",VCGGT5201XPBCG,high
gpu,Zotac,"Zotac ZT-60405-10L",ZT6040510L,high
gpu,Sapphire,"Sapphire 100323-2L",1003232L,high
gpu,Xfx,"XFX HD-657X-ZDF2",HD657XZDF2,high
gpu,Zotac,"Zotac ZT-50605-10L",ZT5060510L,high
gpu,Zotac,"Zotac ZT-60502-10L",ZT6050210L,high
gpu,Sapphire,"Sapphire 100356OCL",100356OCL,low
gpu,Zotac,"Zotac ZT-61103-10M",ZT6110310M,high
gpu,Sapphire,"Sapphire 100352MAC",100352MAC,low
gpu,EVGA,"EVGA 03G-P4-2667-KR",03GP42667KR,high
gpu,EVGA,"EVGA 02G-P4-2668-KR",02GP42668KR,high
gpu,EVGA,"EVGA 01G-P3-2611-KR",01GP32611KR,high
gpu,Zotac,"Zotac ZT-61201-10M BOOST",ZT6120110MBOOST,high
gpu,EVGA,"EVGA 01G-P4-3656-KR",01GP43656KR,high
gpu,PNY,"PNY VCGGTX650TBQXPB BOOST",VCGGTX650TBQXPBBOOST,high
gpu,PNY,"PNY VCGGTX650TBQXPB-OC BOOST",VCGGTX650TBQXPBOCBOOST,high
gpu,EVGA,"EVGA 02G-P4-3682-KR",02GP43682KR,high
gpu,Zotac,"Zotac ZT-60206-10L",ZT6020610L,high
gpu,Zotac,"Zotac ZT-61012-10M",ZT6101210M,high
gpu,EVGA,"EVGA 03G-P4-2664-KR",03GP42664KR,high
gpu,EVGA,"EVGA 03G-P4-2780-KR",03GP42780KR,high
gpu,EVGA,"EVGA ACX",03GP42782KR,high
gpu,EVGA,"EVGA FTW ACX",03GP43786KR,high
gpu,EVGA,"EVGA 02G-P4-2771-KR",02GP42771KR,high
gpu,EVGA,"EVGA 02G-P4-2681-KR",02GP42681KR,high
gpu,Sapphire,"Sapphire 11196-15-40G",111961540G,high
gpu,Sapphire,"Sapphire 11197-11-40G",111971140G,high
gpu,Sapphire,"Sapphire 11199-10-40G",111991040G,high
gpu,Sapphire,"Sapphire 11199-16-20G",111991620G,high
gpu,Sapphire,"Sapphire 11200-07-20G",112000720G,high
gpu,Sapphire,"Sapphire 21196-00-20G",211960020G,high
gpu,Sapphire,"Sapphire 11200-16-20G",112001620G,high
gpu,Sapphire,"Sapphire 11201-12-20G",112011220G,high
gpu,Sapphire,"Sapphire 11201-20-20G",112012020G,high
gpu,Zotac,"Zotac ZT-60408-20L",ZT6040820L,high
gpu,Zotac,"Zotac ZT-60409-20L",ZT6040920L,high
gpu,EVGA,"EVGA 02G-P4-2661-KR",02GP42661KR,high
gpu,Xfx,"XFX FX-787A-CNAC",FX787ACNAC,high
gpu,EVGA,"EVGA 02G-P4-2762-KR",02GP42762KR,high
gpu,EVGA,"EVGA ACX",02GP42763KR,high
gpu,EVGA,"EVGA 04G-P4-3671-KR",04GP43671KR,high
gpu,EVGA,"EVGA 02G-P4-2760-KR",02GP42760KR,high
gpu,Zotac,"Zotac ZT-70304-10P",ZT7030410P,high
gpu,Xfx,"XFX FX-777A-ZNBR",FX777AZNBR,high
gpu,PNY,"PNY VCGGTX7702XPB",VCGGTX7702XPB,low
gpu,Zotac,"Zotac ZT-70303-10P",ZT7030310P,high
gpu,Zotac,"Zotac ZT-60208-10L",ZT6020810L,high
gpu,EVGA,"EVGA Dual Superclocked ACX",04GP43774KR,high
gpu,EVGA,"EVGA Dual FTW ACX",04GP43776KR,high
gpu,Zotac,"Zotac ZT-60207-20L",ZT6020720L,high
gpu,PNY,"PNY VCGGTX7702XPB-OC",VCGGTX7702XPBOC,high
gpu,Zotac,"Zotac ZT-70406-10P",ZT7040610P,high
gpu,Xfx,"XFX Double D FX-795A-TDKC",FX795ATDKC,high
gpu,Sapphire,"Sapphire Tri-X Toxic",100363TXSR,high
gpu,Sapphire,"Sapphire Vapor-X",100363VXSR,high
gpu,Sapphire,"Sapphire Dual-X",100364L,high
gpu,Sapphire,"Sapphire Tri-X Toxic",100364TXSR,high
gpu,Sapphire,"Sapphire Vapor-X",100364VXSR,high
gpu,EVGA,"EVGA Classified K|NGP|N Edition",03GP43887KR,high
gpu,EVGA,"EVGA FTW",01GP43742KR,high
gpu,EVGA,"EVGA Superclocked",01GP43743KR,high
gpu,PNY,"PNY VCGGT7401D3LXPB",VCGGT7401D3LXPB,low
gpu,Xfx,"XFX DD",R9270XCDJ4,high
gpu,Xfx,"XFX Core Edition",R7250XCGF4,high
gpu,Xfx,"XFX Core Edition",R7250XCNJ4,high
gpu,EVGA,"EVGA 01G-P3-2730-KR",01GP32730KR,high
gpu,EVGA,"EVGA 01G-P3-2731-KR",01GP32731KR,high
gpu,EVGA,"EVGA 02G-P3-2732-KR",02GP32732KR,high
gpu,Xfx,"XFX R5-230A-CLH2",R5230ACLH2,high
gpu,EVGA,"EVGA FTW",02GP43744KR,high
gpu,Zotac,"Zotac ZT-71006-10L",ZT7100610L,high
gpu,Zotac,"Zotac ZT-70706-10M",ZT7070610M,high
gpu,Xfx,"XFX R7-265A-CNJ4",R7265ACNJ4,high
gpu,PNY,"PNY XLR8",VCGGTX7803XPBCCOC,high
gpu,Sapphire,"Sapphire Tri-X",1003634L,high
gpu,EVGA,"EVGA 02G-P3-2724-KR",02GP32724KR,high
gpu,PNY,"PNY VCGGT7201D3LXPB",VCGGT7201D3LXPB,low
gpu,PNY,"PNY XLR8",VCGGTX7803XPBCC,high
gpu,Sapphire,"Sapphire Dual-X",100374OCL,high
gpu,Zotac,"Zotac ZT-71201-20L",ZT7120120L,high
gpu,Xfx,"XFX DD",R9285ACDBC,high
gpu,Xfx,"XFX DD",R9285ACDFC,high
gpu,Zotac,"Zotac ZT-70505-10P",ZT7050510P,high
gpu,EVGA,"EVGA ACX",02GP43769KB,high
gpu,EVGA,"EVGA SSC ACX 2.0",04GP42975KR,high
gpu,EVGA,"EVGA ACX",04GP43775KR,high
gpu,Zotac,"Zotac ZT-71104-10L",ZT7110410L,high
gpu,Zotac,"Zotac AMP Omega",ZT9020210P,high
gpu,Sapphire,"Sapphire 11215-04-40G",112150440G,high
gpu,EVGA,"EVGA Superclocked",04GP42982KR,high
gpu,Zotac,"Zotac AMP Extreme",ZT9020310P,high
gpu,Zotac,"Zotac ZONE",ZT7070720M,high
gpu,Zotac,"Zotac ZT-71103-10L",ZT7110310L,high
gpu,Xfx,"XFX Core Edition",R5230AZLH2,high
gpu,AMD,"AMD FirePro W600",100505835,high
gpu,AMD,"AMD FirePro W5000",100505842,high
gpu,AMD,"AMD FirePro 2270",100505849,high
gpu,AMD,"AMD FirePro V7900",100505861,high
gpu,Sapphire,"Sapphire PULSE",11266-69-21G,high
gpu,Xfx,"XFX Core Edition",HD-667X-CDFR,high
gpu,EVGA,"EVGA SC Ultra Black",04G-P4-1055-KR,high
gpu,EVGA,"EVGA XC ULTRA GAMING",04G-P4-1157-KR,high
gpu,Sapphire,"Sapphire 21294-01-20G",21294-01-20G,low
gpu,EVGA,"EVGA XC ULTRA BLACK GAMING",06G-P4-1165-KR,high
gpu,Xfx,"XFX THICC III Ultra",RX-56XT638D8,high
gpu,Xfx,"XFX THICC III Pro",RX-56XT636D8,high
gpu,Xfx,"XFX THICC II Pro",RX-56XT626D6,high
gpu,PNY,"PNY VCGGT7402D3LXPB-BB",VCGGT7402D3LXPB-BB,low
gpu,PNY,"PNY XLR8 Gaming UPRISING EPIC-X RGB OC",VCG308012LTFXMPB-O,high
gpu,PNY,"PNY UPRISING",VCG30508DFMPB,high
gpu,PNY,"PNY XLR8 Gaming UPRISING EPIC-X RGB",VCG3090T24TFXMPB,high
gpu,Sapphire,"Sapphire TOXIC Limited Edition",11308-04-20G,high
gpu,EVGA,"EVGA FTW3 ULTRA HYBRID GAMING",12G-P5-4878-KL,high
gpu,EVGA,"EVGA SC GAMING",04G-P4-1633-KR,high
gpu,PNY,"PNY VCG16304SFMPB",VCG16304SFMPB,low
gpu,PNY,"PNY Dual",VCG16304DFPPB,high
gpu,Zotac,"Zotac GAMING",ZT-T16300F-10L,high
gpu,Xfx,"XFX Double Dissipation",RX-57XL82LD6,high
gpu,Xfx,"XFX Raw II Ultra",RX-57XT8OBF6,high
gpu,PNY,"PNY Low Profile",VCG7102D5SFPPB,high
ram,Corsair,"Corsair Vengeance LPX 32 GB",CMK32GX4M2E3200C16,high
ram,G.SKILL,"G.Skill Ripjaws V 16 GB",F4-3200C16D-16GVKB,high
ram,Corsair,"Corsair Vengeance LPX 16 GB",CMK16GX4M2B3200C16,high
ram,TeamGroup,"TEAMGROUP T-Force Vulcan Z 16 GB",TLZGD416G3200HC16CDC01,high
ram,Corsair,"Corsair Vengeance LPX 16 GB",CMK16GX4M2E3200C16,high
ram,G.SKILL,"G.Skill Ripjaws V 32 GB",F4-3200C16D-32GVK,high
ram,Corsair,"Corsair Vengeance RGB Pro 32 GB",CMW32GX4M2E3200C16,high
ram,Corsair,"Corsair Vengeance RGB Pro 16 GB",CMW16GX4M2C3200C16,high
ram,G.SKILL,"G.Skill Trident Z RGB 16 GB",F4-3200C16D-16GTZR,high
ram,Crucial,"Crucial CT16G4DFD824A 16 GB",CT16G4DFD824A,low
ram,Corsair,"Corsair Vengeance RGB Pro 32 GB",CMW32GX4M2Z3600C18,high
ram,GeIL,"GeIL Orion AMD Edition 32 GB",GAOR432GB3000C16ADC,high
ram,G.SKILL,"G.Skill Trident Z RGB 32 GB",F4-3600C18D-32GTZR,high
ram,G.SKILL,"G.Skill Ripjaws V 32 GB",F4-3600C18D-32GVK,high
ram,G.SKILL,"G.Skill Ripjaws V 16 GB",F4-3600C16D-16GVKC,high
ram,G.SKILL,"G.Skill F4-3200C16Q2-128GTZSK 128 GB",F4-3200C16Q2-128GTZSK,low
ram,G.SKILL,"G.Skill Ripjaws V 16 GB",F43200C16S16GVK,high
ram,G.SKILL,"G.Skill Aegis 16 GB",F4-3200C16D-16GIS,high
ram,Patriot,"Patriot Signature Line 16 GB",PSD416G3200K,high
ram,G.SKILL,"G.Skill Ripjaws V 16 GB",F4-3600C18D-16GVK,high
ram,Crucial,"Crucial CT2K16G4DFD8266 32 GB",CT2K16G4DFD8266,low
ram,G.SKILL,"G.Skill Ripjaws V 32 GB",F4-3600C16D-32GVKC,high
ram,Corsair,"Corsair Vengeance RGB Pro 32 GB",CMW32GX4M2E3200C16W,high
ram,Crucial,"Crucial CT8G4DFS824A 8 GB",CT8G4DFS824A,low
ram,Crucial,"Crucial Pro 64 GB",CP2K32G4DFRA32A,high
ram,TeamGroup,"TEAMGROUP T-Force Vulcan Z 32 GB",TLZGD432G3200HC16FDC01,high
ram,TeamGroup,"TEAMGROUP T-Force Delta RGB 16 GB",TF3D416G3600HC18JDC01,high
ram,PNY,"PNY XLR8 16 GB",MD16GK2D4320016AXR,high
ram,G.SKILL,"G.Skill Ripjaws V 128 GB",F4-3600C18Q-128GVK,high
ram,Corsair,"Corsair Vengeance LPX 16 GB",CMK16GX4M2D3600C18,high
ram,Corsair,"Corsair Vengeance LPX 8 GB",CMK8GX4M1A2400C16,high
ram,G.SKILL,"G.Skill Aegis 32 GB",F4-3200C16D-32GIS,high
ram,Crucial,"Crucial Pro 32 GB",CP2K16G4DFRA32A,high
ram,TeamGroup,"TEAMGROUP T-Force Delta RGB 16 GB",TF4D416G3200HC16CDC01,high
ram,TeamGroup,"TEAMGROUP T-Force Delta RGB 32 GB",TF4D432G3600HC18JDC01,high
ram,Crucial,"Crucial CT8G4DFD824A 8 GB",CT8G4DFD824A,low
ram,G.SKILL,"G.Skill Trident Z RGB 32 GB",F4-3200C16D-32GTZRX,high
ram,Corsair,"Corsair Vengeance RGB Pro 16 GB",CMW16GX4M2C3200C16W,high
ram,Corsair,"Corsair Vengeance LPX 16 GB",CMK16GX4M2D3000C16,high
ram,Corsair,"Corsair Vengeance LPX 64 GB",CMK64GX4M2E3200C16,high
ram,G.SKILL,"G.Skill Trident Z Neo 32 GB",F4-3600C16D-32GTZNC,high
ram,Corsair,"Corsair Vengeance RGB Pro SL 32 GB",CMH32GX4M2D3600C18W,high
ram,Corsair,"Corsair Vengeance LPX 32 GB",CMK32GX4M2D3600C18,high
ram,Corsair,"Corsair Vengeance LPX 8 GB",CMK8GX4M1E3200C16,high
ram,TeamGroup,"TEAMGROUP T-Force Vulcan Z 16 GB",TLZGD416G3200HC16FDC01,high
ram,G.SKILL,"G.Skill Aegis 8 GB",F4-3200C16S-8GIS,high
ram,TeamGroup,"TEAMGROUP T-Force Delta RGB 16 GB",TF3D416G3200HC16CDC01,high
ram,G.SKILL,"G.Skill Aegis 16 GB",F4-3000C16D-16GISB,high
ram,Patriot,"Patriot Viper Steel 16 GB",PVS416G320C6K,high
ram,G.SKILL,"G.Skill Aegis 16 GB",F4-3200C16S-16GIS,high
ram,PNY,"PNY XLR8 32 GB",MD32GK2D4320016XR,high
ram,Crucial,"Crucial Ballistix 16 GB",BL2K8G32C16U4B,high
ram,Corsair,"Corsair Vengeance LPX 32 GB",CMK32GX4M2Z3600C18,high
ram,Corsair,"Corsair Vengeance RGB Pro 16 GB",CMW16GX4M2D3600C18,high
ram,G.SKILL,"G.Skill Trident Z RGB 16 GB",F4-3600C18D-16GTZRX,high
ram,Lexar,"Lexar THOR 16 GB",LD4BU008G-R3200GDXG,high
ram,Corsair,"Corsair Vengeance RGB Pro 64 GB",CMW64GX4M2E3200C16,high
ram,G.SKILL,"G.Skill Trident Z Neo 64 GB",F4-3200C16Q-64GTZN,high
ram,Corsair,"Corsair Vengeance LPX 16 GB",CMK16GX4M2A2133C13,high
ram,Corsair,"Corsair Vengeance LPX 32 GB",CMK32GX4M4Z3200C16,high
ram,TeamGroup,"TEAMGROUP T-Force Delta RGB 32 GB",TF3D432G3200HC16FDC01,high
ram,Corsair,"Corsair Vengeance RGB Pro SL 16 GB",CMH16GX4M2E3200C16W,high
ram,G.SKILL,"G.Skill Trident Z Neo 64 GB",F4-3200C16D-64GTZN,high
ram,Crucial,"Crucial CT2K8G4DFRA266 16 GB",CT2K8G4DFRA266,low
ram,G.SKILL,"G.Skill Ripjaws V 8 GB",F42400C15S8GVR,high
ram,G.SKILL,"G.Skill Ripjaws V 64 GB",F43200C16Q64GVK,high
ram,Crucial,"Crucial CT8G4DFD8213 8 GB",CT8G4DFD8213,low
ram,TeamGroup,"TEAMGROUP Vulcan Z 16 GB",TLZGD416G3600HC18JDC01,high
ram,Crucial,"Crucial Ballistix MAX 16 GB",BLM2K8G51C19U4B,high
ram,G.SKILL,"G.Skill Aegis 32 GB",F4-3000C16D-32GISB,high
ram,Corsair,"Corsair Vengeance LPX 16 GB",CMK16GX4M1E3200C16,high
ram,Corsair,"Corsair Vengeance RGB Pro 32 GB",CMW32GX4M4C3200C16,high
ram,G.SKILL,"G.Skill Trident Z RGB 32 GB",F4-4000C18D-32GTZR,high
ram,TeamGroup,"TEAMGROUP T-Force Vulcan Z 16 GB",TLZRD416G3200HC16FDC01,high
ram,Crucial,"Crucial Ballistix 16 GB",BL2K8G32C16U4BL,high
ram,Corsair,"Corsair Dominator Platinum RGB 16 GB",CMT16GX4M2C3600C18,high
ram,Crucial,"Crucial CT2K4G4DFS824A 8 GB",CT2K4G4DFS824A,low
ram,G.SKILL,"G.Skill F4-3200C16Q-64GTZKW 64 GB",F4-3200C16Q-64GTZKW,low
ram,TeamGroup,"TEAMGROUP T-Force Delta TUF Gaming Alliance 16 GB",TF9D416G3200HC16CDC01,high
ram,Corsair,"Corsair Vengeance RGB RS 8 GB",CMG8GX4M1E3200C16,high
ram,G.SKILL,"G.Skill Ripjaws V 8 GB",F43200C16D8GVKB,high
ram,G.SKILL,"G.Skill Trident Z RGB 32 GB",F4-3000C16D-32GTZR,high
ram,GeIL,"GeIL Dragon RAM 32 GB",GWW432GB3000C15DC,high
ram,G.SKILL,"G.Skill Trident Z Neo 64 GB",F4-3600C18D-64GTZN,high
ram,PNY,"PNY XLR8 16 GB",MD16GK2D4360018LP,high
ram,TeamGroup,"TEAMGROUP T-Force Dark Za 16 GB",TDZAD416G4000HC18JDC01,high
ram,Patriot,"Patriot Viper Elite II 32 GB",PVE2432G360C0K,high
ram,Corsair,"Corsair Vengeance RGB RT 32 GB",CMN32GX4M2Z4600C18,high
ram,TeamGroup,"TEAMGROUP T-Force Vulcan Z 8 GB",TLZRD48G3000HC16C01,high
ram,Crucial,"Crucial CT4K16G4DFD8266 64 GB",CT4K16G4DFD8266,low
ram,Patriot,"Patriot Viper 4 Blackout 16 GB",PVB416G300C6K,high
ram,Crucial,"Crucial CT8G4DFS8213 8 GB",CT8G4DFS8213,low
ram,Thermaltake,"Thermaltake TOUGHRAM XG RGB 16 GB",R016D408GX2-4600C19A,high
ram,Corsair,"Corsair ValueSelect 8 GB",CMV8GX4M1A2666C18,high
ram,G.SKILL,"G.Skill Ripjaws V 16 GB",F42133C15D16GVR,high
ram,Corsair,"Corsair Dominator Platinum RGB 16 GB",CMT16GX4M2C3200C16W,high
ram,Crucial,"Crucial Ballistix MAX RGB 16 GB",BLM2K8G40C18U4BL,high
ram,Corsair,"Corsair Dominator Platinum 16 GB",CMD16GX4M2B3200C16,high
ram,TeamGroup,"TEAMGROUP T-Force Delta RGB 64 GB",TF4D464G3600HC18JDC01,high
ram,G.SKILL,"G.Skill Trident Z RGB 64 GB",F4-3600C16Q-64GTZRC,high
ram,G.SKILL,"G.Skill Trident Z Royal 32 GB",F4-3600C19D-32GTRS,high
ram,Corsair,"Corsair Vengeance LPX 16 GB",CMK16GX4M2Z3600C18,high
ram,G.SKILL,"G.Skill Trident Z Neo 32 GB",F4-3200C16D-32GTZN,high
ram,TeamGroup,"TEAMGROUP T-Force Delta RGB 16 GB",TF4D416G3200HC16FDC01,high
ram,Corsair,"Corsair Vengeance RGB Pro SL 16 GB",CMH16GX4M2D3600C18,high
ram,Crucial,"Crucial Ballistix Sport LT 16 GB",BLS2K8G4D240FSBK,high
ram,Corsair,"Corsair CORSAIR Vengeance LPX 64GB (4 x 16GB) 288-Pin DDR4 SDRAM DDR4 3200 (PC4 25600) Desktop Memory Model CMK64GX4M4D3200C16 64 GB",CMK64GX4M4D3200C16,low
ram,Patriot,"Patriot Signature Line 4 GB",PSD44G266681S,high
ram,PNY,"PNY MN16GSD43200-TB 16 GB",MN16GSD43200-TB,low
ram,G.SKILL,"G.Skill Trident Z 16 GB",F43200C16D16GTZB,high
ram,Crucial,"Crucial CT2K8G4DFS824A 16 GB",CT2K8G4DFS824A,low
ram,Crucial,"Crucial CT2K16G4DFD8213 32 GB",CT2K16G4DFD8213,low
ram,Corsair,"Corsair Vengeance RGB Pro 16 GB",CMW16GX4M2A2666C16W,high
ram,Patriot,"Patriot Viper Steel RGB 32 GB",PVSR432G360C0K,high
ram,TeamGroup,"TEAMGROUP T-Force Vulcan Z 32 GB",TLZGD432G3200HC16CDC01,high
ram,Patriot,"Patriot Viper Steel RGB 16 GB",PVSR416G320C8,high
ram,Corsair,"Corsair Dominator Platinum RGB 32 GB",CMT32GX4M4C3600C18,high
ram,Crucial,"Crucial CT2K16G4SFRA32A 32 GB",CT2K16G4SFRA32A,low
ram,Crucial,"Crucial CT8G4DFS8266 8 GB",CT8G4DFS8266,low
ram,G.SKILL,"G.Skill Ripjaws V 8 GB",F42400C15D8GVR,high
ram,G.SKILL,"G.Skill Ripjaws V 16 GB",F42400C15D16GVR,high
ram,Corsair,"Corsair Vengeance LPX 32 GB",CMK32GX4M2B3000C15,high
ram,G.SKILL,"G.Skill Trident Z RGB 128 GB",F4-4000C18Q-128GTZR,high
ram,Corsair,"Corsair Vengeance RGB Pro SL 32 GB",CMH32GX4M2Z3600C18,high
ram,Corsair,"Corsair Vengeance RGB Pro SL 64 GB",CMH64GX4M4E3200C16,high
ram,G.SKILL,"G.Skill Trident Z RGB 32 GB",F4-3600C18Q-32GTZR,high
ram,TeamGroup,"TEAMGROUP T-Force Vulcan Z 16 GB",TLZGD416G3000HC16CDC01,high
ram,G.SKILL,"G.Skill Trident Z RGB 32 GB",F4-4000C14D-32GTZR,high
ram,EVGA,"EVGA SuperSC 16 GB",16GD42400MR,high
ram,Patriot,"Patriot Viper Steel 16 GB",PVS416G360C7K,high
ram,TeamGroup,"TEAMGROUP T-Force Vulcan Z 16 GB",TLZGD416G3600HC18J01,high
ram,Corsair,"Corsair CORSAIR Vengeance LED 16GB (2 x 8GB) 288-Pin DDR4 SDRAM DDR4 3000 (PC4 24000) Desktop Memory Model CMU16GX4M2C3000C16R 16 GB",CMU16GX4M2C3000C16R,low
ram,Crucial,"Crucial CT16G4SFD824A 16 GB",CT16G4SFD824A,low
ram,G.SKILL,"G.Skill Ripjaws V 16 GB",F43600C16D16GVK,high
ram,G.SKILL,"G.Skill Aegis 8 GB",F4-2133C15S-8GIS,high
ram,PNY,"PNY XLR8 Gaming EPIC-X RGB 16 GB",MD16GK2D4360018XRGB,high
ram,Corsair,"Corsair Dominator Platinum RGB 32 GB",CMT32GX4M2D3600C18W,high
ram,TeamGroup,"TEAMGROUP Elite 32 GB",TED432G3200C22DC-S01,high
ram,Patriot,"Patriot Signature Line 16 GB",PSD416G24002,high
ram,Corsair,"Corsair Vengeance LPX 16 GB",CMK16GX4M1Z3600C18,high
ram,Crucial,"Crucial CT4G4DFS8213 4 GB",CT4G4DFS8213,low
ram,TeamGroup,"TEAMGROUP Elite Plus 16 GB",TPD416G3200HC22DC01,high
ram,Corsair,"Corsair Vengeance LPX 16 GB",CMK16GX4M2D3000C16W,high
ram,Corsair,"Corsair Vengeance RGB RS 16 GB",CMG16GX4M2D3600C18,high
ram,G.SKILL,"G.Skill Trident Z Neo 64 GB",F4-3600C16D-64GTZN,high
ram,Corsair,"Corsair Vengeance RGB RS 32 GB",CMG32GX4M2D3600C18,high
ram,Lexar,"Lexar THOR 32 GB",LD4BU016G-R3600GDWG,high
ram,Patriot,"Patriot Viper Elite 8 GB",PVE48G266C6KGY,high
ram,Crucial,"Crucial Ballistix RGB 16 GB",BL2K8G36C16U4WL,high
ram,GeIL,"GeIL EVO POTENZA 16 GB",GAPB416GB3200C16ADC,high
ram,Patriot,"Patriot Viper 4 Blackout 32 GB",PVB432G320C6K,high
ram,Corsair,"Corsair Vengeance LPX 8 GB",CMK8GX4M1A2666C16,high
ram,TeamGroup,"TEAMGROUP T-Force Vulcan Z 8 GB",TLZGD48G3600HC18J01,high
ram,TeamGroup,"TEAMGROUP Elite 8 GB",TED48G2666C1901,high
ram,G.SKILL,"G.Skill Aegis 16 GB",F4-2400C17D-16GIS,high
ram,Patriot,"Patriot Viper Elite II 4 GB",PVE244G266C6,high
ram,Corsair,"Corsair Vengeance LPX 32 GB",CMK32GX4M4D3000C16,high
ram,Crucial,"Crucial Ballistix 32 GB",BL2K16G32C16U4W,high
ram,G.SKILL,"G.Skill Aegis 8 GB",F4-2666C19S-8GIS,high
ram,Corsair,"Corsair Dominator Platinum 16 GB",CMD16GX4M2B3000C15,high
ram,Crucial,"Crucial Ballistix 8 GB",BL8G32C16U4B,high
ram,Patriot,"Patriot Viper Steel RGB 16 GB",PVSR416G320C8K,high
ram,TeamGroup,"TEAMGROUP T-Force Dark Za 32 GB",TDZAD432G3600HC18JDC01,high
ram,Lexar,"Lexar THOR 8 GB",LD4BU008G-R3200GSXG,high
ram,G.SKILL,"G.Skill Trident Z 16 GB",F4-3200C16D-16GTZKW,high
ram,TeamGroup,"TEAMGROUP T-Force Xtreem ARGB 16 GB",TF13D416G3600HC18JDC01,high
ram,TeamGroup,"TEAMGROUP T-Create Classic 32 GB",TTCCD432G3200HC22DC01,high
ram,Patriot,"Patriot Viper Elite II 64 GB",PVE2464G360C0K,high
ram,Patriot,"Patriot Viper 4 16 GB",PV416G266C5QK,high
ram,G.SKILL,"G.Skill Ripjaws V 32 GB",F4-3600C18D-32GVW,high
ram,Crucial,"Crucial CT8G4DFS832A 8 GB",CT8G4DFS832A,low
ram,Corsair,"Corsair Vengeance RGB Pro 32 GB",CMW32GX4M4C3600C18W,high
ram,Crucial,"Crucial CT4G4DFS8266 4 GB",CT4G4DFS8266,low
ram,TeamGroup,"TEAMGROUP T-Force Delta RGB 8 GB",TF3D48G3200HC16F01,high
ram,PNY,"PNY XLR8 Gaming EPIC-X RGB 32 GB",MD32GK2D4360018XRGB,high
ram,G.SKILL,"G.Skill Trident Z RGB 32 GB",F4-4000C18Q-32GTZR,high
ram,Corsair,"Corsair ValueSelect 16 GB",CMV16GX4M1A2133C15,high
ram,Corsair,"Corsair Dominator Platinum RGB 32 GB",CMT32GX4M4C3600C18W,high
ram,Corsair,"Corsair Vengeance LPX 32 GB",CMK32GX4M2A2400C16,high
ram,G.SKILL,"G.Skill Trident Z Royal 32 GB",F4-4000C18D-32GTRS,high
ram,Corsair,"Corsair Vengeance RGB Pro 16 GB",CMW16GX4M2D3000C16,high
ram,G.SKILL,"G.Skill Aegis 16 GB",F4-2666C19D-16GIS,high
ram,Crucial,"Crucial Ballistix 64 GB",BL2K32G36C16U4B,high
ram,G.SKILL,"G.Skill Ripjaws V 32 GB",F42400C15D32GVR,high
ram,G.SKILL,"G.Skill Ripjaws V 64 GB",F4-4600C20D-64GVK,high
ram,G.SKILL,"G.Skill Trident Z RGB 64 GB",F4-3200C16Q-64GTZR,high
ram,TeamGroup,"TEAMGROUP Elite 16 GB",TED416G2666C19DC01,high
ram,Crucial,"Crucial CT32G4DFD8266 32 GB",CT32G4DFD8266,low
ram,G.SKILL,"G.Skill Trident Z 32 GB",F4-3200C16D-32GTZKW,high
ram,Crucial,"Crucial CT16G4DFRA266 16 GB",CT16G4DFRA266,low
ram,Corsair,"Corsair Vengeance LPX 8 GB",CMK8GX4M1A2400C14,high
ram,Patriot,"Patriot Viper 4 Blackout 64 GB",PVB464G360C8K,high
ram,G.SKILL,"G.Skill Trident Z RGB 16 GB",F4-3200C16D-16GTZRX,high
ram,Patriot,"Patriot Viper Steel 32 GB",PVS432G320C6,high
ram,TeamGroup,"TEAMGROUP Elite 32 GB",TED432G3200C2201,high
ram,Crucial,"Crucial CT16G4DFD832A 16 GB",CT16G4DFD832A,low
ram,Corsair,"Corsair Vengeance LPX 16 GB",CMK16GX4M1A2400C14,high
ram,G.SKILL,"G.Skill Trident Z Royal 32 GB",F4-3200C16D-32GTRG,high
ram,G.SKILL,"G.Skill Flare X 32 GB",F4-3200C16D-32GFX,high
ram,G.SKILL,"G.Skill Ripjaws V 32 GB",F4-4400C19D-32GVK,high
ram,G.SKILL,"G.Skill Ripjaws V 64 GB",F4-3200C16D-64GVK,high
ram,Crucial,"Crucial CT4K8G4DFS8213 32 GB",CT4K8G4DFS8213,low
ram,Corsair,"Corsair Vengeance LPX 16 GB",CMK16GX4M4A2666C16,high
ram,TeamGroup,"TEAMGROUP T-Force Vulcan Z 16 GB",TLZRD416G3200HC16CDC01,high
ram,G.SKILL,"G.Skill Ripjaws V 16 GB",F4-3600C19D-16GVRB,high
ram,Crucial,"Crucial Ballistix Sport LT 16 GB",BLS2K8G4D26BFSCK,high
ram,G.SKILL,"G.Skill Ripjaws V 32 GB",F4-3600C18Q-32GVK,high
ram,Lexar,"Lexar Ares RGB 16 GB",LD4EU008G-R4000GDWA,high
ram,Corsair,"Corsair Vengeance RGB Pro SL 64 GB",CMH64GX4M4D3600C18W,high
ram,G.SKILL,"G.Skill Ripjaws V 16 GB",F4-3200C16D-16GVKBN,high
ram,Corsair,"Corsair Dominator Platinum 16 GB",CMD16GX4M2B2400C10,high
ram,G.SKILL,"G.Skill Value 4 GB",F4-2400C17S-4GNT,high
ram,Corsair,"Corsair Vengeance RGB Pro 32 GB",CMW32GX4M2C3200C16W,high
ram,TeamGroup,"TEAMGROUP T-Create Expert 16 GB",TTCED416G3600HC18JDC01,high
ram,Corsair,"Corsair Vengeance LED 16 GB",CMU16GX4M2C3200C16,high
ram,Thermaltake,"Thermaltake TOUGHRAM RGB 16 GB",R022D408GX2-3600C18A,high
ram,Corsair,"Corsair Dominator Platinum 32 GB",CMD32GX4M2B3000C15,high
ram,Corsair,"Corsair Vengeance LPX 16 GB",CMK16GX4M2C3000C16,high
ram,TeamGroup,"TEAMGROUP T-Force Delta RGB 8 GB",TF4D48G3200HC16C01,high
ram,TeamGroup,"TEAMGROUP T-Force Delta RGB 64 GB",TF3D464G3600HC18JDC01,high
ram,G.SKILL,"G.Skill Ripjaws 32 GB",F4-3200C22D-32GRS,high
ram,G.SKILL,"G.Skill Trident Z RGB 32 GB",F4-3600C17D-32GTZR,high
ram,Corsair,"Corsair Vengeance RGB Pro 16 GB",CMW16GX4M2Z3200C16,high
ram,Crucial,"Crucial CT4K8G4DFS8266 32 GB",CT4K8G4DFS8266,low
ram,Corsair,"Corsair Vengeance RGB Pro 32 GB",CMW32GX4M2Z3600C14,high
ram,Crucial,"Crucial CT4K4G4DFS8213 16 GB",CT4K4G4DFS8213,low
ram,Corsair,"Corsair Vengeance RGB Pro 8 GB",CMW8GX4M1Z3200C16,high
ram,Crucial,"Crucial Ballistix Sport LT 32 GB",BLS2K16G4D240FSC,high
ram,G.SKILL,"G.Skill Ripjaws V 16 GB",F4-3000C15D-16GVKB,high
ram,Corsair,"Corsair Vengeance LPX 64 GB",CMK64GX4M4B3600C18,high
ram,G.SKILL,"G.Skill TridentZ RGB 16 GB",F4-4000C17D-16GTZR,high
ram,TeamGroup,"TEAMGROUP T-Force Vulcan Z 16 GB",TLZGD416G3600HC14CDC01,high
ram,G.SKILL,"G.Skill Trident Z RGB 32 GB",F4-3200C14D-32GTZR,high
ram,Crucial,"Crucial Ballistix 16 GB",BL2K8G30C15U4B,high
ram,Crucial,"Crucial CT2K8G4SFS8266 16 GB",CT2K8G4SFS8266,low
ram,TeamGroup,"TEAMGROUP Elite 64 GB",TED464G3200C22DC01,high
ram,G.SKILL,"G.Skill Trident Z RGB 64 GB",F4-3600C16Q2-64GTZR,high
ram,Patriot,"Patriot Viper 4 Blackout 16 GB",PVB416G320C6K,high
ram,TeamGroup,"TEAMGROUP T-Force Vulcan 32 GB",TLGD432G3200HC16CQC01,high
ram,Netac,"Netac Shadow II 32 GB",NTSWD4P26DP-32K,high
ram,Corsair,"Corsair Vengeance LPX 64 GB",CMK64GX4M4B3200C16,high
ram,TeamGroup,"TEAMGROUP Team T-Force Night Hawk RGB 16GB (2 x 8GB) 288-Pin DDR4 SDRAM DDR4 3600 (PC4 28800) Desktop Memory Model TF1D416G3600HC18JDC01 16 GB",TF1D416G3600HC18JDC01,low
ram,Patriot,"Patriot Viper Steel 16 GB",PVS416G300C6,high
ram,G.SKILL,"G.Skill Trident Z Royal 16 GB",F4-4600C18D-16GTRS,high
ram,Patriot,"Patriot Signature Premium 16 GB",PSP416G2400KH1,high
ram,TeamGroup,"TEAMGROUP T-Force Vulcan Z 16 GB",TLZGD416G3200HC16F01,high
ram,G.SKILL,"G.Skill Ripjaws V 16 GB",F42666C15D16GVR,high
ram,Corsair,"Corsair Vengeance LPX 32 GB",CMK32GX4M2Z4000C18,high
ram,G.SKILL,"G.Skill Trident Z Neo 16 GB",F4-3200C16D-16GTZN,high
ram,Corsair,"Corsair Vengeance LPX 32 GB",CMK32GX4M2D3200C16,high
ram,TeamGroup,"TEAMGROUP T-Force Delta RGB 16 GB",TF3D416G3000HC16CDC01,high
ram,TeamGroup,"TEAMGROUP T-Force Xtreem ARGB 32 GB",TF13D432G3600HC14CDC01,high
ram,Corsair,"Corsair Vengeance LPX 4 GB",CMK4GX4M1A2400C14,high
ram,Patriot,"Patriot Signature Premium 16 GB",PSP416G26662H1,high
ram,AMD,"AMD R7 Performance 8 GB",R748G2400U2S,high
ram,Corsair,"Corsair Vengeance RGB Pro 32 GB",CMW32GX4M2A2666C16W,high
ram,G.SKILL,"G.Skill F4-3600C17D-32GTZSW 32 GB",F4-3600C17D-32GTZSW,low
ram,Corsair,"Corsair Vengeance LPX 32 GB",CMK32GX4M4B3200C16,high
ram,Patriot,"Patriot Viper Venom RGB 16 GB",PVR416G320C6K,high
ram,Thermaltake,"Thermaltake TOUGHRAM XG RGB 64 GB",RG06R432GX2-3600C18B,high
ram,Corsair,"Corsair Vengeance LPX 16 GB",CMK16GX4M2B3000C15R,high
ram,Patriot,"Patriot Viper Elite II 32 GB",PVE2432G266C6K,high
ram,G.SKILL,"G.Skill Trident Z Royal 32 GB",F4-3600C16D-32GTRSC,high
ram,Corsair,"Corsair Vengeance LPX 16 GB",CMK16GX4M2B3000C15W,high
ram,Corsair,"Corsair Vengeance LPX 8 GB",CMK8GX4M1Z3200C16,high
ram,Crucial,"Crucial Ballistix 16 GB",BL2K8G36C16U4BL,high
ram,PNY,"PNY XLR8 16 GB",MD16GK2D4266616XR,high
ram,G.SKILL,"G.Skill Sniper X 16 GB",F4-3200C16D-16GSXWB,high
ram,G.SKILL,"G.Skill Ripjaws V 128 GB",F4-3200C16Q-128GVK,high
ram,G.SKILL,"G.Skill Ripjaws 4 16 GB",F42133C15D16GRR,high
ram,GeIL,"GeIL Orion RGB AMD Edition 16 GB",GAOSG416GB3600C18BDC,high
ram,G.SKILL,"G.Skill Ripjaws V 32 GB",F42133C15D32GVR,high
ram,Corsair,"Corsair Vengeance LPX 32 GB",CMK32GX4M4E3200C16,high
ram,Corsair,"Corsair Vengeance RGB Pro 16 GB",CMW16GX4M2Z4000C18,high
ram,Corsair,"Corsair Vengeance LPX 64 GB",CMK64GX4M2Z4000C18,high
ram,Patriot,"Patriot Viper 4 Blackout 32 GB",PVB432G360C8K,high
ram,Patriot,"Patriot Viper Steel 32 GB",PVS432G300C6K,high
ram,G.SKILL,"G.Skill Trident Z RGB 128 GB",F4-3600C18Q-128GTZR,high
ram,G.SKILL,"G.Skill Trident Z Neo 128 GB",F4-3600C16Q-128GTZN,high
ram,Crucial,"Crucial Ballistix Elite 32 GB",BLE4K8G4D36BEEAK,high
ram,Corsair,"Corsair Vengeance LPX 32 GB",CMK32GX4M4A2133C13,high
ram,Corsair,"Corsair Dominator Platinum RGB 64 GB",CMT64GX4M2C3600C18,high
ram,G.SKILL,"G.Skill Trident Z Royal 16 GB",F4-3600C18D-16GTRS,high
ram,PNY,"PNY XLR8 Gaming EPIC-X RGB 8 GB",MD8GD4320016XRGB,high
ram,G.SKILL,"G.Skill Trident Z Royal 32 GB",F4-3600C16Q-32GTRS,high
ram,Crucial,"Crucial Ballistix 16 GB",BL2K8G36C16U4W,high
ram,G.SKILL,"G.Skill Ripjaws 16 GB",F4-3200C22D-16GRS,high
ram,Patriot,"Patriot Viper Steel RGB 32 GB",PVSR432G320C8K,high
ram,Patriot,"Patriot Viper Steel RGB 64 GB",PVSR464G320C8K,high
ram,Patriot,"Patriot Viper Elite II 32 GB",PVE2432G320C8,high
ram,PNY,"PNY Anarchy 4 GB",MD4GSD4213315AR,high
ram,G.SKILL,"G.Skill Trident Z RGB 64 GB",F4-4400C19D-64GTZR,high
ram,Corsair,"Corsair Vengeance RGB Pro 32 GB",CMW32GX4M4D3600C16,high
ram,GeIL,"GeIL Orion AMD Edition 16 GB",GAOG416GB3200C16ADC,high
ram,G.SKILL,"G.Skill Trident Z RGB 16 GB",F4-3200C14D-16GTZR,high
ram,GeIL,"GeIL Dragon RAM 16 GB",GWW416GB3200C16DC,high
ram,Corsair,"Corsair Vengeance RGB 16 GB",CMR16GX4M2C3000C15,high
ram,G.SKILL,"G.Skill Trident Z RGB 32 GB",F4-4400C19D-32GTZR,high
ram,Corsair,"Corsair Vengeance RGB Pro 128 GB",CMW128GX4M4E3200C16,high
ram,Lexar,"Lexar THOR 8 GB",LD4BU008G-R3600GSWG,high
ram,Lexar,"Lexar Ares RGB 32 GB",LD4BU016G-R3600GDLA,high
ram,G.SKILL,"G.Skill Ripjaws 4 128 GB",F42800C15Q2128GRKD,high
ram,G.SKILL,"G.Skill TridentZ RGB 16 GB",F4-4000C16D-16GTZRA,high
ram,G.SKILL,"G.Skill Trident Z Royal 64 GB",F4-3600C18D-64GTRS,high
ram,Corsair,"Corsair Vengeance LPX 16 GB",CMK16GX4M2A2666C16W,high
ram,Thermaltake,"Thermaltake TOUGHRAM 16 GB",R020D408GX2-4000C19A,high
ram,Patriot,"Patriot Viper Elite II 8 GB",PVE248G320C8,high
ram,Patriot,"Patriot Viper Elite II 8 GB",PVE248G360C0,high
ram,TeamGroup,"TEAMGROUP Elite 32 GB",TED432G2666C19DC01,high
ram,Corsair,"Corsair Vengeance RGB Pro 32 GB",CMW32GX4M2C3000C15,high
ram,Corsair,"Corsair Vengeance LPX 16 GB",CMK16GX4M2B3600C18,high
ram,EVGA,"EVGA SuperSC 16 GB",8GXD43200MR,high
ram,G.SKILL,"G.Skill Trident Z Neo 32 GB",F4-3600C16Q-32GTZNC,high
ram,TeamGroup,"TEAMGROUP T-Force Zeus 16 GB",TTZD416G3200HC20DC01,high
ram,Patriot,"Patriot Viper Elite II 16 GB",PVE2416G266C6,high
ram,G.SKILL,"G.Skill Trident Z Royal 16 GB",F4-3200C16D-16GTRG,high
ram,Corsair,"Corsair Vengeance RGB Pro SL 64 GB",CMH64GX4M2E3200C16,high
ram,Corsair,"Corsair Vengeance RGB Pro 16 GB",CMW16GX4M2C3600C18,high
ram,Patriot,"Patriot Signature Premium 8 GB",PSP48G2666KH1,high
ram,Patriot,"Patriot Viper 4 16 GB",PV416G300C6K,high
ram,Patriot,"Patriot Viper Elite 32 GB",PVE432G266C6KGY,high
ram,Netac,"Netac Shadow II 16 GB",NTSWD4P32SP-16K,high
ram,GeIL,"GeIL SUPER LUCE RGB SYNC 16 GB",GALS416GB3200C16ADC,high
ram,Corsair,"Corsair Vengeance LPX 32 GB",CMK32GX4M2K3600C16,high
ram,G.SKILL,"G.Skill Trident Z Royal 64 GB",F4-4600C20D-64GTRS,high
ram,Thermaltake,"Thermaltake TOUGHRAM XG RGB 16 GB",RG06D408GX2-4600C19B,high
ram,TeamGroup,"TEAMGROUP T-Force Delta RGB 16 GB",TF3D416G2400HC15BDC01,high
ram,Crucial,"Crucial Ballistix 32 GB",BL2K16G36C16U4R,high
ram,TeamGroup,"TEAMGROUP T-Force Delta RGB 8 GB",TF3D48G3600HC18J01,high
ram,G.SKILL,"G.Skill Ripjaws 32 GB",F42400C16D32GRS,high
ram,Corsair,"Corsair ValueSelect 32 GB",CMSO32GX4M2A2133C15,high
ram,Crucial,"Crucial CT2K16G4DFD832A 32 GB",CT2K16G4DFD832A,low
ram,G.SKILL,"G.Skill Aegis 16 GB",F4-2400C17S-16GIS,high
ram,G.SKILL,"G.Skill Ripjaws V 32 GB",F4-4000C18Q-32GVK,high
ram,Corsair,"Corsair Vengeance RGB Pro 32 GB",CMW32GX4M2Z2933C16,high
ram,Corsair,"Corsair Vengeance LPX 64 GB",CMK64GX4M4D3000C16,high
ram,TeamGroup,"TEAMGROUP T-Force Delta TUF Gaming Alliance RGB 32 GB",TF9D432G3200HC16FDC01,high
ram,Crucial,"Crucial CT16G4DFD8213 16 GB",CT16G4DFD8213,low
ram,Lexar,"Lexar Ares RGB 16 GB",LD4BU008G-R3600GDLA,high
ram,Crucial,"Crucial Ballistix 8 GB",BL8G32C16U4R,high
ram,Corsair,"Corsair Vengeance LPX 8 GB",CMK8GX4M2B3000C15,high
ram,Corsair,"Corsair Vengeance RGB Pro 16 GB",CMW16GX4M2C3600C18W,high
ram,TeamGroup,"TEAMGROUP T-Force Vulcan TUF Gaming Alliance 32 GB",TLTYD432G3600HC19ADC01,high
ram,Corsair,"Corsair Vengeance RGB Pro 16 GB",CMW16GX4M1Z3200C16,high
ram,Corsair,"Corsair Dominator Platinum RGB 64 GB",CMT64GX4M4K3600C18,high
ram,Patriot,"Patriot Viper Elite II 16 GB",PVE2416G400C0,high
ram,Crucial,"Crucial Ballistix RGB 16 GB",BL2K8G36C16U4RL,high
ram,G.SKILL,"G.Skill Ripjaws V 16 GB",F43200C16D16GVGB,high
ram,Crucial,"Crucial CT2K8G4DFS8266 16 GB",CT2K8G4DFS8266,low
ram,G.SKILL,"G.Skill NT 8 GB",F42400C15S8GNT,high
ram,Patriot,"Patriot Signature Line 16 GB",PSD416G320081,high
ram,Patriot,"Patriot Viper Steel RGB 32 GB",PVSR432G320C8,high
ram,G.SKILL,"G.Skill Trident Z 32 GB",F43000C15D32GTZ,high
ram,PNY,"PNY Performance 32 GB",MD32GSD43200-TB,high
ram,Lexar,"Lexar THOR 16 GB",LD4BU008G-R3600GDWG,high
ram,Netac,"Netac Shadow II 8 GB",NTSWD4P32SP-08K,high
ram,G.SKILL,"G.Skill Trident Z Neo 32 GB",F4-4000C14D-32GTZN,high
ram,GeIL,"GeIL Dragon RAM 8 GB",GWW48GB3333C16DC,high
ram,G.SKILL,"G.Skill Ripjaws V 32 GB",F42666C15D32GVR,high
ram,Crucial,"Crucial CT8G4SFS8266 8 GB",CT8G4SFS8266,low
ram,PNY,"PNY MN64GK2D43200-TB 64 GB",MN64GK2D43200-TB,low
ram,TeamGroup,"TEAMGROUP T-Create Classic 64 GB",TTCCD464G3200HC22DC01,high
ram,G.SKILL,"G.Skill Trident Z Neo 32 GB",F4-3200C14Q-32GTZN,high
ram,Patriot,"Patriot Viper 4 32 GB",PV432G320C6K,high
ram,Patriot,"Patriot Signature Line 4 GB",PSD44G240081,high
ram,Corsair,"Corsair Vengeance LPX 16 GB",CMK16GX4M1A2666C16,high
ram,G.SKILL,"G.Skill Value 16 GB",F4-2666C19D-16GNT,high
ram,TeamGroup,"TEAMGROUP T-Force Vulcan Z 32 GB",TLZRD432G3200HC16CDC01,high
ram,Patriot,"Patriot Viper Steel RGB 16 GB",PVSR416G360C0K,high
ram,Crucial,"Crucial CT2K4G4DFS632A 8 GB",CT2K4G4DFS632A,low
ram,TeamGroup,"TEAMGROUP T-Force Vulcan Z 16 GB",TLZRD416G3000HC16CDC01,high
ram,Crucial,"Crucial Ballistix 16 GB",BL2K8G26C16U4B,high
ram,TeamGroup,"TEAMGROUP T-Force Dark Za 16 GB",TDZAD416G3600HC18JDC01,high
ram,Crucial,"Crucial Ballistix Sport LT 8 GB",BLS2C4G4D240FSB,high
ram,Patriot,"Patriot Viper Steel 16 GB",PVS416G400C9K,high
ram,Crucial,"Crucial Ballistix Sport LT 16 GB",BLS2K8G4D30AESEK,high
ram,Corsair,"Corsair Vengeance LPX 128 GB",CMK128GX4M4X4000C18,high
ram,G.SKILL,"G.Skill Ripjaws 16 GB",F42400C16D16GRS,high
ram,G.SKILL,"G.Skill Ripjaws V 32 GB",F4-2666C19Q-32GVR,high
ram,Thermaltake,"Thermaltake TOUGHRAM XG RGB 16 GB",R016D408GX2-4400C19A,high
ram,Corsair,"Corsair Vengeance RGB Pro 128 GB",CMW128GX4M4D3600C18,high
ram,Crucial,"Crucial Ballistix Sport LT 4 GB",BLS4G4D240FSE,high
ram,Corsair,"Corsair Vengeance LPX 64 GB",CMK64GX4M4A2400C14,high
ram,Corsair,"Corsair Vengeance RGB Pro SL 32 GB",CMH32GX4M4E3200C16W,high
ram,Corsair,"Corsair Vengeance LPX 16 GB",CMK16GX4M2Z5000C18,high
ram,PNY,"PNY XLR8 Gaming EPIC-X RGB 16 GB",MD16GK2D4320016XWRGB,high
ram,G.SKILL,"G.Skill Trident Z Royal Elite 16 GB",F4-5333C22D-16GTEG,high
ram,Corsair,"Corsair Vengeance LPX 16 GB",CMK16GX4M2R5133C20,high
ram,PNY,"PNY Anarchy 16 GB",MD16GK2D4240015AB,high
ram,Crucial,"Crucial Ballistix Sport LT 8 GB",BLS8G4D26BFSE,high
ram,TeamGroup,"TEAMGROUP T-Force Delta RGB 16 GB",TF4D416G3000HC16CDC01,high
ram,G.SKILL,"G.Skill TridentZ RGB 32 GB",F4-4000C16D-32GTZRA,high
ram,GeIL,"GeIL GeIL EVO POTENZA AMD 32GB (2 x 16GB) 288-Pin DDR4 SDRAM DDR4 3200 (PC4 25600) Desktop Memory Model GAPB432GB3200C16ADC 32 GB",GAPB432GB3200C16ADC,low
ram,GeIL,"GeIL Dragon RAM 8 GB",GWW48GB4000C19DC,high
ram,Corsair,"Corsair Vengeance LPX 64 GB",CMK64GX4M4A2133C13,high
ram,TeamGroup,"TEAMGROUP Vulcan 16 GB",TLGD416G2400HC14DC01,high
ram,GeIL,"GeIL EVO POTENZA 8 GB",GPR48GB2400C16SC,high
ram,Crucial,"Crucial Ballistix Sport LT 16 GB",BLS2K8G4D30AESBK,high
ram,TeamGroup,"TEAMGROUP T-Force Vulcan Z 8 GB",TLZGD48G3200HC16F01,high
ram,TeamGroup,"TEAMGROUP T-Force Xtreem ARGB 16 GB",TF13D416G3200HC16CDC01,high
ram,PNY,"PNY XLR8 8 GB",MD8GSD4360018LP,high
ram,Corsair,"Corsair Vengeance LPX 64 GB",CMK64GX4M4K3733C17,high
ram,Corsair,"Corsair Vengeance RGB RS 8 GB",CMG8GX4M1D3600C18,high
ram,Corsair,"Corsair Vengeance LPX 128 GB",CMK128GX4M8X4000C19,high
ram,Corsair,"Corsair Vengeance RGB Pro SL 16 GB",CMH16GX4M2Z3600C18,high
ram,G.SKILL,"G.Skill Trident Z RGB 16 GB",F4-4000C18D-16GTZRB,high
ram,G.SKILL,"G.Skill Trident Z Royal 16 GB",F4-4400C18D-16GTRS,high
ram,G.SKILL,"G.Skill Ripjaws V 32 GB",F4-3200C14D-32GVK,high
ram,TeamGroup,"TEAMGROUP T-Force Vulcan Z 16 GB",TLZRD416G3200HC16F01,high
ram,G.SKILL,"G.Skill Trident Z 16 GB",F4-3200C16D-16GTZSK,high
ram,Thermaltake,"Thermaltake H-ONE 16 GB",R021D408GX2-3200C16D,high
ram,G.SKILL,"G.Skill Trident Z RGB 16 GB",F4-3000C15D-16GTZR,high
ram,Corsair,"Corsair Vengeance LPX 32 GB",CMK32GX4M4B3200C16W,high
ram,Corsair,"Corsair Vengeance RGB 128 GB",CMR128GX4M8X3800C19,high
ram,Corsair,"Corsair Vengeance LPX 32 GB",CMK32GX4M4D3600C16,high
ram,Corsair,"Corsair Vengeance RGB Pro 16 GB",CMW16GX4M2E3200C16-T,high
ram,TeamGroup,"TEAMGROUP Dark Pro 16 GB",TDPGD416G3200HC14ADC01,high
ram,G.SKILL,"G.Skill Trident Z Neo 32 GB",F4-3600C14D-32GTZN,high
ram,Corsair,"Corsair Vengeance LPX 16 GB",CMK16GX4M2B3200C16R,high
ram,Corsair,"Corsair Dominator Platinum 32 GB",CMD32GX4M4B3200C16,high
ram,G.SKILL,"G.Skill Trident Z Royal Elite 32 GB",F4-4800C20D-32GTES,high
ram,G.SKILL,"G.Skill Ripjaws V 16 GB",F42666C15D16GVB,high
ram,Corsair,"Corsair Vengeance LPX 16 GB",CMK16GX4M2A2800C16,high
ram,Corsair,"Corsair Vengeance LPX 32 GB",CMK32GX4M2D3600C18S,high
ram,Corsair,"Corsair Vengeance RGB Pro 16 GB",CMW16GX4M2K3600C16,high
ram,TeamGroup,"TEAMGROUP T-Force Zeus 32 GB",TTZD432G3200HC16FDC01,high
ram,Corsair,"Corsair Vengeance RGB RS 16 GB",CMG16GX4M1E3200C16,high
ram,TeamGroup,"TEAMGROUP Team T-FORCE VULCAN Z 32GB 288-Pin DDR4 SDRAM DDR4 3000 (PC4 24000) Desktop Memory Model TLZRD432G3000HC16C01 32 GB",TLZRD432G3000HC16C01,low
ram,G.SKILL,"G.Skill Value 8 GB",F4-2400C17S-8GNT,high
ram,Corsair,"Corsair Vengeance RGB Pro SL 16 GB",CMH16GX4M2Z3200C16,high
ram,G.SKILL,"G.Skill Trident Z RGB 16 GB",F4-4400C18D-16GTZR,high
ram,Patriot,"Patriot Viper Steel 32 GB",PVS432G320C6K,high
ram,PNY,"PNY XLR8 Gaming EPIC-X RGB 16 GB",MD16GK2D4320016XRGB,high
ram,Corsair,"Corsair Vengeance LPX 32 GB",CMK32GX4M1D3000C16,high
ram,G.SKILL,"G.Skill Trident Z RGB 32 GB",F4-3200C16Q-32GTZR,high
ram,G.SKILL,"G.Skill Trident Z RGB 16 GB",F4-3600C18D-16GTZR,high
ram,Corsair,"Corsair Vengeance RGB Pro 64 GB",CMW64GX4M4D3600C18,high
ram,Corsair,"Corsair Vengeance LPX 16 GB",CMK16GX4M2A2400C16,high
ram,Netac,"Netac Shadow II 32 GB",NTSWD4P32DP-32K,high
ram,G.SKILL,"G.Skill Trident Z RGB 64 GB",F4-3600C18D-64GTZR,high
ram,TeamGroup,"TEAMGROUP Elite 32 GB",TED432G3200C22DC01,high
ram,PNY,"PNY Performance 8 GB",MD8GSD43200-TB,high
ram,Corsair,"Corsair Vengeance LPX 16 GB",CMK16GX4M2E3200C16W,high
ram,Crucial,"Crucial CT16G4DFD8266 16 GB",CT16G4DFD8266,low
ram,TeamGroup,"TEAMGROUP T-Force Delta RGB 16 GB",TF4D416G3600HC18JDC01,high
ram,Corsair,"Corsair Vengeance RGB Pro SL 16 GB",CMH16GX4M2E3200C16,high
ram,G.SKILL,"G.Skill Aegis 32 GB",F4-2666C19D-32GIS,high
ram,G.SKILL,"G.Skill Ripjaws 4 8 GB",8GBDDR42400GSKILL,high
ram,G.SKILL,"G.Skill Trident Z Neo 16 GB",F4-3600C16D-16GTZNC,high
ram,PNY,"PNY Performance 16 GB",MD16GSD43200-TB,high
ram,TeamGroup,"TEAMGROUP T-Force Delta RGB 32 GB",TF3D432G3600HC18JDC01,high
ram,Patriot,"Patriot Viper Steel 8 GB",PVS48G320C6,high
ram,TeamGroup,"TEAMGROUP TPRD416G3200HC2201 16 GB",TPRD416G3200HC2201,low
ram,Crucial,"Crucial CT8G4DFRA266 8 GB",CT8G4DFRA266,low
ram,Corsair,"Corsair Vengeance LPX 16 GB",CMK16GX4M2B3000C15,high
ram,G.SKILL,"G.Skill Aegis 32 GB",F4-3200C16Q-32GIS,high
ram,Patriot,"Patriot Viper Steel 16 GB",PVS416G440C9K,high
ram,G.SKILL,"G.Skill Trident Z RGB 32 GB",F4-3200C16D-32GTZR,high
ram,TeamGroup,"TEAMGROUP Elite 16 GB",TED416G3200C22DC01,high
ram,Corsair,"Corsair Vengeance LPX 32 GB",CMK32GX4M2A2666C16,high
ram,Crucial,"Crucial CT8G4DFRA32A 8 GB",CT8G4DFRA32A,low
ram,G.SKILL,"G.Skill Ripjaws V 16 GB",F4-2400C17D-16GVR,high
ram,G.SKILL,"G.Skill Trident Z Royal 32 GB",F4-3200C16D-32GTRS,high
ram,Patriot,"Patriot Viper Elite II 16 GB",PVE2416G400C0K,high
ram,G.SKILL,"G.Skill Ripjaws V 64 GB",F4-3600C16Q-64GVKC,high
ram,Crucial,"Crucial CT4G4DFS824A 4 GB",CT4G4DFS824A,low
ram,Corsair,"Corsair Vengeance RGB Pro 32 GB",CMW32GX4M2A2666C16,high
ram,Corsair,"Corsair Vengeance RGB Pro 32 GB",CMW32GX4M2D3600C18,high
ram,Crucial,"Crucial CT16G4DFRA32A 16 GB",CT16G4DFRA32A,low
ram,G.SKILL,"G.Skill Aegis 8 GB",F4-3000C16S-8GISB,high
ram,Thermaltake,"Thermaltake TOUGHRAM Z-ONE RGB 16 GB",R019D408GX2-3600C18A,high
ram,Corsair,"Corsair Vengeance LPX 16 GB",CMK16GX4M2D3600C16,high
ram,G.SKILL,"G.Skill Trident Z Neo 64 GB",F4-3600C16Q-64GTZNC,high
ram,TeamGroup,"TEAMGROUP T-Force Vulcan Z 32 GB",TLZGD432G3600HC18JDC01,high
ram,Patriot,"Patriot Viper Steel 16 GB",PVS416G360C8K,high
ram,Corsair,"Corsair Vengeance LPX 32 GB",CMK32GX4M2A2133C13,high
ram,Patriot,"Patriot Viper Steel 64 GB",PVS464G360C8K,high
ram,G.SKILL,"G.Skill Ripjaws V 128 GB",F4-2666C19Q-128GVK,high
ram,Crucial,"Crucial CT2K4G4DFS8213 8 GB",CT2K4G4DFS8213,low
ram,TeamGroup,"TEAMGROUP T-Force Delta RGB 16 GB",TF3D416G3200HC16FDC01,high
ram,Corsair,"Corsair Vengeance RGB Pro 16 GB",CMW16GX4M2D3600C18W,high
ram,Patriot,"Patriot Viper Steel 64 GB",PVS464G320C6K,high
ram,Crucial,"Crucial CT2K32G4DFD8266 64 GB",CT2K32G4DFD8266,low
ram,TeamGroup,"TEAMGROUP Elite 8 GB",TED48G3200C2201,high
ram,Corsair,"Corsair Vengeance LPX 16 GB",CMK16GX4M2Z2666C16,high
ram,GeIL,"GeIL Dragon RAM 16 GB",GWW416GB3200C15DC,high
ram,Corsair,"Corsair Vengeance RGB Pro 16 GB",CMW16GX4M2C3000C15W,high
ram,PNY,"PNY MN16GK2D43200-TB 16 GB",MN16GK2D43200-TB,low
ram,Patriot,"Patriot Signature Line 8 GB",PSD48G320081,high
ram,Corsair,"Corsair Vengeance LPX 16 GB",CMK16GX4M2Z3200C16,high
ram,Crucial,"Crucial Ballistix 32 GB",BL2K16G32C16U4B,high
ram,Corsair,"Corsair Vengeance LPX 64 GB",CMK64GX4M8Z2933C16,high
ram,TeamGroup,"TEAMGROUP T-Force Vulcan Z 64 GB",TLZGD464G3200HC16CDC01,high
ram,Corsair,"Corsair Vengeance LPX 16 GB",CMK16GX4M2B3200C16W,high
ram,G.SKILL,"G.Skill Ripjaws V 16 GB",F4-4000C18D-16GVK,high
ram,Crucial,"Crucial Ballistix 16 GB",BL2K8G36C16U4B,high
ram,Corsair,"Corsair Vengeance RGB RS 16 GB",CMG16GX4M2E3200C16,high
ram,Corsair,"Corsair Vengeance LPX 8 GB",CMK8GX4M1D3000C16,high
ram,Patriot,"Patriot Viper Steel 32 GB",PVS432G360C8K,high
ram,Patriot,"Patriot Viper Steel 16 GB",PVS416G320C6,high
ram,Thermaltake,"Thermaltake TOUGHRAM RGB 16 GB",R009D408GX2-3200C16A,high
ram,Lexar,"Lexar THOR 32 GB",LD4BU016G-R3200GDXG,high
ram,Corsair,"Corsair Vengeance LPX 64 GB",CMK64GX4M2D3600C18,high
ram,G.SKILL,"G.Skill Trident Z 32 GB",F4-3200C16D-32GTZSW,high
ram,Patriot,"Patriot Viper Steel 16 GB",PVS416G373C7K,high
ram,PNY,"PNY XLR8 32 GB",MD32GK2D4360018LP,high
ram,Corsair,"Corsair Vengeance RGB Pro 8 GB",CMW8GX4M1E3200C16,high
ram,Patriot,"Patriot Viper 4 8 GB",PV48G280C6K,high
ram,TeamGroup,"TEAMGROUP T-Force Vulcan Z 8 GB",TLZGD48G3200HC16C01,high
ram,Corsair,"Corsair Dominator Platinum RGB 32 GB",CMT32GX4M2Z3600C18,high
ram,G.SKILL,"G.Skill Trident Z RGB 32 GB",F4-3600C16D-32GTZRC,high
ram,Crucial,"Crucial CT2K8G4DFRA32A 16 GB",CT2K8G4DFRA32A,low
ram,Corsair,"Corsair Vengeance LPX 64 GB",CMK64GX4M4E3200C16,high
ram,Corsair,"Corsair Vengeance LPX 32 GB",CMK32GX4M2D3000C16,high
ram,Corsair,"Corsair Vengeance LPX 16 GB",CMK16GX4M2Z2933C16,high
ram,Corsair,"Corsair Vengeance LPX 32 GB",CMK32GX4M2D3600C16,high
ram,Patriot,"Patriot Signature Premium 16 GB",PSP416G2666KH1,high
ram,Patriot,"Patriot Viper Elite II 16 GB",PVE2416G320C8K,high
ram,Corsair,"Corsair Vengeance RGB RS 32 GB",CMG32GX4M2E3200C16,high
ram,G.SKILL,"G.Skill Trident Z Neo 32 GB",F4-3600C18Q-32GTZN,high
ram,Corsair,"Corsair Vengeance LPX 32 GB",CMK32GX4M2A2400C14,high
ram,Corsair,"Corsair Vengeance RGB Pro 16 GB",CMW16GX4M2C3000C15,high
ram,Netac,"Netac Shadow II 16 GB",NTSWD4P32DP-16K,high
ram,TeamGroup,"TEAMGROUP T-Create Expert 32 GB",TTCED432G3200HC16FDC01,high
ram,Crucial,"Crucial CT2K8G4DFD824A 16 GB",CT2K8G4DFD824A,low
ram,Corsair,"Corsair Vengeance RGB Pro SL 32 GB",CMH32GX4M2E3200C16,high
ram,Corsair,"Corsair Vengeance RGB RS 64 GB",CMG64GX4M2D3600C18,high
ram,G.SKILL,"G.Skill Trident Z Neo 32 GB",F4-4000C18D-32GTZN,high
ram,G.SKILL,"G.Skill Aegis 16 GB",F4-2666C19S-16GIS,high
ram,Crucial,"Crucial Ballistix 8 GB",BL8G36C16U4B,high
ram,Patriot,"Patriot Viper Elite II 16 GB",PVE2416G360C0K,high
ram,Corsair,"Corsair Vengeance LPX 16 GB",CMK16GX4M2A2666C16,high
ram,TeamGroup,"TEAMGROUP T-Create Classic 16 GB",TTCCD416G3200HC22DC01,high
ram,Crucial,"Crucial CT2K8G4DFS8213 16 GB",CT2K8G4DFS8213,low
ram,TeamGroup,"TEAMGROUP T-Force Vulcan Z 32 GB",TLZRD432G3200HC16FDC01,high
ram,Corsair,"Corsair Vengeance LPX 32 GB",CMK32GX4M2B3200C16,high
ram,Patriot,"Patriot Viper Steel 8 GB",PVS48G320C6K,high
ram,G.SKILL,"G.Skill Trident Z RGB 16 GB",F4-3000C16D-16GTZR,high
ram,PNY,"PNY XLR8 Gaming Low Profile 32 GB",MD32GK2D4320016LP,high
ram,G.SKILL,"G.Skill Aegis 16 GB",F4-3000C16S-16GISB,high
ram,TeamGroup,"TEAMGROUP Elite 16 GB",TED416G3200C2201,high
ram,Patriot,"Patriot Signature Line 16 GB",PSD416G32002,high
ram,G.SKILL,"G.Skill TridentZ RGB 32 GB",F4-4800C20D-32GTZR,high
ram,Crucial,"Crucial Ballistix Sport LT 16 GB",BLS16G4D240FSE,high
ram,TeamGroup,"TEAMGROUP T-Force Delta RGB 32 GB",TF4D432G3200HC16FDC01,high
ram,Corsair,"Corsair Vengeance LPX 8 GB",CMK8GX4M2A2400C16,high
ram,G.SKILL,"G.Skill Trident Z RGB 16 GB",F4-3600C16D-16GTZRC,high
ram,G.SKILL,"G.Skill Aegis 64 GB",F4-3200C16Q-64GIS,high
ram,Corsair,"Corsair Vengeance RGB Pro SL 32 GB",CMH32GX4M2E3200C16W,high
ram,Crucial,"Crucial CT32G4DFD832A 32 GB",CT32G4DFD832A,low
ram,Corsair,"Corsair Vengeance LPX 128 GB",CMK128GX4M4E3200C16,high
ram,Crucial,"Crucial Ballistix 16 GB",BL2K8G30C15U4R,high
ram,Corsair,"Corsair Vengeance RGB Pro SL 32 GB",CMH32GX4M4E3200C16,high
ram,Corsair,"Corsair Vengeance RGB Pro 32 GB",CMW32GX4M4C3200C16W,high
ram,Crucial,"Crucial Ballistix 16 GB",BL2K8G32C16U4W,high
ram,TeamGroup,"TEAMGROUP T-Create Expert 16 GB",TTCED416G3200HC16FDC01,high
ram,Patriot,"Patriot Viper 4 16 GB",PV416G320C6K,high
ram,Patriot,"Patriot Signature Line 8 GB",PSD48G266681,high
ram,G.SKILL,"G.Skill TridentZ RGB 64 GB",F4-4600C20D-64GTZR,high
ram,Crucial,"Crucial Ballistix 32 GB",BL2K16G36C16U4B,high
ram,Corsair,"Corsair Vengeance LPX 16 GB",CMK16GX4M1D3000C16,high
ram,G.SKILL,"G.Skill Ripjaws V 64 GB",F4-2666C18D-64GVK,high
ram,G.SKILL,"G.Skill Trident Z Royal 32 GB",F4-3600C16D-32GTRGC,high
ram,Corsair,"Corsair Vengeance RGB Pro SL 32 GB",CMH32GX4M2Z3200C16,high
ram,Patriot,"Patriot Viper Steel RGB 64 GB",PVSR464G360C0K,high
ram,Corsair,"Corsair Vengeance RGB Pro 32 GB",CMW32GX4M2C3200C16,high
ram,G.SKILL,"G.Skill Ripjaws V 16 GB",F4-3000C16D-16GVRB,high
ram,G.SKILL,"G.Skill Ripjaws V 32 GB",F4-4000C18D-32GVK,high
ram,Netac,"Netac Shadow II 16 GB",NTSWD4P36DP-16K,high
ram,GeIL,"GeIL Orion AMD Edition 32 GB",GAOG432GB3200C16ADC,high
ram,G.SKILL,"G.Skill Ripjaws V 32 GB",F4-3600C19D-32GVRB,high
ram,G.SKILL,"G.Skill Ripjaws V 16 GB",F43200C16D16GVRB,high
ram,Corsair,"Corsair Vengeance RGB Pro 128 GB",CMW128GX4M4X4000C18,high
ram,PNY,"PNY XLR8 Gaming EPIC-X RGB 32 GB",MD32GK2D4320016XRGB,high
ram,Crucial,"Crucial Ballistix Sport LT 8 GB",BLS8G4D240FSB,high
ram,Corsair,"Corsair Dominator Platinum RGB 32 GB",CMT32GX4M2C3200C16,high
ram,Corsair,"Corsair CORSAIR Vengeance LPX 16GB (2 x 8GB) 288-Pin DDR4 SDRAM DDR4 3000 (PC4 24000) Desktop Memory Model CMK16GX4M2C3000C16W 16 GB",CMK16GX4M2C3000C16W,low
ram,Patriot,"Patriot Viper Elite II 16 GB",PVE2416G320C8,high
ram,Crucial,"Crucial CT2K16G4DFRA266 32 GB",CT2K16G4DFRA266,low
ram,TeamGroup,"TEAMGROUP Elite 16 GB",TED416G3200C22DC-S01,high
ram,G.SKILL,"G.Skill Trident Z Neo 32 GB",F4-3600C18D-32GTZN,high
ram,G.SKILL,"G.Skill TridentZ RGB 32 GB",F4-3600C14D-32GTZRA,high
ram,Crucial,"Crucial CT2K16G4DFRA32A 32 GB",CT2K16G4DFRA32A,low
ram,Patriot,"Patriot Viper Steel 16 GB",PVS416G360C8,high
ram,Corsair,"Corsair Vengeance RGB RT 32 GB",CMN32GX4M2Z3600C16,high
ram,TeamGroup,"TEAMGROUP T-Force Vulcan Z 16 GB",TLZRD416G3600HC18JDC01,high
ram,G.SKILL,"G.Skill Trident Z RGB 8 GB",F4-3200C16S-8GTZR,high
ram,G.SKILL,"G.Skill Flare X 16 GB",F4-3200C16D-16GFX,high
ram,TeamGroup,"TEAMGROUP T-Create Expert 32 GB",TTCED432G3600HC18JDC01,high
ram,Corsair,"Corsair Vengeance LPX 32 GB",CMK32GX4M2B3200C16W,high
ram,G.SKILL,"G.Skill Trident Z RGB 64 GB",F4-3200C16D-64GTZR,high
ram,G.SKILL,"G.Skill Ripjaws V 32 GB",F43200C16Q32GVKB,high
ram,Corsair,"Corsair Vengeance RGB Pro 16 GB",CMW16GX4M1Z3600C18,high
ram,G.SKILL,"G.Skill Trident Z Neo 16 GB",F4-3600C18D-16GTZN,high
ram,Patriot,"Patriot Viper Elite II 32 GB",PVE2432G400C0K,high
ram,Corsair,"Corsair Vengeance RGB Pro 32 GB",CMW32GX4M4D3600C18,high
ram,Corsair,"Corsair Vengeance RGB Pro SL 32 GB",CMH32GX4M2D3600C18,high
ram,G.SKILL,"G.Skill Ripjaws V 64 GB",F4-3600C18D-64GVK,high
ram,Crucial,"Crucial CT2K16G4SFD8266 32 GB",CT2K16G4SFD8266,low
ram,G.SKILL,"G.Skill Trident Z 16 GB",F4-4400C19D-16GTZKK,high
ram,Corsair,"Corsair Vengeance RGB Pro SL 16 GB",CMH16GX4M2D3600C18W,high
ram,Corsair,"Corsair Vengeance RGB Pro 16 GB",CMW16GX4M2A2666C16,high
ram,G.SKILL,"G.Skill Trident Z RGB 16 GB",F4-2400C15D-16GTZR,high
ram,Crucial,"Crucial CT2K32G4DFD832A 64 GB",CT2K32G4DFD832A,low
ram,TeamGroup,"TEAMGROUP T-Force Vulcan TUF Gaming Alliance 16 GB",TLTYD416G3200HC16CDC01,high
ram,Crucial,"Crucial Ballistix Sport LT 16 GB",BLS2K8G4D32AESBK,high
ram,Patriot,"Patriot Viper 4 32 GB",PV432G266C5QK,high
ram,Corsair,"Corsair Vengeance LPX 8 GB",CMK8GX4M1Z3600C18,high
ram,TeamGroup,"TEAMGROUP T-Create Expert 64 GB",TTCED464G3200HC16FDC01,high
ram,G.SKILL,"G.Skill Aegis 4 GB",F4-2133C15S-4GIS,high
ram,G.SKILL,"G.Skill Ripjaws V 16 GB",F43000C14D16GVR,high
ram,G.SKILL,"G.Skill Trident Z Royal 64 GB",F4-3200C16Q-64GTRS,high
ram,G.SKILL,"G.Skill Trident Z Royal 16 GB",F4-4000C15D-16GTRS,high
ram,G.SKILL,"G.Skill Ripjaws V 32 GB",F4-3200C16S-32GVK,high
ram,Corsair,"Corsair CMV8GX4M1A2133C15 8 GB",CMV8GX4M1A2133C15,low
ram,Corsair,"Corsair Vengeance LPX 16 GB",CMK16GX4M2A2400C16R,high
ram,Corsair,"Corsair Vengeance RGB Pro 64 GB",CMW64GX4M4E3200C16,high
ram,Corsair,"Corsair Vengeance LPX 64 GB",CMK64GX4M4A2666C16,high
ram,Crucial,"Crucial Ballistix Sport LT 16 GB",BLS2K8G4D26BFSEK,high
ram,G.SKILL,"G.Skill Aegis 4 GB",F4-2400C15S-4GIS,high
ram,Corsair,"Corsair Vengeance LPX 32 GB",CMK32GX4M4A2666C16,high
ram,Corsair,"Corsair Vengeance LPX 32 GB",CMK32GX4M4D3600C18,high
ram,G.SKILL,"G.Skill Flare X 16 GB",F4-3200C14D-16GFX,high
ram,Lexar,"Lexar Ares RGB 16 GB",LD4EU008G-R3866GDWA,high
ram,Patriot,"Patriot Viper Steel 32 GB",PVS432G360C8,high
ram,Corsair,"Corsair Vengeance LPX 16 GB",CMK16GX4M2A2400C14,high
ram,G.SKILL,"G.Skill Ripjaws V 8 GB",F4-2666C19S-8GVR,high
ram,Corsair,"Corsair Vengeance RGB Pro 64 GB",CMW64GX4M2D3600C18,high
ram,G.SKILL,"G.Skill Trident Z Royal 16 GB",F4-3200C16D-16GTRS,high
ram,PNY,"PNY MN32GK2D43200-TB 32 GB",MN32GK2D43200-TB,low
ram,Patriot,"Patriot Viper Elite II 32 GB",PVE2432G320C8K,high
ram,Corsair,"Corsair Vengeance LPX 8 GB",CMK8GX4M2A2666C16,high
ram,Patriot,"Patriot Viper Elite 16 GB",PVE416G266C6KGY,high
ram,Corsair,"Corsair Vengeance RGB Pro 16 GB",CMW16GX4M2Z3600C18,high
ram,Patriot,"Patriot Viper 4 Blackout 16 GB",PVB416G360C8K,high
ram,TeamGroup,"TEAMGROUP T-Force Vulcan Z 16 GB",TLZGD416G3200HC16C01,high
ram,Patriot,"Patriot Viper Elite II 8 GB",PVE248G400C0,high
ram,TeamGroup,"TEAMGROUP T-Force Xtreem ARGB 32 GB",TF10D432G3600HC14CDC01,high
ram,G.SKILL,"G.Skill Trident Z Royal Elite 32 GB",F4-3600C14D-32GTESA,high
ram,GeIL,"GeIL EVO SPEAR 16 GB",GSB416GB3000C16ADC,high
ram,Corsair,"Corsair Vengeance LPX 16 GB",CMK16GX4M2A2133C13R,high
ram,G.SKILL,"G.Skill TridentZ RGB 64 GB",F4-3600C14Q-64GTZRA,high
ram,G.SKILL,"G.Skill Trident Z 16 GB",F43400C16D16GTZ,high
ram,G.SKILL,"G.Skill Ripjaws V 16 GB",F43200C14D16GVK,high
ram,G.SKILL,"G.Skill Aegis 16 GB",F4-2400C15D-16GIS,high
ram,Corsair,"Corsair Dominator Platinum 32 GB",CMD32GX4M2C3200C16,high
ram,G.SKILL,"G.Skill Trident Z Neo 16 GB",F4-3600C16D-16GTZN,high
ram,Corsair,"Corsair Vengeance RGB RT 16 GB",CMN16GX4M2Z3600C16,high
ram,Crucial,"Crucial Ballistix Sport LT 32 GB",BLS2K16G4D32AESB,high
ram,TeamGroup,"TEAMGROUP T-Force Vulcan Z 32 GB",TLZGD432G4000HC18LDC01,high
ram,G.SKILL,"G.Skill Ripjaws V 32 GB",F4-3600C16Q-32GVKC,high
ram,Crucial,"Crucial Ballistix MAX RGB 32 GB",BLM2K16G44C19U4BL,high
ram,Corsair,"Corsair Vengeance RGB 16 GB",CMR16GX4M2A2666C16,high
ram,G.SKILL,"G.Skill Ripjaws V 32 GB",F4-3000C16D-32GVRB,high
ram,G.SKILL,"G.Skill Aegis 8 GB",F4-2400C17S-8GIS,high
ram,Patriot,"Patriot Viper 4 Blackout 32 GB",PVB432G300C6K,high
ram,Thermaltake,"Thermaltake H-ONE 16 GB",R002D408GX2-2666C19D,high
ram,G.SKILL,"G.Skill Ripjaws V 32 GB",F43000C15D32GVR,high
ram,G.SKILL,"G.Skill Value 8 GB",F4-2400C17D-8GNT,high
ram,Lexar,"Lexar Hades RGB 16 GB",LD4BU008G-R3200GDLH,high
ram,TeamGroup,"TEAMGROUP T-Force Vulcan Z 8 GB",TLZRD48G2666HC18H01,high
ram,Crucial,"Crucial Ballistix Sport LT 16 GB",BLS2K8G4D240FSB,high
ram,G.SKILL,"G.Skill Ripjaws V 32 GB",F4-3600C14D-32GVKA,high
ram,G.SKILL,"G.Skill Trident Z Royal Elite 32 GB",F4-4000C14D-32GTEG,high
ram,Patriot,"Patriot Signature Premium 8 GB",PSP48G240081H1,high
ram,Corsair,"Corsair Vengeance LPX 16 GB",CMK16GX4M1A2400C16,high
ram,Corsair,"Corsair Vengeance LPX 16 GB",CMK16GX4M2A2400C14R,high
ram,G.SKILL,"G.Skill Ripjaws V 8 GB",F42133C15D8GVR,high
ram,G.SKILL,"G.Skill Ripjaws V 16 GB",F43200C16D16GVK,high
ram,Corsair,"Corsair Vengeance LPX 128 GB",CMK128GX4M4D3600C18,high
ram,G.SKILL,"G.Skill Trident Z Neo 32 GB",F4-3600C16D-32GTZN,high
ram,G.SKILL,"G.Skill Trident Z RGB 64 GB",F4-4000C18D-64GTZR,high
ram,Corsair,"Corsair Dominator Platinum RGB 16 GB",CMT16GX4M2C3200C16,high
ram,Corsair,"Corsair Vengeance RGB 16 GB",CMR16GX4M2Z3200C16,high
ram,Corsair,"Corsair Vengeance RGB Pro 32 GB",CMW32GX4M2C3000C15W,high
ram,Corsair,"Corsair Vengeance RGB Pro 64 GB",CMW64GX4M4C3200C16,high
ram,Corsair,"Corsair Vengeance RGB Pro 64 GB",CMW64GX4M4C3200C16W,high
ram,Crucial,"Crucial Ballistix RGB 32 GB",BL2K16G36C16U4WL,high
ram,Corsair,"Corsair Vengeance RGB Pro 32 GB",CMW32GX4M2Z4000C18,high
ram,G.SKILL,"G.Skill Ripjaws 16 GB",F4-3200C22S-16GRS,high
ram,TeamGroup,"TEAMGROUP T-Create Expert 64 GB",TTCED464G3600HC18JDC01,high
ram,Crucial,"Crucial CT2K8G4DFS832A 16 GB",CT2K8G4DFS832A,low
ram,Crucial,"Crucial CT2K32G4SFD8266 64 GB",CT2K32G4SFD8266,low
ram,G.SKILL,"G.Skill Trident Z RGB 32 GB",F4-4000C18Q-32GTZRB,high
ram,G.SKILL,"G.Skill Ripjaws V 64 GB",F4-3600C16D-64GVK,high
ram,G.SKILL,"G.Skill Trident Z Royal 16 GB",F4-3000C16D-16GTRG,high
ram,TeamGroup,"TEAMGROUP T-Force Delta RGB 8 GB",TF3D48G3000HC16CDC01,high
ram,Corsair,"Corsair Vengeance LED 16 GB",CMU16GX4M2A2666C16R,high
ram,Corsair,"Corsair Vengeance RGB Pro 16 GB",CMW16GX4M2Z2933C16,high
ram,GeIL,"GeIL EVO POTENZA 16 GB",GPR416GB3000C16ADC,high
ram,TeamGroup,"TEAMGROUP Elite Plus 8 GB",TPD48GM2400HC1601,high
ram,Corsair,"Corsair Vengeance LPX 16 GB",CMK16GX4M4B3200C16,high
ram,G.SKILL,"G.Skill Ripjaws V 16 GB",F4-5333C22D-16GVK,high
ram,Corsair,"Corsair Vengeance LPX 8 GB",CMK8GX4M2A2133C13,high
ram,Corsair,"Corsair Vengeance LPX 16 GB",CMK16GX4M2B3000C15B,high
ram,Corsair,"Corsair Vengeance LPX 32 GB",CMK32GX4M4A2400C16,high
ram,Crucial,"Crucial Ballistix 16 GB",BL2K8G32C16U4R,high
ram,Corsair,"Corsair Vengeance LPX 64 GB",CMK64GX4M2A2666C16,high
ram,Crucial,"Crucial Ballistix Sport LT 16 GB",BLS2K8G4D240FSE,high
ram,TeamGroup,"TEAMGROUP Vulcan 16 GB",TLGD416G3000HC16CDC01,high
ram,Crucial,"Crucial Ballistix Sport LT 8 GB",BLS8G4D26BFSBK,high
ram,G.SKILL,"G.Skill Trident Z RGB 32 GB",F4-3600C19Q-32GTZRB,high
ram,Crucial,"Crucial Ballistix MAX 32 GB",BLM2K16G44C19U4B,high
ram,Crucial,"Crucial CT4K16G4DFD824A 64 GB",CT4K16G4DFD824A,low
ram,Patriot,"Patriot Viper Steel 16 GB",PVS416G400C6K,high
ram,G.SKILL,"G.Skill F4-3200C16Q2-128GTZ 128 GB",F4-3200C16Q2-128GTZ,low
ram,Corsair,"Corsair Vengeance LPX 64 GB",CMK64GX4M2D3000C16,high
ram,TeamGroup,"TEAMGROUP Elite 8 GB",TED48G3200C22016,high
ram,Thermaltake,"Thermaltake TOUGHRAM RGB 32 GB",R009D416GX2-3600C18A,high
ram,Crucial,"Crucial Ballistix 32 GB",BL2K16G36C16U4BL,high
ram,G.SKILL,"G.Skill Trident Z 32 GB",F4-3600C17D-32GTZKW,high
ram,Patriot,"Patriot Signature Line 4 GB",PSD44G266681,high
ram,G.SKILL,"G.Skill Ripjaws V 32 GB",F4-3200C16D-32GVR,high
ram,Patriot,"Patriot Viper Elite 8 GB",PVE48G266C6GY,high
ram,G.SKILL,"G.Skill Ripjaws 4 16 GB",F42400C15D16GRR,high
ram,TeamGroup,"TEAMGROUP Elite Plus 16 GB",TPRD416G2400HC16DC01,high
ram,G.SKILL,"G.Skill Ripjaws V 32 GB",F42400C14D32GVK,high
ram,Corsair,"Corsair Vengeance RGB Pro SL 32 GB",CMH32GX4M4D3600C18W,high
ram,TeamGroup,"TEAMGROUP Elite Plus 16 GB",TPD416G2400HC1601,high
ram,Crucial,"Crucial Ballistix 16 GB",BL2K8G24C16U4B,high
ram,G.SKILL,"G.Skill Ripjaws V 32 GB",F43200C16D32GVKA,high
ram,G.SKILL,"G.Skill Aegis 16 GB",F4-2133C15D-16GIS,high
ram,Crucial,"Crucial Ballistix Sport LT 8 GB",BLS2K4G4D240FSC,high
ram,GeIL,"GeIL Dragon RAM 32 GB",GWW432GB2800C16DC,high
ram,Corsair,"Corsair Dominator Platinum 64 GB",CMD64GX4M4C3200C16,high
ram,G.SKILL,"G.Skill Trident Z RGB 16 GB",F4-4266C19D-16GTZR,high
ram,G.SKILL,"G.Skill TridentZ RGB 128 GB",F4-3200C14Q2-128GTZR,high
ram,Patriot,"Patriot Viper 4 8 GB",PV48G300C6K,high
ram,Corsair,"Corsair Vengeance LED 16 GB",CMU16GX4M2C3000C15R,high
ram,TeamGroup,"TEAMGROUP T-Force Vulcan Z 16 GB",TLZGD416G2666HC18HDC01,high
ram,G.SKILL,"G.Skill Trident Z 16 GB",F4-3600C18S-16GTZRM,high
ram,GeIL,"GeIL EVO X II AMD 16 GB",GAEXSY416GB3200C16ADC,high
ram,Corsair,"Corsair Vengeance RGB RT 32 GB",CMN32GX4M2Z3600C18,high
ram,Crucial,"Crucial Ballistix Sport LT 16 GB",BLS16G4D32AESE,high
ram,Corsair,"Corsair Dominator Platinum RGB 32 GB",CMT32GX4M4C3200C16,high
ram,G.SKILL,"G.Skill Trident Z Royal 32 GB",F4-4000C16D-32GTRS,high
ram,Corsair,"Corsair Vengeance LPX 64 GB",CMK64GX4M4X4000C18,high
ram,TeamGroup,"TEAMGROUP Xtreem ARGB 32 GB",TF13D432G3200HC14BDC01,high
ram,Crucial,"Crucial CT4K8G4DFD824A 32 GB",CT4K8G4DFD824A,low
ram,Patriot,"Patriot Viper 4 Blackout 64 GB",PVB464G320C6K,high
ram,G.SKILL,"G.Skill Trident Z Neo 16 GB",F4-3600C14D-16GTZNB,high
ram,G.SKILL,"G.Skill Aegis 32 GB",F4-2133C15Q-32GIS,high
ram,Corsair,"Corsair Vengeance LPX 64 GB",CMK64GX4M2C3000C15,high
ram,G.SKILL,"G.Skill Trident Z 32 GB",F43200C16Q32GTZB,high
ram,Corsair,"Corsair Vengeance RGB Pro 32 GB",CMW32GX4M2D3000C16,high
ram,TeamGroup,"TEAMGROUP T-Force Dark Pro 8Pack Ripped Edition 16 GB",TDPPD416G3600HC14CDC01,high
ram,G.SKILL,"G.Skill Value 8 GB",F4-2666C19S-8GNT,high
ram,TeamGroup,"TEAMGROUP T-Force Night Hawk Legend RGB 32 GB",TF1D432G3200HC16CDC01,high
ram,Corsair,"Corsair Vengeance LPX 64 GB",CMK64GX4M2G4000C18,high
ram,TeamGroup,"TEAMGROUP T-Force Delta TUF Gaming Alliance RGB 16 GB",TF9D416G3200HC16FDC01,high
ram,Corsair,"Corsair Dominator Platinum RGB 32 GB",CMT32GX4M2K4000C19W,high
ram,TeamGroup,"TEAMGROUP T-Force Dark Za 16 GB",TDZAD416G3200HC16CDC01,high
ram,Crucial,"Crucial Ballistix 16 GB",BL16G36C16U4B,high
ram,G.SKILL,"G.Skill Ripjaws V 8 GB",F4-2800C17S-8GVR,high
ram,G.SKILL,"G.Skill Ripjaws V 128 GB",F4-3200C14Q-128GVK,high
ram,G.SKILL,"G.Skill Ripjaws V 64 GB",F4-4400C19D-64GVK,high
ram,Corsair,"Corsair Vengeance LPX 8 GB",CMK8GX4M1A2400C14R,high
ram,Patriot,"Patriot Viper Elite II 32 GB",PVE2432G360C0,high
ram,Corsair,"Corsair Vengeance RGB Pro 32 GB",CMW32GX4M4C3000C15,high
ram,G.SKILL,"G.Skill NT 8 GB",F42133C15D8GNT,high
ram,Crucial,"Crucial Ballistix RGB 64 GB",BL2K32G36C16U4WL,high
ram,G.SKILL,"G.Skill Trident Z Neo 128 GB",F4-3200C16Q-128GTZN,high
ram,G.SKILL,"G.Skill Ripjaws V 16 GB",F42400C15D16GVS,high
ram,G.SKILL,"G.Skill Ripjaws V 16 GB",F43200C16D16GVS,high
ram,GeIL,"GeIL Dragon RAM 16 GB",GWW416GB4000C19DC,high
ram,Corsair,"Corsair Vengeance RGB Pro SL 32 GB",CMH32GX4M4D3600C18,high
ram,Corsair,"Corsair Vengeance LPX 32 GB",CMK32GX4M2B3000C15W,high
ram,Corsair,"Corsair Vengeance LED 16 GB",CMU16GX4M2C3000C15,high
ram,Corsair,"Corsair Vengeance RGB Pro SL 64 GB",CMH64GX4M4D3600C18,high
ram,TeamGroup,"TEAMGROUP T-Force Xtreem ARGB 32 GB",TF10D432G4000HC18LDC01,high
ram,G.SKILL,"G.Skill Trident Z RGB 128 GB",F4-3200C16Q-128GTZR,high
ram,G.SKILL,"G.Skill Trident Z Royal 128 GB",F4-4000C18Q-128GTRS,high
ram,Corsair,"Corsair Vengeance LPX 16 GB",CMK16GX4M2K4000C19,high
ram,Patriot,"Patriot Viper Elite II 16 GB",PVE2416G360C0,high
ram,Corsair,"Corsair Vengeance LED 16 GB",CMU16GX4M2A2666C16,high
ram,Patriot,"Patriot Viper Steel 16 GB",PVS416G300C6K,high
ram,G.SKILL,"G.Skill Ripjaws 8 GB",F4-3200C22S-8GRS,high
ram,G.SKILL,"G.Skill Ripjaws V 32 GB",F4-2666C19D-32GVR,high
ram,G.SKILL,"G.Skill Trident Z 32 GB",F4-3200C16D-32GTZSK,high
ram,Patriot,"Patriot Signature Line 16 GB",PSD416G266681,high
ram,Patriot,"Patriot Viper 4 Blackout 8 GB",PVB48G320C6K,high
ram,Crucial,"Crucial CT2K8G4DFD8213 16 GB",CT2K8G4DFD8213,low
ram,G.SKILL,"G.Skill Flare X 32 GB",F4-3200C14D-32GFX,high
ram,G.SKILL,"G.Skill Trident Z RGB 32 GB",F4-3600C16Q-32GTZRC,high
ram,TeamGroup,"TEAMGROUP T-Force Dark Z 16 GB",TDZGD416G3200HC16FDC01,high
ram,Patriot,"Patriot Signature Line 32 GB",PSD432G26662,high
ram,TeamGroup,"TEAMGROUP T-Force Xtreem ARGB 32 GB",TF13D432G3600HC18JDC01,high
ram,G.SKILL,"G.Skill Trident Z RGB 32 GB",F4-4000C19D-32GTZR,high
ram,Corsair,"Corsair Vengeance LPX 64 GB",CMK64GX4M4D3600C18,high
ram,G.SKILL,"G.Skill Ripjaws V 8 GB",F4-3600C19S-8GVRB,high
ram,Corsair,"Corsair Vengeance LPX 32 GB",CMK32GX4M4C3000C15,high
ram,Antec,"Antec Katana RGB 16 GB",AM4U36188G11-7DKR,high
ram,G.SKILL,"G.Skill Trident Z Royal 16 GB",F4-3200C14D-16GTRS,high
ram,Corsair,"Corsair Vengeance RGB Pro SL 64 GB",CMH64GX4M2D3600C18,high
ram,G.SKILL,"G.Skill Ripjaws 4 16 GB",F43000C15D16GRBB,high
ram,G.SKILL,"G.Skill Ripjaws V 8 GB",F43200C16D8GVK,high
ram,G.SKILL,"G.Skill Trident Z RGB 64 GB",F4-3200C14D-64GTZR,high
ram,G.SKILL,"G.Skill Trident Z RGB 32 GB",F4-2400C15D-32GTZR,high
ram,Patriot,"Patriot Viper Elite 16 GB",PVE416G266C6GY,high
ram,GeIL,"GeIL GeIL EVO POTENZA AMD 16GB (2 x 8GB) 288-Pin DDR4 SDRAM DDR4 3000 (PC4 24000) Desktop Memory Model GAPR416GB3000C16ADC 16 GB",GAPR416GB3000C16ADC,low
ram,G.SKILL,"G.Skill Aegis 16 GB",F4-2133C15S-16GIS,high
ram,Crucial,"Crucial Ballistix Sport LT 32 GB",BLS2K16G4D32AESE,high
ram,TeamGroup,"TEAMGROUP T-Force Vulcan Z 16 GB",TLZRD416G3600HC18J01,high
ram,Crucial,"Crucial Ballistix 64 GB",BL2K32G32C16U4W,high
ram,TeamGroup,"TEAMGROUP Elite 8 GB",TED48G3200C22-S01,high
ram,Patriot,"Patriot Viper Steel 16 GB",PVS416G413C9K,high
ram,G.SKILL,"G.Skill Sniper X 32 GB",F4-3600C19D-32GSXWB,high
ram,Corsair,"Corsair Vengeance LPX 16 GB",CMK16GX4M2D3200C16,high
ram,Patriot,"Patriot Viper Venom RGB 16 GB",PVR416G320C6KW,high
ram,Patriot,"Patriot Viper Elite 16 GB",PVE416G213C4KGY,high
ram,Corsair,"Corsair Vengeance RGB RT 16 GB",CMN16GX4M2Z3600C18,high
ram,Corsair,"Corsair Vengeance RGB Pro 16 GB",CMW16GX4M2D3600C16,high
ram,Corsair,"Corsair Dominator Platinum RGB 32 GB",CMT32GX4M2C3466C16,high
ram,PNY,"PNY XLR8 Gaming EPIC-X RGB 16 GB",MD16GK2D4420019XRGB,high
ram,TeamGroup,"TEAMGROUP T-Create Expert 16 GB",TTCED416G3200HC14BDC01,high
ram,GeIL,"GeIL Pristine 16 GB",GP416GB2400C16SC,high
ram,G.SKILL,"G.Skill Ripjaws V 32 GB",F4-4000C16D-32GVKA,high
ram,GeIL,"GeIL Orion AMD Edition 32 GB",GAOG432GB3000C16ADC,high
ram,Corsair,"Corsair Dominator Platinum RGB 16 GB",CMT16GX4M2K4800C18,high
ram,Netac,"Netac Shadow II 16 GB",NTSWD4P26DP-16K,high
ram,GeIL,"GeIL EVO SPEAR 16 GB",GASB416GB2400C16DC,high
ram,G.SKILL,"G.Skill FORTIS 64 GB",F4-2400C15Q-64GFT,high
ram,G.SKILL,"G.Skill Sniper X 32 GB",F4-2400C17Q-32GSXW,high
ram,TeamGroup,"TEAMGROUP T-Force Vulcan TUF Gaming Alliance 16 GB",TLTYD416G2400HC14DC01,high
ram,Crucial,"Crucial Ballistix Sport LT 4 GB",BLS4G4D240FSB,high
ram,GeIL,"GeIL Orion RGB AMD Edition 32 GB",GAOSG432GB3200C18ADC,high
ram,Patriot,"Patriot Signature Premium 8 GB",PSP48G266681H1,high
ram,TeamGroup,"TEAMGROUP T-Force Vulcan 8 GB",TLRED48G2400HC1601,high
ram,Corsair,"Corsair Vengeance LPX 8 GB",CMK8GX4M2B3000C15R,high
ram,G.SKILL,"G.Skill Ripjaws V 32 GB",F42400C15Q32GVR,high
ram,Corsair,"Corsair Vengeance RGB Pro 32 GB",CMW32GX4M4C3600C18,high
ram,G.SKILL,"G.Skill Trident Z 32 GB",F42800C14D32GTZ,high
ram,Crucial,"Crucial Ballistix 32 GB",BL2K16G32C16U4BL,high
ram,Crucial,"Crucial Ballistix 32 GB",BL2K16G36C16U4W,high
ram,Corsair,"Corsair Dominator Platinum RGB 64 GB",CMT64GX4M4E3200C16W,high
ram,Crucial,"Crucial Ballistix RGB 16 GB",BL2K8G32C16U4WL,high
ram,TeamGroup,"TEAMGROUP Night Hawk RGB 16 GB",TF2D416G3200HC16CDC01,high
ram,Corsair,"Corsair Vengeance RGB Pro 64 GB",CMW64GX4M2D3000C16,high
ram,Corsair,"Corsair Vengeance LPX 32 GB",CMK32GX4M2B3200C16R,high
ram,Corsair,"Corsair Vengeance LPX 64 GB",CMK64GX4M2A2400C16,high
ram,Corsair,"Corsair Vengeance LED 32 GB",CMU32GX4M4C3000C15,high
ram,Corsair,"Corsair Dominator Platinum RGB 32 GB",CMT32GX4M2Z4000C16,high
ram,TeamGroup,"TEAMGROUP T-Force Vulcan Z 32 GB",TLZRD432G3600HC18JDC01,high
ram,Crucial,"Crucial CT16G4RFD8266-2G6E1 16 GB",CT16G4RFD8266-2G6E1,low
ram,G.SKILL,"G.Skill Trident Z 16 GB",F4-3600C15D-16GTZ,high
ram,G.SKILL,"G.Skill Ripjaws V 64 GB",F4-4000C18D-64GVK,high
ram,Patriot,"Patriot Viper Elite 16 GB",PVE416G240C6GY,high
ram,Corsair,"Corsair Vengeance LPX 16 GB",CMK16GX4M2Z3600C14,high
ram,G.SKILL,"G.Skill Trident Z RGB 16 GB",F4-5066C20D-16GTZR,high
ram,G.SKILL,"G.Skill Ripjaws 16 GB",F42400C16S16GRS,high
ram,GeIL,"GeIL Orion AMD Edition 16 GB",GOG416GB3200C16BDC,high
ram,Corsair,"Corsair Vengeance LPX 16 GB",CMK16GX4M2Z2400C16,high
ram,Patriot,"Patriot PSD416G2133K 16 GB",PSD416G2133K,low
ram,G.SKILL,"G.Skill Ripjaws V 32 GB",F4-3600C19Q-32GVRB,high
ram,Patriot,"Patriot Signature Premium 16 GB",PSP416G24002H1,high
ram,TeamGroup,"TEAMGROUP T-Force Xtreem ARGB 16 GB",TF10D416G4000HC18JDC01,high
ram,G.SKILL,"G.Skill Trident Z RGB 32 GB",F4-4266C17Q-32GTZR,high
ram,Crucial,"Crucial CT2K2G4SFS624A 4 GB",CT2K2G4SFS624A,low
ram,Corsair,"Corsair Vengeance LPX 32 GB",CMK32GX4M2A2400C14R,high
ram,Thermaltake,"Thermaltake TOUGHRAM RGB 16 GB",R009D408GX2-3600C18B,high
ram,Corsair,"Corsair Vengeance RGB Pro 32 GB",CMW32GX4M4A2666C16,high
ram,G.SKILL,"G.Skill NT 4 GB",F42133C15S4GNT,high
ram,Corsair,"Corsair Vengeance LPX 16 GB",CMK16GX4M1B3000C15,high
ram,G.SKILL,"G.Skill Aegis 8 GB",F42400C15S8GIS,high
ram,Crucial,"Crucial CT4K16G4DFD8213 64 GB",CT4K16G4DFD8213,low
ram,G.SKILL,"G.Skill Trident Z Neo 16 GB",F4-3000C16D-16GTZN,high
ram,Corsair,"Corsair Vengeance LPX 32 GB",CMK32GX4M2K3600C19,high
ram,G.SKILL,"G.Skill Flare X 16 GB",F4-2400C15D-16GFX,high
ram,Corsair,"Corsair Vengeance LED 32 GB",CMU32GX4M2D3000C16,high
ram,Lexar,"Lexar Hades OC 16 GB",LD4BU016G-R3200GS0H,high
ram,Corsair,"Corsair Vengeance RGB 16 GB",CMR16GX4M2C3200C16,high
ram,Crucial,"Crucial Ballistix Sport LT 8 GB",BLS8G4D240FSEK,high
ram,G.SKILL,"G.Skill Trident Z Neo 32 GB",F4-3800C14Q-32GTZN,high
ram,GeIL,"GeIL Orion RGB AMD Edition 16 GB",GAOSG416GB3200C16BDC,high
ram,Netac,"Netac Shadow II 16 GB",NTSWD4P26SP-16K,high
ram,G.SKILL,"G.Skill Trident Z RGB 64 GB",F4-3600C16D-64GTZR,high
ram,Crucial,"Crucial Ballistix Sport LT 32 GB",BLS4K8G4D240FSCK,high
ram,G.SKILL,"G.Skill Sniper X 16 GB",F4-3600C19D-16GSXWB,high
ram,G.SKILL,"G.Skill Trident Z Royal 64 GB",F4-4600C20D-64GTRG,high
ram,G.SKILL,"G.Skill Aegis 4 GB",F4-2400C17S-4GIS,high
ram,G.SKILL,"G.Skill Ripjaws 4 8 GB",F4-3200C16S-8GRKB,high
ram,G.SKILL,"G.Skill Trident Z RGB 32 GB",F4-3600C16D-32GTZR,high
ram,G.SKILL,"G.Skill Ripjaws V 32 GB",F4-4000C14D-32GVK,high
ram,Corsair,"Corsair Vengeance LPX 16 GB",CMK16GX4M2A2666C16R,high
ram,G.SKILL,"G.Skill Ripjaws V 16 GB",F42800C15D16GVR,high
ram,G.SKILL,"G.Skill Ripjaws V 16 GB",F43200C16Q16GVK,high
ram,G.SKILL,"G.Skill Trident Z RGB 8 GB",F4-3000C16S-8GTZR,high
ram,Corsair,"Corsair Vengeance LPX 16 GB",CMK16GX4M2Z3600C20,high
ram,G.SKILL,"G.Skill Flare X 16 GB",F4-2933C14D-16GFX,high
ram,G.SKILL,"G.Skill Ripjaws V 16 GB",F42800C15S16GVR,high
ram,TeamGroup,"TEAMGROUP T-Force Delta RGB 32 GB",TF3D432G2400HC15BDC01,high
ram,TeamGroup,"TEAMGROUP T-Force XCalibur RGB 16 GB",TF5D416G4000HC18EDC01,high
ram,TeamGroup,"TEAMGROUP T-Force Delta RGB 32 GB",TF3D432G3200HC16CDC01,high
ram,TeamGroup,"TEAMGROUP T-Force Vulcan TUF Gaming Alliance 16 GB",TLTYD416G3600HC19ADC01,high
ram,G.SKILL,"G.Skill Trident Z 16 GB",F4-3200C14D-16GTZSK,high
ram,G.SKILL,"G.Skill Trident Z 32 GB",F4-3200C14D-32GTZKO,high
ram,Corsair,"Corsair Vengeance RGB RT 32 GB",CMN32GX4M2Z3200C16W,high
ram,Corsair,"Corsair Vengeance RGB RT 64 GB",CMN64GX4M2Z3200C16W,high
ram,Crucial,"Crucial Ballistix Sport LT 32 GB",BLS4K8G4D32AESBK,high
ram,GeIL,"GeIL Orion RGB AMD Edition 32 GB",GAOSR432GB4000C18BSC,high
ram,Corsair,"Corsair Dominator Platinum RGB 128 GB",CMT128GX4M4E3200C16,high
ram,TeamGroup,"TEAMGROUP T-Force Vulcan Z 16 GB",TLZGD416G4000HC18JDC01,high
ram,TeamGroup,"TEAMGROUP Elite Plus 8 GB",TPRD48G2400HC1601,high
ram,G.SKILL,"G.Skill Ripjaws V 4 GB",F4-2400C17S-4GVR,high
ram,PNY,"PNY XLR8 Gaming EPIC-X RGB 16 GB",MD16GD4320016XRGB,high
ram,Corsair,"Corsair Dominator Platinum RGB 16 GB",CMT16GX4M2K3600C16,high
ram,Crucial,"Crucial Ballistix 16 GB",BL2K8G36C16U4R,high
ram,Crucial,"Crucial Ballistix 64 GB",BL2K32G36C16U4BL,high
ram,Crucial,"Crucial Ballistix Sport LT 16 GB",BLS2K8G4D26BFSBK,high
ram,Lexar,"Lexar LD4AS008G-B3200GSST 8 GB",LD4AS008G-B3200GSST,low
ram,Patriot,"Patriot Signature Line 8 GB",PSD48G213381S,high
ram,Crucial,"Crucial CT2K8G4SFS832A 16 GB",CT2K8G4SFS832A,low
ram,G.SKILL,"G.Skill Ripjaws 16 GB",F4-2666C19D-16GRS,high
ram,Patriot,"Patriot Signature Line 8 GB",PSD48G240081,high
ram,TeamGroup,"TEAMGROUP Night Hawk RGB Gen 2 32 GB",TF14D432G3600HC18JDC01,high
ram,Corsair,"Corsair Vengeance RGB RS 64 GB",CMG64GX4M2E3200C16,high
ram,G.SKILL,"G.Skill Sniper X 32 GB",F4-2400C17D-32GSXF,high
ram,G.SKILL,"G.Skill Trident Z Royal 32 GB",F4-3600C18D-32GTRS,high
ram,Corsair,"Corsair Vengeance LPX 8 GB",CMK8GX4M2A2400C14,high
ram,TeamGroup,"TEAMGROUP Elite 16 GB",TED416G2666C1901,high
ram,Corsair,"Corsair Dominator Platinum RGB 64 GB",CMT64GX4M4E3200C16,high
ram,G.SKILL,"G.Skill Aegis 32 GB",F4-2400C17D-32GIS,high
ram,TeamGroup,"TEAMGROUP T-Force Xtreem ARGB 16 GB",TF10D416G3600HC14CDC01,high
ram,Corsair,"Corsair Vengeance RGB RS 16 GB",CMG16GX4M1D3600C18,high
ram,Patriot,"Patriot Signature Line 32 GB",PSD432G32002,high
ram,TeamGroup,"TEAMGROUP T-Force Delta RGB 64 GB",TF4D464G3200HC16CDC01,high
ram,G.SKILL,"G.Skill Trident Z Neo (For AMD Ryzen) 32 GB",F4-2666C18D-32GTZN,high
ram,G.SKILL,"G.Skill Ripjaws V 64 GB",F4-3200C14D-64GVK,high
ram,Corsair,"Corsair Dominator Platinum 16 GB",CMD16GX4M4B3300C16,high
ram,G.SKILL,"G.Skill TridentZ RGB 16 GB",F4-4800C19D-16GTZRC,high
ram,Corsair,"Corsair Vengeance LPX 32 GB",CMK32GX4M4B3000C15,high
ram,Corsair,"Corsair Vengeance RGB Pro 64 GB",CMW64GX4M2K4000C18,high
ram,Antec,"Antec Katana RGB 16 GB",AM4U32168G11-7DKR,high
ram,G.SKILL,"G.Skill Flare X 32 GB",F4-3200C14Q-32GFX,high
ram,G.SKILL,"G.Skill Ripjaws V 32 GB",F42133C15Q32GVR,high
ram,G.SKILL,"G.Skill Ripjaws V 16 GB",F43000C15D16GVR,high
ram,G.SKILL,"G.Skill Ripjaws V 16 GB",F42400C15Q16GVR,high
ram,Corsair,"Corsair Vengeance LPX 8 GB",CMK8GX4M2B3200C16,high
ram,TeamGroup,"TEAMGROUP T-Force Xtreem 16 GB",TXKD416G5333HC22ADC01,high
ram,G.SKILL,"G.Skill NT 8 GB",F42400C15D8GNT,high
ram,G.SKILL,"G.Skill TridentZ RGB 32 GB",F4-4400C17D-32GTZR,high
ram,TeamGroup,"TEAMGROUP T-Force Delta RGB 8 GB",TF3D48G2400HC15B01,high
ram,G.SKILL,"G.Skill Trident Z RGB 32 GB",F4-3200C16Q-32GTZRX,high
ram,Crucial,"Crucial Ballistix 64 GB",BL2K32G36C16U4W,high
ram,G.SKILL,"G.Skill Ripjaws V 16 GB",F42800C15D16GVSB,high
ram,TeamGroup,"TEAMGROUP Night Hawk RGB 16 GB",TF1D416G3200HC16CDC01,high
ram,PNY,"PNY XLR8 Gaming EPIC-X RGB 32 GB",MD32GK2D4320016XWRGB,high
ram,G.SKILL,"G.Skill Trident Z 32 GB",F43200C14D32GTZ,high
ram,Corsair,"Corsair Vengeance LPX 4 GB",CMK4GX4M1A2400C16,high
ram,Crucial,"Crucial Ballistix Sport LT 32 GB",BLS2K16G4D240FSB,high
ram,Corsair,"Corsair Vengeance LPX 128 GB",CMK128GX4M4A2666C16,high
ram,Corsair,"Corsair Vengeance LPX 64 GB",CMK64GX4M4A2666C16W,high
ram,Corsair,"Corsair Dominator Platinum ROG 16 GB",CMD16GX4M4B3200C16-ROG,high
ram,TeamGroup,"TEAMGROUP T-Force Delta RGB 32 GB",TF3D432G3600HC14CDC01,high
ram,Corsair,"Corsair Vengeance RGB RT 64 GB",CMN64GX4M4Z3200C16,high
ram,Corsair,"Corsair Vengeance RGB Pro SL 64 GB",CMH64GX4M4E3200C16W,high
ram,G.SKILL,"G.Skill Trident Z Neo 32 GB",F4-3000C16Q-32GTZN,high
ram,TeamGroup,"TEAMGROUP T-Force Vulcan Z 64 GB",TLZGD464G3600HC18JDC01,high
ram,TeamGroup,"TEAMGROUP T-Force Delta RGB 16 GB",TF3D416G3600HC18J01,high
ram,Patriot,"Patriot Signature Line 4 GB",PSD44G240041,high
ram,Lexar,"Lexar Hades RGB 16 GB",LD4BU016G-R3200USLH,high
ram,Lexar,"Lexar Hades RGB 16 GB",LD4BU008G-R3600UDLH,high
ram,G.SKILL,"G.Skill Trident Z RGB 32 GB",F4-4000C16D-32GTZR,high
ram,G.SKILL,"G.Skill Ripjaws V 16 GB",F4-4000C16D-16GVK,high
ram,Corsair,"Corsair Dominator Platinum RGB 32 GB",CMT32GX4M4K3600C16,high
ram,TeamGroup,"TEAMGROUP T-Force Vulcan 16 GB",TLGD416G3200HC16CDC01,high
ram,G.SKILL,"G.Skill Trident Z Royal 128 GB",F4-4000C18Q-128GTRG,high
ram,G.SKILL,"G.Skill Trident Z RGB 32 GB",F4-4266C17D-32GTZRB,high
ram,Corsair,"Corsair Vengeance RGB Pro 128 GB",CMW128GX4M8C3000C16W,high
ram,PNY,"PNY MN32GSD43200-TB 32 GB",MN32GSD43200-TB,low
ram,Patriot,"Patriot Viper LED 16 GB",PVLR416G240C4K,high
ram,Patriot,"Patriot Viper Elite II 64 GB",PVE2464G320C8K,high
ram,TeamGroup,"TEAMGROUP T-Force Vulcan Z 32 GB",TLZGD432G3600HC18J01,high
ram,Patriot,"Patriot Viper Steel 16 GB",PVS416G266C8S,high
ram,G.SKILL,"G.Skill Trident Z 32 GB",F4-3300C16Q-32GTZ,high
ram,Corsair,"Corsair Vengeance RGB RT 16 GB",CMN16GX4M2Z3200C16,high
ram,G.SKILL,"G.Skill Trident Z RGB 32 GB",F4-3000C16Q-32GTZR,high
ram,Thermaltake,"Thermaltake TOUGHRAM Z-ONE RGB 16 GB",R019D408GX2-3200C16A,high
ram,Corsair,"Corsair Vengeance RGB RT 32 GB",CMN32GX4M2Z4000C18,high
ram,G.SKILL,"G.Skill Sniper X 32 GB",F4-3200C16D-32GSXKB,high
ram,Patriot,"Patriot Viper Venom RGB 32 GB",PVR432G360C8K,high
ram,Crucial,"Crucial CT4K8G4DFD8213 32 GB",CT4K8G4DFD8213,low
ram,Corsair,"Corsair Vengeance LPX 16 GB",CMK16GX4M4A2666C15,high
ram,G.SKILL,"G.Skill Trident Z Royal 32 GB",F4-4800C20D-32GTRG,high
ram,G.SKILL,"G.Skill Trident Z Neo 32 GB",F4-3600C14Q-32GTZNB,high
ram,Patriot,"Patriot Signature Line 8 GB",PSD48G240082,high
ram,Patriot,"Patriot Viper Steel 64 GB",PVS464G300C6K,high
ram,Lexar,"Lexar Hades RGB 32 GB",LD4BU016G-R3200GDLH,high
ram,Crucial,"Crucial Ballistix Elite 16 GB",BLE2K8G4D36BEEAK,high
ram,Corsair,"Corsair Vengeance RGB 16 GB",CMR16GX4M2C3600C18,high
ram,TeamGroup,"TEAMGROUP Elite 16 GB",TED416G2133C15DC01,high
ram,TeamGroup,"TEAMGROUP Elite 32 GB",TED432G2400C16DC01,high
ram,G.SKILL,"G.Skill Flare X 16 GB",F4-2933C16D-16GFX,high
ram,GeIL,"GeIL EVO POTENZA 16 GB",GPB416GB3000C16ADC,high
ram,G.SKILL,"G.Skill Trident Z RGB 16 GB",F4-2666C18D-16GTZR,high
ram,TeamGroup,"TEAMGROUP T-Force Xtreem ARGB 64 GB",TF13D464G3600HC18JDC01,high
ram,TeamGroup,"TEAMGROUP T-Force Xtreem ARGB 32 GB",TF13D432G4000HC18LDC01,high
ram,TeamGroup,"TEAMGROUP T-Force Xtreem 16 GB",TXKD416G4133HC18FDC01,high
ram,Crucial,"Crucial Ballistix Sport 8 GB",BLS2K4G4D240FSA,high
ram,Crucial,"Crucial Ballistix Sport 4 GB",BLS4G4D240FSA,high
ram,G.SKILL,"G.Skill Trident Z Neo 64 GB",F4-4000C18D-64GTZN,high
ram,Patriot,"Patriot Viper Elite 16 GB",PVE416G240C5KRD,high
ram,Corsair,"Corsair Vengeance LPX 32 GB",CMK32GX4M4A2666C15,high
ram,TeamGroup,"TEAMGROUP T-Force Vulcan Z 16 GB",TLZRD416G2666HC18HDC01,high
ram,Corsair,"Corsair Dominator Platinum 32 GB",CMD32GX4M4B3000C15,high
ram,G.SKILL,"G.Skill Ripjaws V 16 GB",F4-3600C19S-16GVRB,high
ram,Patriot,"Patriot Viper Elite II 16 GB",PVE2416G266C6K,high
ram,Patriot,"Patriot Viper Elite II 8 GB",PVE248G266C6,high
ram,Patriot,"Patriot Signature Line 16 GB",PSD416G2400K,high
ram,Corsair,"Corsair Vengeance LPX 32 GB",CMK32GX4M4B3000C15R,high
ram,Patriot,"Patriot Viper Steel RGB 8 GB",PVSR48G360C0,high
ram,G.SKILL,"G.Skill Trident Z Royal Elite 64 GB",F4-4266C19Q-64GTES,high
ram,TeamGroup,"TEAMGROUP T-Create Expert 32 GB",TTCED432G3600HC14CDC01,high
ram,Thermaltake,"Thermaltake TOUGHRAM XG RGB 16 GB",R016D408GX2-4000C19A,high
ram,G.SKILL,"G.Skill Ripjaws 4 16 GB",F43000C15D16GRK,high
ram,Corsair,"Corsair Vengeance LPX 8 GB",CMK8GX4M2A2133C13R,high
ram,PNY,"PNY XLR8 Gaming EPIC-X RGB 16 GB",MD16GK2D4360018XWRGB,high
ram,G.SKILL,"G.Skill Ripjaws V 32 GB",F43200C16Q32GVK,high
ram,G.SKILL,"G.Skill NT 16 GB",F42133C15D16GNT,high
ram,G.SKILL,"G.Skill Trident Z Royal 64 GB",F4-3200C16D-64GTRS,high
ram,Corsair,"Corsair Vengeance 64 GB",CMSX64GX4M2A3200C22,high
ram,TeamGroup,"TEAMGROUP T-Force Delta RGB 32 GB",TF3D432G3000HC16CDC01,high
ram,Corsair,"Corsair Vengeance LPX 32 GB",CMK32GX4M2Z3200C16,high
ram,TeamGroup,"TEAMGROUP Elite Plus 8 GB",TPD48G3200HC22026,high
ram,Crucial,"Crucial Ballistix 16 GB",BL2K8G30C15U4W,high
ram,Crucial,"Crucial Ballistix MAX 16 GB",BLM2K8G40C18U4B,high
ram,G.SKILL,"G.Skill Ripjaws V 16 GB",F43200C15D16GVK,high
ram,Corsair,"Corsair Vengeance LPX 8 GB",CMK8GX4M2A2400C16R,high
ram,G.SKILL,"G.Skill Trident Z RGB 16 GB",F4-3600C17D-16GTZR,high
ram,Corsair,"Corsair Vengeance LPX 8 GB",CMK8GX4M2B4200C19,high
ram,Corsair,"Corsair Vengeance LPX 32 GB",CMK32GX4M2F4000C19,high
ram,Corsair,"Corsair Vengeance LPX 32 GB",CMK32GX4M1A2666C16,high
ram,Corsair,"Corsair Vengeance LED 16 GB",CMU16GX4M2C3200C16R,high
ram,Corsair,"Corsair Vengeance RGB RT 64 GB",CMN64GX4M2Z3600C18,high
ram,Patriot,"Patriot Viper Steel 8 GB",PVS48G300C6,high
ram,GeIL,"GeIL Orion AMD Edition 16 GB",GAOG416GB3600C18BDC,high
ram,G.SKILL,"G.Skill Trident Z Neo 32 GB",F4-3200C16Q-32GTZN,high
ram,Corsair,"Corsair Vengeance LPX 32 GB",CMK32GX4M4K3600C16,high
ram,TeamGroup,"TEAMGROUP T-Force Delta RGB 16 GB",TF4D416G3600HC18J01,high
ram,Patriot,"Patriot Viper Elite 8 GB",PVE48G240C5KRD,high
ram,GeIL,"GeIL SUPER LUCE RGB SYNC 32 GB",GLS432GB3000C16ADC,high
ram,Corsair,"Corsair Dominator Platinum 8 GB",CMD8GX4M2B4000C19,high
ram,GeIL,"GeIL EVO X 16 GB",GEX416GB3000C15ADC,high
ram,Corsair,"Corsair Vengeance RGB Pro 16 GB",CMW16GX4M2K4700C19,high
ram,PNY,"PNY XLR8 16 GB",MD16GSD4360018LP,high
ram,Crucial,"Crucial Ballistix Sport LT 32 GB",BLS4K8G4D26BFSB,high
ram,Crucial,"Crucial Ballistix Sport LT 8 GB",BLS8G4D240FSBK,high
ram,GeIL,"GeIL SUPER LUCE RGB 16 GB",GLWS416GB2133C15DC,high
ram,Corsair,"Corsair Vengeance LPX 16 GB",CMK16GX4M2D2400C14,high
ram,TeamGroup,"TEAMGROUP T-Force Dark Z 32 GB",TDZGD432G3200HC16CDC01,high
ram,Corsair,"Corsair Dominator Platinum 32 GB",CMD32GX4M4C3000C15,high
ram,TeamGroup,"TEAMGROUP Elite 32 GB",TPKD432GM2400HC16QC01,high
ram,TeamGroup,"TEAMGROUP T-Force Xtreem ARGB 16 GB",TF10D416G3200HC14BDC01,high
ram,Crucial,"Crucial Ballistix 32 GB",BL2K16G26C16U4B,high
ram,Crucial,"Crucial Ballistix RGB 32 GB",BL2K16G32C16U4WL,high
ram,Crucial,"Crucial Ballistix 64 GB",BL2K32G32C16U4B,high
ram,Crucial,"Crucial Ballistix Tactical 16 GB",BLT2K8G4D30AETA,high
ram,G.SKILL,"G.Skill Ripjaws 32 GB",F4-2666C19D-32GRS,high
ram,G.SKILL,"G.Skill F4-3200C16D-32GTZ 32 GB",F4-3200C16D-32GTZ,low
ram,G.SKILL,"G.Skill Trident Z RGB 32 GB",F4-3600C14D-32GTZR,high
ram,G.SKILL,"G.Skill Aegis 32 GB",F4-2133C15D-32GIS,high
ram,Corsair,"Corsair Vengeance RGB RT 32 GB",CMN32GX4M2Z3200C16,high
ram,Crucial,"Crucial Ballistix Sport LT 8 GB",BLS8G4D32AESBK,high
ram,Patriot,"Patriot Viper Venom RGB 32 GB",PVR432G320C6K,high
ram,G.SKILL,"G.Skill FORTIS 16 GB",F4-2400C15D-16GFT,high
ram,Corsair,"Corsair Vengeance LPX 64 GB",CMK64GX4M8A2133C13,high
ram,Lexar,"Lexar LD4AS016G-B3200GSST 16 GB",LD4AS016G-B3200GSST,low
ram,Corsair,"Corsair Vengeance Performance 32 GB",CMSX32GX4M2A2666C18,high
ram,TeamGroup,"TEAMGROUP T-Force Dark Za 32 GB",TDZAD432G3200HC16FDC01,high
ram,TeamGroup,"TEAMGROUP Elite 8 GB",TED48G2666C19-S01,high
ram,G.SKILL,"G.Skill Trident Z Royal 16 GB",F4-4266C19D-16GTRS,high
ram,Corsair,"Corsair Vengeance LPX 16 GB",CMK16GX4M2Z3466C16,high
ram,Thermaltake,"Thermaltake TOUGHRAM 16 GB",R020D408GX2-4400C19A,high
ram,Crucial,"Crucial Ballistix MAX RGB 32 GB",BLM2K16G40C18U4BL,high
ram,Crucial,"Crucial CT2K16G4SFD8213 32 GB",CT2K16G4SFD8213,low
ram,Corsair,"Corsair Vengeance RGB RT 128 GB",CMN128GX4M4Z3600C18,high
ram,TeamGroup,"TEAMGROUP T-Force Delta RGB 16 GB",TF3D416G3200HC16F01,high
ram,G.SKILL,"G.Skill Trident Z 16 GB",F4-3200C16D-16GTZSW,high
ram,Corsair,"Corsair Vengeance Performance 16 GB",CMSX16GX4M1A2400C16,high
ram,G.SKILL,"G.Skill Ripjaws 32 GB",F42400C15Q32GRR,high
ram,Corsair,"Corsair Dominator Platinum 16 GB",CMD16GX4M4A2666C15,high
ram,TeamGroup,"TEAMGROUP T-Force Dark Za 16 GB",TDZAD416G3200HC16FDC01,high
ram,Corsair,"Corsair Vengeance RGB 32 GB",CMR32GX4M2D3000C16,high
ram,G.SKILL,"G.Skill Trident Z Royal 32 GB",F4-3600C18Q-32GTRS,high
ram,TeamGroup,"TEAMGROUP T-Force Dark 32 GB",TDGED432G3200HC16CQC01,high
ram,Lexar,"Lexar Hades OC 16 GB",LD4BU008G-R3600UD0H,high
ram,TeamGroup,"TEAMGROUP T-Force Vulcan 64 GB",TLRED464G3200HC16CQC01,high
ram,TeamGroup,"TEAMGROUP T-Force Vulcan 64 GB",TLGD464G3200HC16CQC01,high
ram,G.SKILL,"G.Skill Trident Z Neo 16 GB",F4-3800C14D-16GTZN,high
ram,TeamGroup,"TEAMGROUP Elite 16 GB",TED416G2400C16DC01,high
ram,TeamGroup,"TEAMGROUP T-Force Delta TUF Gaming Alliance RGB 16 GB",TF9D416G3200HC16C01,high
ram,TeamGroup,"TEAMGROUP T-Force Dark 16 GB",TDRED416G2400HC14DC01,high
ram,G.SKILL,"G.Skill Trident Z RGB 32 GB",F4-2666C18Q-32GTZR,high
ram,G.SKILL,"G.Skill Flare X 16 GB",F4-2133C15D-16GFXR,high
ram,Corsair,"Corsair Dominator Platinum 64 GB",CMD64GX4M8X4000C19,high
ram,G.SKILL,"G.Skill Trident Z Royal 64 GB",F4-3600C14Q-64GTRS,high
ram,G.SKILL,"G.Skill Ripjaws 4 32 GB",32GBDDR42400GSKILL,high
ram,G.SKILL,"G.Skill Ripjaws V 128 GB",F4-2666C18Q-128GVK,high
ram,G.SKILL,"G.Skill Ripjaws V 32 GB",F4-2666C18S-32GVK,high
ram,Corsair,"Corsair Vengeance RGB Pro SL 128 GB",CMH128GX4M4E3200C16,high
ram,Corsair,"Corsair Vengeance LPX 16 GB",CMK16GX4M4A2133C13,high
ram,Thermaltake,"Thermaltake H-ONE 8 GB",R002D408GX1-2666C19D,high
ram,G.SKILL,"G.Skill Ripjaws 4 32 GB",F43000C15Q232GRBB,high
ram,TeamGroup,"TEAMGROUP T-Force Vulcan Z 16 GB",TLZRD416G3200HC16C01,high
ram,Corsair,"Corsair CMV4GX4M1A2133C15 4 GB",CMV4GX4M1A2133C15,low
ram,Corsair,"Corsair Vengeance LPX 32 GB",CMK32GX4M4A2133C15,high
ram,Crucial,"Crucial CT2K4G4DFS6266 8 GB",CT2K4G4DFS6266,low
ram,G.SKILL,"G.Skill Trident Z Neo 32 GB",F4-4000C16D-32GTZNA,high
ram,G.SKILL,"G.Skill Trident Z Neo 32 GB",F4-3600C14D-32GTZNA,high
ram,GeIL,"GeIL EVO SPEAR Phantom Gaming 16 GB",GASF416GB3200C16ADC,high
ram,GeIL,"GeIL EVO SPEAR 16 GB",GASB416GB3200C16ADC,high
ram,G.SKILL,"G.Skill Ripjaws V 32 GB",F4-4600C19D-32GVK,high
ram,Patriot,"Patriot Signature Line 64 GB",PSD464G3200K,high
ram,G.SKILL,"G.Skill Trident Z RGB 16 GB",F4-2400C15D-16GTZRX,high
ram,TeamGroup,"TEAMGROUP T-Create Expert 32 GB",TTCED432G3200HC14BDC01,high
ram,PNY,"PNY Anarchy 16 GB",MD16GK2D4240015AR,high
ram,G.SKILL,"G.Skill Ripjaws V 16 GB",F42133C15Q16GVR,high
ram,Thermaltake,"Thermaltake TOUGHRAM 16 GB",R017D408GX2-3600C18A,high
ram,Thermaltake,"Thermaltake TOUGHRAM RGB 16 GB",R009D408GX2-4400C19A,high
ram,Thermaltake,"Thermaltake TOUGHRAM RGB 16 GB",R022D408GX2-3200C16A,high
ram,Corsair,"Corsair Vengeance LPX 8 GB",CMK8GX4M2B3600C18,high
ram,G.SKILL,"G.Skill Trident Z 16 GB",F43000C15D16GTZB,high
ram,G.SKILL,"G.Skill NT 8 GB",F42133C15S8GNT,high
ram,Corsair,"Corsair Vengeance RGB Pro 32 GB",CMW32GX4M2C3333C16,high
ram,G.SKILL,"G.Skill Ripjaws V 64 GB",F42666C15Q64GVR,high
ram,G.SKILL,"G.Skill Ripjaws V 32 GB",F43200C16Q32GVRB,high
ram,G.SKILL,"G.Skill Ripjaws V 8 GB",F42666C15S8GVR,high
ram,TeamGroup,"TEAMGROUP T-Force Delta RGB 8 GB",TF3D48G2666HC15B01,high
ram,Patriot,"Patriot Signature Line 8 GB",PSD48G2400KH,high
ram,TeamGroup,"TEAMGROUP Elite Plus 16 GB",TPD416G2666HC1901,high
ram,TeamGroup,"TEAMGROUP TPD416G3200HC2201 16 GB",TPD416G3200HC2201,low
ram,G.SKILL,"G.Skill Ripjaws V 16 GB",F43000C15D16GVGB,high
ram,G.SKILL,"G.Skill Trident Z RGB 64 GB",F4-3000C16Q-64GTZR,high
ram,G.SKILL,"G.Skill Ripjaws V 32 GB",F42800C14D32GVK,high
ram,G.SKILL,"G.Skill Trident Z 16 GB",F43200C14D16GTZ,high
ram,GeIL,"GeIL Dragon RAM 8 GB",GWW48GB3600C17DC,high
ram,GeIL,"GeIL Dragon RAM 16 GB",GWW416GB3466C16QC,high
ram,G.SKILL,"G.Skill Aegis 8 GB",F4-2400C15D-8GIS,high
ram,Corsair,"Corsair Vengeance LPX 32 GB",CMK32GX4M4B3600C18,high
ram,TeamGroup,"TEAMGROUP T-Force Vulcan TUF Gaming Alliance 16 GB",TLTYD416G3000HC16CDC01,high
ram,TeamGroup,"TEAMGROUP T-Force Delta RGB 32 GB",TF4D432G3200HC16CDC01,high
ram,GeIL,"GeIL EVO POTENZA 16 GB",GPR416GB2400C16DC,high
ram,Corsair,"Corsair Vengeance RGB Pro 16 GB",CMW16GX4M2G4000C16,high
ram,Corsair,"Corsair Vengeance LPX 32 GB",CMK32GX4M2A2666C16W,high
ram,Corsair,"Corsair Vengeance LED 64 GB",CMU64GX4M4C3200C16,high
ram,Patriot,"Patriot Viper Steel 16 GB",PVS416G340C6K,high
ram,G.SKILL,"G.Skill Trident Z 32 GB",F4-3200C14D-32GTZSK,high
ram,Corsair,"Corsair Vengeance RGB Pro 128 GB",CMW128GX4M4Z3600C18,high
ram,G.SKILL,"G.Skill Ripjaws V 16 GB",F4-4000C15D-16GVK,high
ram,Corsair,"Corsair Vengeance RGB RT 32 GB",CMN32GX4M2Z3600C18W,high
ram,Patriot,"Patriot Viper Elite 8 GB",PVE48G240C6GY,high
ram,Crucial,"Crucial Ballistix Tactical 16 GB",BLT16G4D30AETA,high
ram,Crucial,"Crucial Ballistix Sport AT 16 GB",BLS16G4D30CEST,high
ram,Patriot,"Patriot Viper 4 16 GB",PV416G360C7K,high
ram,Corsair,"Corsair Vengeance RGB Pro 32 GB",CMW32GX4M4E3200C16,high
ram,Corsair,"Corsair Vengeance LPX 128 GB",CMK128GX4M8X3200C16,high
ram,Crucial,"Crucial Ballistix Sport LT 16 GB",BLS2K8G4D32AESEK,high
ram,Crucial,"Crucial Ballistix Sport AT 16 GB",BLS2K8G4D32AESTK,high
ram,Crucial,"Crucial Ballistix Sport LT 8 GB",BLS8G4D30AESEK,high
ram,Crucial,"Crucial Ballistix Sport LT 16 GB",BLS16G4D32AESC,high
ram,Crucial,"Crucial Ballistix Tactical Tracer RGB 32 GB",BLT4K8G4D32AET4K,high
ram,Crucial,"Crucial Ballistix Sport LT 8 GB",BLS8G4D30BESBK,high
ram,Corsair,"Corsair Vengeance RGB Pro 32 GB",CMW32GX4M4Z4000C18,high
ram,Crucial,"Crucial Ballistix Sport LT 16 GB",BLS2K8G4D30AESCK,high
ram,TeamGroup,"TEAMGROUP T-Force Vulcan Z 16 GB",TLZRD416G3600HC18JDC,high
ram,Patriot,"Patriot Viper 4 Blackout 8 GB",PVB48G300C6K,high
ram,Corsair,"Corsair Vengeance RGB RS 32 GB",CMG32GX4M4E3200C16,high
ram,TeamGroup,"TEAMGROUP T-Force Zeus 32 GB",TTZD432G3200HC20DC01,high
ram,G.SKILL,"G.Skill Trident Z Royal 16 GB",F4-5333C22D-16GTRG,high
ram,G.SKILL,"G.Skill Trident Z Royal 32 GB",F4-3200C16Q-32GTRS,high
ram,Crucial,"Crucial Ballistix Sport LT 16 GB",BLS16G4D26BFSB,high
ram,TeamGroup,"TEAMGROUP Team T-FORCE VULCAN Z 64GB (2 x 32GB) 288-Pin DDR4 SDRAM DDR4 3000 (PC4 24000) Desktop Memory Model TLZRD464G3000HC16CDC01 64 GB",TLZRD464G3000HC16CDC01,low
ram,TeamGroup,"TEAMGROUP Team T-Force Night Hawk RGB 16GB (2 x 8GB) 288-Pin DDR4 SDRAM DDR4 3600 (PC4 28800) Desktop Memory Model TF2D416G3600HC18JDC01 16 GB",TF2D416G3600HC18JDC01,low
ram,Crucial,"Crucial Ballistix Sport LT 4 GB",BLS4G4D26BFSB,high
ram,TeamGroup,"TEAMGROUP Elite 64 GB",TED464G3200C22DC-S01,high
ram,Corsair,"Corsair Vengeance RGB Pro 32 GB",CMW32GX4M4K4400C18,high
ram,GeIL,"GeIL EVO POTENZA 32 GB",GPB432GB3200C16ADC,high
ram,Corsair,"Corsair Vengeance RGB Pro 32 GB",CMW32GX4M2C3466C16W,high
ram,Crucial,"Crucial Ballistix 8 GB",BL2K4G24C16U4B,high
ram,Corsair,"Corsair Vengeance RGB 32 GB",CMR32GX4M4C3000C15,high
ram,TeamGroup,"TEAMGROUP Elite 16 GB",TED416G3200C22-S01,high
ram,Crucial,"Crucial CT16G4SFD8266 16 GB",CT16G4SFD8266,low
ram,Patriot,"Patriot Viper Steel 16 GB",PVS416G240C5S,high
ram,TeamGroup,"TEAMGROUP T-Force Zeus 16 GB",TTZD416G2666HC19DC-S01,high
ram,Corsair,"Corsair Vengeance LPX 16 GB",CMK16GX4M1Z3200C16,high
ram,Patriot,"Patriot Viper 4 Blackout 16 GB",PVB416G440C8K,high
ram,Corsair,"Corsair Vengeance Performance 16 GB",CMSX16GX4M1A2666C18,high
ram,Corsair,"Corsair Vengeance RGB Pro 64 GB",CMW64GX4M2A2666C16,high
ram,G.SKILL,"G.Skill Ripjaws V 16 GB",F43000C15D16GVRB,high
ram,Corsair,"Corsair Vengeance Performance 16 GB",CMSX16GX4M2A2400C16,high
ram,Corsair,"Corsair Vengeance Performance 32 GB",CMSX32GX4M4X3600C16,high
ram,Corsair,"Corsair Vengeance LPX 32 GB",CMK32GX4M2K4133C19,high
ram,Crucial,"Crucial Ballistix Sport LT 8 GB",BLS2K4G4D240FSB,high
ram,Corsair,"Corsair ValueSelect 16 GB",CMSO16GX4M2A2133C15,high
ram,Patriot,"Patriot Viper 4 8 GB",PV48G360C7K,high
ram,G.SKILL,"G.Skill Trident Z 32 GB",F4-4000C19D-32GTZKK,high
ram,G.SKILL,"G.Skill Trident Z Neo 128 GB",F4-3600C18Q-128GTZN,high
ram,G.SKILL,"G.Skill Ripjaws 32 GB",F42400C15Q32GRK,high
ram,G.SKILL,"G.Skill Ripjaws 16 GB",F42400C15Q16GRK,high
ram,G.SKILL,"G.Skill Ripjaws 16 GB",F42400C15Q16GRR,high
ram,Corsair,"Corsair Vengeance LED 16 GB",CMU16GX4M2A2400C16,high
ram,Corsair,"Corsair Vengeance RGB 64 GB",CMR64GX4M4C3000C16,high
ram,G.SKILL,"G.Skill Trident Z RGB 64 GB",F4-3600C18Q-64GTZR,high
ram,TeamGroup,"TEAMGROUP Night Hawk RGB Gen 2 16 GB",TF14D416G3200HC16CDC01,high
ram,Corsair,"Corsair Vengeance RGB 16 GB",CMR16GX4M2D3000C16,high
ram,Lexar,"Lexar Ares RGB 16 GB",LD4EU008G-R4000GDLA,high
ram,TeamGroup,"TEAMGROUP T-Force Vulcan 32 GB",TLRED432G3000HC16CQC01,high
ram,TeamGroup,"TEAMGROUP T-Force Delta TUF Gaming Alliance RGB 8 GB",TF9D48G3200HC16C01,high
ram,GeIL,"GeIL Orion AMD Edition 16 GB",GAOR416GB3200C16ADC,high
ram,Netac,"Netac Shadow II 8 GB",NTSWD4P36SP-08K,high
ram,Crucial,"Crucial Ballistix Tactical 8 GB",BLT8G4D30AETA,high
ram,G.SKILL,"G.Skill Trident Z 16 GB",F4-3466C16D-16GTZSW,high
ram,TeamGroup,"TEAMGROUP Elite Plus 16 GB",TPD416G2400HC16DC01,high
ram,Crucial,"Crucial Ballistix Sport 8 GB",BLS8G4D240FSA,high
ram,Crucial,"Crucial Ballistix Sport 16 GB",BLS4K4G4D240FSA,high
ram,Crucial,"Crucial CT4G4DFS632A 4 GB",CT4G4DFS632A,low
ram,G.SKILL,"G.Skill Ripjaws V 8 GB",F4-3000C16S-8GVRB,high
ram,G.SKILL,"G.Skill Trident Z Royal 32 GB",F4-3600C14D-32GTRGA,high
ram,G.SKILL,"G.Skill F4-3200C16Q2-128GTZKY 128 GB",F4-3200C16Q2-128GTZKY,low
ram,G.SKILL,"G.Skill Trident Z RGB 32 GB",F4-3200C14Q-32GTZRX,high
ram,GeIL,"GeIL SUPER LUCE RGB SYNC 16 GB",GLS416GB2400C16DC,high
ram,G.SKILL,"G.Skill Ripjaws V 16 GB",F4-5066C20D-16GVK,high
ram,Corsair,"Corsair Vengeance LPX 32 GB",CMK32GX4M4A2400C14,high
ram,G.SKILL,"G.Skill Flare X 32 GB",F4-2933C14D-32GFX,high
ram,TeamGroup,"TEAMGROUP T-Force Vulcan Z 16 GB",TLZRD416G3000HC16C01,high
ram,Crucial,"Crucial Ballistix Sport LT 16 GB",BLS4K4G4D240FSB,high
ram,Corsair,"Corsair Vengeance LPX 32 GB",CMK32GX4M4A2400C14B,high
ram,TeamGroup,"TEAMGROUP T-Force Vulcan Z 32 GB",TLZGD432G3000HC16CDC01,high
ram,G.SKILL,"G.Skill Trident Z 32 GB",F4-3400C16D-32GTZ,high
ram,G.SKILL,"G.Skill Trident Z Royal 32 GB",F4-3200C16Q-32GTRG,high
ram,Patriot,"Patriot Viper Elite 32 GB",PVE432G266C6GY,high
ram,G.SKILL,"G.Skill Trident Z Neo 32 GB",F4-3800C14D-32GTZN,high
ram,Corsair,"Corsair Vengeance RGB RS 32 GB",CMG32GX4M4D3600C18,high
ram,G.SKILL,"G.Skill Trident Z Royal 32 GB",F4-4000C14D-32GTRG,high
ram,Patriot,"Patriot Viper Steel RGB 16 GB",PVSR416G360C0,high
ram,G.SKILL,"G.Skill Ripjaws V 32 GB",F4-3600C14Q-32GVKA,high
ram,G.SKILL,"G.Skill Trident Z Royal Elite 16 GB",F4-5333C22D-16GTES,high
ram,TeamGroup,"TEAMGROUP T-Force Dark 8 GB",TDGED48G3000HC16CDC01,high
ram,Corsair,"Corsair Vengeance RGB 16 GB",CMR16GX4M2C3200C16W,high
ram,G.SKILL,"G.Skill Ripjaws V 16 GB",F4-4000C14D-16GVK,high
ram,G.SKILL,"G.Skill Ripjaws V 8 GB",F42666C15D8GVR,high
ram,Crucial,"Crucial Ballistix Sport LT 16 GB",BLS2C8G4D240FSC,high
ram,GeIL,"GeIL Dragon RAM 16 GB",GWW416GB2800C16DC,high
ram,G.SKILL,"G.Skill Ripjaws V 8 GB",F43200C16D8GVRB,high
ram,TeamGroup,"TEAMGROUP T-Force Delta RGB 32 GB",TF4D432G2400HC15BDC01,high
ram,Corsair,"Corsair Dominator Platinum RGB 64 GB",CMT64GX4M4K3600C16,high
ram,Crucial,"Crucial Ballistix 32 GB",BL2K16G30C15U4B,high
ram,AMD,"AMD R7 Performance 4 GB",R744G2133U1S,high
ram,G.SKILL,"G.Skill Trident Z Neo 128 GB",F4-2666C18Q-128GTZN,high
ram,G.SKILL,"G.Skill Ripjaws V 16 GB",F42800C16D16GVG,high
ram,G.SKILL,"G.Skill Trident Z RGB 128 GB",F4-3600C16Q-128GTZR,high
ram,Corsair,"Corsair Vengeance LPX 32 GB",CMK32GX4M4B3466C16,high
ram,GeIL,"GeIL EVO POTENZA 16 GB",GPR416GB3200C16DC,high
ram,G.SKILL,"G.Skill Ripjaws V 16 GB",F43000C14D16GVK,high
ram,G.SKILL,"G.Skill TridentZ RGB 32 GB",F4-4600C20D-32GTZR,high
ram,Corsair,"Corsair ValueSelect 16 GB",CMSO16GX4M1A2133C15,high
ram,G.SKILL,"G.Skill Aegis 32 GB",F4-2400C15D-32GIS,high
ram,Crucial,"Crucial Ballistix Sport LT 16 GB",BLS4K4G4D240FSC,high
ram,Corsair,"Corsair Vengeance LPX 32 GB",CMK32GX4M4Z4600C18,high
ram,Corsair,"Corsair Vengeance LPX 32 GB",CMK32GX4M4A2400C12,high
ram,Corsair,"Corsair Dominator Platinum 128 GB",CMD128GX4M8B3200C16,high
ram,Corsair,"Corsair Dominator Platinum 32 GB",CMD32GX4M2A2666C15,high
ram,TeamGroup,"TEAMGROUP T-Force Vulcan TUF Gaming Alliance 32 GB",TLTYD432G3200HC16CDC01,high
ram,TeamGroup,"TEAMGROUP Dark 16 GB",TDGED416G3000HC16CDC01,high
ram,Corsair,"Corsair Vengeance LPX 64 GB",CMK64GX4M4G4000C18,high
ram,Corsair,"Corsair Vengeance LED 32 GB",CMU32GX4M2A2666C16,high
ram,Crucial,"Crucial Ballistix Sport LT 64 GB",BLS4K16G4D240FSE,high
ram,G.SKILL,"G.Skill Trident Z 16 GB",F4-3200C14D-16GTZKW,high
ram,G.SKILL,"G.Skill Trident Z 128 GB",F4-3200C14Q2-128GTZSW,high
ram,Crucial,"Crucial Ballistix Sport LT 8 GB",BLS2K4G4D26BFSC,high
ram,G.SKILL,"G.Skill Trident Z Neo 32 GB",F4-3600C16Q-32GTZN,high
ram,TeamGroup,"TEAMGROUP T-Force Delta RGB 16 GB",TF3D416G4000HC18JDC01,high
ram,Crucial,"Crucial Ballistix Sport LT 16 GB",BLS16G4D32AESB,high
ram,TeamGroup,"TEAMGROUP Vulcan 8 GB",TLRED48G2400HC1401,high
ram,TeamGroup,"TEAMGROUP Vulcan 16 GB",TLRED416G2400HC14DC01,high
ram,TeamGroup,"TEAMGROUP Vulcan 8 GB",TLGD48G2400HC14DC01,high
ram,GeIL,"GeIL Orion RGB AMD Edition 32 GB",GAOSR432GB3200C16BDC,high
ram,GeIL,"GeIL Orion RGB AMD Edition 32 GB",GAOSG432GB3600C18BDC,high
ram,GeIL,"GeIL Orion AMD Edition 32 GB",GAOG432GB3600C18BDC,high
ram,G.SKILL,"G.Skill Trident Z RGB 32 GB",F4-3600C17Q-32GTZR,high
ram,G.SKILL,"G.Skill Trident Z RGB 16 GB",F4-4000C18D-16GTZR,high
ram,Crucial,"Crucial Ballistix Sport LT 64 GB",BLS4K16G4D32AESE,high
ram,Crucial,"Crucial Ballistix Sport AT 16 GB",BLS2K8G4D26BFSTK,high
ram,Corsair,"Corsair Dominator Platinum 16 GB",CMD16GX4M2C3333C16,high
ram,Corsair,"Corsair Dominator Platinum RGB 16 GB",CMT32GX4M2C3000C15,high
ram,Corsair,"Corsair Vengeance LED 32 GB",CMU32GX4M2C3200C16B,high
ram,TeamGroup,"TEAMGROUP Elite Plus 8 GB",TPD48G2666HC19DC01,high
ram,Crucial,"Crucial Ballistix Sport LT 32 GB",BLS4K8G4D30AESEK,high
ram,Corsair,"Corsair Vengeance RGB Pro 16 GB",CMW16GX4M2C3200C16-TUF,high
ram,Corsair,"Corsair Dominator Platinum RGB 32 GB",CMT32GX4M2Z3600C14,high
ram,TeamGroup,"TEAMGROUP T-Force Vulcan Z 16 GB",TLZGD416G3000HC16FDC01,high
ram,TeamGroup,"TEAMGROUP T-Force Vulcan Z 64 GB",TLZGD464G3200HC16FDC01,high
ram,TeamGroup,"TEAMGROUP T-Force Delta RGB 8 GB",TF4D48G3600HC18J01,high
ram,Crucial,"Crucial Ballistix Sport LT 32 GB",BLS2K16G4D30AESB,high
ram,Corsair,"Corsair Vengeance RGB Pro 16 GB",CMW16GX4M2C3200C14,high
ram,Patriot,"Patriot Viper Elite 8 GB",PVE48G240C5KBL,high
ram,G.SKILL,"G.Skill Ripjaws V 32 GB",F4-4000C16D-32GVK,high
ram,Patriot,"Patriot Viper 4 Blackout 16 GB",PVB416G360C7K,high
ram,G.SKILL,"G.Skill Trident Z Royal 128 GB",F4-3600C18Q-128GTRS,high
ram,Corsair,"Corsair Vengeance LPX 16 GB",CMK16GX4M4C3000C16,high
ram,Corsair,"Corsair Vengeance LPX 64 GB",CMK64GX4M8X3600C18,high
ram,Corsair,"Corsair Vengeance RGB 32 GB",CMR32GX4M2F3600C18,high
ram,Corsair,"Corsair Vengeance 32 GB",CMSX32GX4M4X4000C19,high
ram,Corsair,"Corsair Vengeance LED 32 GB",CMU32GX4M4D3200C16B,high
ram,Corsair,"Corsair ValueSelect 4 GB",CMV4GX4M1A2400C16,high
ram,Corsair,"Corsair Vengeance RGB Pro SL 64 GB",CMH64GX4M2Z4000C18,high
ram,Corsair,"Corsair Vengeance LPX 64 GB",CMK64GX4M4A2400C16,high
ram,Corsair,"Corsair Vengeance RGB Pro 32 GB",CMW32GX4M2Z3200C16,high
ram,Crucial,"Crucial Ballistix 16 GB",BL2K8G26C16U4R,high
ram,Crucial,"Crucial Ballistix 32 GB",BL2K16G30C15U4W,high
ram,Corsair,"Corsair Vengeance RGB 16 GB",CMR16GX4M2C3466C16,high
ram,GeIL,"GeIL EVO SPEAR 32 GB",GSB432GB3200C16ADC,high
ram,Crucial,"Crucial Ballistix MAX 32 GB",BLM2K16G40C18U4B,high
ram,Corsair,"Corsair Vengeance LPX 128 GB",CMK128GX4M4Z3600C18,high
ram,Corsair,"Corsair Dominator Platinum RGB 128GB (8 x 16GB) 288-Pin DDR4 SDRAM DDR4 3800 (PC4 30400) Desktop Memory Model CMT128GX4M8X3800C19 128 GB",CMT128GX4M8X3800C19,low
ram,G.SKILL,"G.Skill FORTIS 16 GB",F4-2133C15D-16GFT,high
ram,Corsair,"Corsair Vengeance Performance 8 GB",CMSX8GX4M1A2666C18,high
ram,Corsair,"Corsair Vengeance Performance 16 GB",CMSX16GX4M2A2666C18,high
ram,G.SKILL,"G.Skill Ripjaws 32 GB",F4-2666C19S-32GRS,high
ram,Corsair,"Corsair Vengeance Performance 8 GB",CMSX8GX4M1A2400C16,high
ram,G.SKILL,"G.Skill Trident Z Royal 32 GB",F4-3600C18D-32GTRG,high
ram,Crucial,"Crucial CT32G4SFD8266 32 GB",CT32G4SFD8266,low
ram,Corsair,"Corsair Vengeance LPX 32 GB",CMK32GX4M2A2666C16R,high
ram,Corsair,"Corsair Vengeance LPX 16 GB",CMK16GX4M4A2400C16,high
ram,Corsair,"Corsair Vengeance RGB Pro 32 GB",CMW32GX4M4K4266C19,high
ram,Corsair,"Corsair Dominator Platinum RGB 32 GB",CMT32GX4M4C3200C16W,high
ram,Corsair,"Corsair Vengeance RGB Pro 64 GB",CMW64GX4M4K3600C18,high
ram,Corsair,"Corsair Vengeance LPX 16 GB",CMK16GX4M4A2800C16,high
ram,G.SKILL,"G.Skill Trident Z RGB 16 GB",F4-3200C16D-16GTZRN,high
ram,Corsair,"Corsair Dominator Platinum RGB 64 GB",CMT64GX4M2C3200C16,high
ram,Corsair,"Corsair Vengeance LED 16 GB",CMU16GX4M2A2666C16B,high
ram,G.SKILL,"G.Skill Flare X 32 GB",F4-3200C16Q-32GFX,high
ram,TeamGroup,"TEAMGROUP Night Hawk RGB Gen 2 32 GB",TF15D432G3200HC16CDC01,high
ram,TeamGroup,"TEAMGROUP T-Force Delta TUF Gaming Alliance RGB 64 GB",TF9D464G3200HC16FDC01,high
ram,TeamGroup,"TEAMGROUP T-Force Xtreem 32 GB",TXD432G3600HC16CQC01,high
ram,TeamGroup,"TEAMGROUP T-Force Xtreem 32 GB",TXD432G4000HC18EQC01,high
ram,Patriot,"Patriot Viper Venom RGB 16 GB",PVR416G360C8K,high
ram,Corsair,"Corsair Vengeance RGB 16 GB",CMR16GX4M2D3000C16W,high
ram,Corsair,"Corsair Vengeance RGB 32 GB",CMR32GX4M4D3000C16,high
ram,Crucial,"Crucial Ballistix Tactical 8 GB",BLT2K4G4D30AETA,high
ram,GeIL,"GeIL Orion RGB AMD Edition 16 GB",GAOSR416GB3200C16BDC,high
ram,TeamGroup,"TEAMGROUP Elite 16 GB",TED416G3200C22DC016,high
ram,TeamGroup,"TEAMGROUP T-Force Delta TUF Gaming Alliance RGB 16 GB",TF9D416G2400HC1601,high
ram,Corsair,"Corsair Vengeance LPX 32 GB",CMK32GX4M2D3600C18R,high
ram,Corsair,"Corsair Dominator Platinum RGB 16 GB",CMT16GX4M2K4000C19W,high
ram,GeIL,"GeIL Orion AMD Edition 16 GB",GAOG416GB3000C16ADC,high
ram,Patriot,"Patriot Viper 4 Blackout 16 GB",PVB416G413C8K,high
ram,PNY,"PNY XLR8 Gaming EPIC-X RGB 64 GB",MD32GK2D4320016XRGB-X2,high
ram,TeamGroup,"TEAMGROUP T-Force Zeus 32 GB",TTZD432G3200HC16FDC-S01,high
ram,G.SKILL,"G.Skill Ripjaws V 16 GB",F4-2800C17D-16GVR,high
ram,G.SKILL,"G.Skill Trident Z 16 GB",F4-4133C19D-16GTZC,high
ram,Corsair,"Corsair Dominator Platinum Chrome 32 GB",CMD32GX4M4C3200C14C,high
ram,TeamGroup,"TEAMGROUP T-Create Classic 16 GB",TTCCD416G2666HC19DC01,high
ram,TeamGroup,"TEAMGROUP T-Force Xtreem 16 GB",TXKD416G4000HC18EDC01,high
ram,Crucial,"Crucial Ballistix Sport LT 16 GB",BLS2K16G4D26BFSC,high
ram,G.SKILL,"G.Skill Flare X 16 GB",F4-2133C15D-16GFX,high
ram,G.SKILL,"G.Skill Ripjaws 4 32 GB",F43000C15Q32GRK,high
ram,Corsair,"Corsair Dominator Platinum 16 GB",CMD16GX4M4B3000C15,high
ram,G.SKILL,"G.Skill Ripjaws V 16 GB",F4-3600C14D-16GVKA,high
ram,G.SKILL,"G.Skill Sniper X 32 GB",F4-3200C16D-32GSXWB,high
ram,G.SKILL,"G.Skill Trident Z Royal 32 GB",F4-3600C14D-32GTRSA,high
ram,Corsair,"Corsair Dominator Platinum RGB 64 GB",CMT64GX4M4Z3600C16,high
ram,G.SKILL,"G.Skill Aegis 8 GB",F4-2800C17S-8GIS,high
ram,G.SKILL,"G.Skill Trident Z Neo 32 GB",F4-4000C16D-32GTZN,high
ram,G.SKILL,"G.Skill Trident Z RGB 16 GB",F4-3200C14D-16GTZRX,high
ram,Thermaltake,"Thermaltake TOUGHRAM RC 16 GB",RA24D408GX2-4000C19A,high
ram,Corsair,"Corsair Vengeance LPX 16 GB",CMK16GX4M4A2666C16B,high
ram,TeamGroup,"TEAMGROUP Elite Plus 32 GB",TPD432GM2133HC15QC01,high
ram,Corsair,"Corsair Dominator Platinum 64 GB",CMD64GX4M8A2666C15,high
ram,TeamGroup,"TEAMGROUP T-Force T1 16 GB",TTD416G2666C18HDC01,high
ram,G.SKILL,"G.Skill Ripjaws 4 16 GB",F43200C15Q16GRKD,high
ram,Crucial,"Crucial Ballistix Elite 16 GB",BLE2K8G4D26AFEA,high
ram,TeamGroup,"TEAMGROUP T-Force Vulcan Z 8 GB",TLZGD48G3000HC16C01,high
ram,TeamGroup,"TEAMGROUP T-Force Vulcan Z 8 GB",TLZGD48G3000HC16CDC01,high
ram,TeamGroup,"TEAMGROUP T-Force Vulcan Z 8 GB",TLZRD48G3200HC16C01,high
ram,Crucial,"Crucial Ballistix Sport LT 32 GB",BLS4K8G4D240FSB,high
ram,G.SKILL,"G.Skill Trident Z Neo 32 GB",F4-3800C18D-32GTZN,high
ram,G.SKILL,"G.Skill Trident Z Royal Elite 32 GB",F4-4000C18D-32GTES,high
ram,Lexar,"Lexar Ares RGB 16 GB",LD4EU016G-R4000GDWA,high
ram,Lexar,"Lexar Ares RGB 32 GB",LD4EU008G-R3866GDLA,high
ram,Patriot,"Patriot Viper Venom RGB 16 GB",PVR416G300C5KW,high
ram,Patriot,"Patriot Viper Venom RGB 16 GB",PVR416G413C9K,high
ram,Corsair,"Corsair Vengeance LPX 16 GB",CMK16GX4M2Z4000C16,high
ram,Patriot,"Patriot Signature Premium 8 GB",PSP48G2400KH1,high
ram,G.SKILL,"G.Skill Trident Z Royal 16 GB",F4-3600C17D-16GTRS,high
ram,Crucial,"Crucial Ballistix Sport LT 32 GB",BLS4K8G4D240FSEK,high
ram,GeIL,"GeIL EVO POTENZA 8 GB",GPR48GB2400C16DC,high
ram,Thermaltake,"Thermaltake TOUGHRAM XG RGB 16 GB",R016D408GX2-3600C18A,high
ram,Thermaltake,"Thermaltake TOUGHRAM XG RGB 32 GB",RG06D416GX2-3600C18B,high
ram,Corsair,"Corsair Vengeance RGB 32 GB",CMR32GX4M4C3000C15W,high
ram,G.SKILL,"G.Skill Trident Z Royal 16 GB",F4-3600C18D-16GTRG,high
ram,PNY,"PNY Anarchy 16 GB",MD16GK2D4213315AR,high
ram,G.SKILL,"G.Skill Ripjaws 4 8 GB",F42666C15D8GRR,high
ram,PNY,"PNY Anarchy X 16 GB",MD16GK4D4280016AXR,high
ram,PNY,"PNY Anarchy 8 GB",MD8GK2D4240015AB,high
ram,PNY,"PNY Anarchy 8 GB",MD8GSD4240015AR,high
ram,Corsair,"Corsair Vengeance LPX 32 GB",CMK32GX4M2C3333C16,high
ram,Corsair,"Corsair Vengeance LPX 8 GB",CMK8GX4M1A2666C16R,high
ram,Corsair,"Corsair Vengeance RGB Pro 32 GB",CMW32GX4M4A2666C16W,high
ram,Corsair,"Corsair Vengeance LPX 8 GB",CMK8GX4M2C3000C16,high
ram,Corsair,"Corsair Vengeance LPX 16 GB",CMK16GX4M2C3200C16S,high
ram,G.SKILL,"G.Skill Ripjaws V 64 GB",F42400C15Q64GVR,high
ram,Corsair,"Corsair Vengeance LPX 64 GB",CMK64GX4M4B3000C15,high
ram,Corsair,"Corsair Dominator Platinum RGB 64 GB",CMT64GX4M2E3200C16,high
ram,Crucial,"Crucial Ballistix Sport LT 16 GB",BLS16G4D26BFSC,high
ram,Corsair,"Corsair Vengeance LPX 128 GB",CMK128GX4M8E3200C16,high
ram,Crucial,"Crucial Ballistix RGB 32 GB",BL2K16G32C16U4RL,high
ram,Crucial,"Crucial Ballistix RGB 16 GB",BL2K8G32C16U4RL,high
ram,TeamGroup,"TEAMGROUP Elite Plus 16 GB",TPRD416G2400HC16QC01,high
ram,TeamGroup,"TEAMGROUP Elite Plus 8 GB",TPRD48G3200HC22DC01,high
ram,TeamGroup,"TEAMGROUP Elite Plus 16 GB",TPRD416G3200HC22DC016,high
ram,TeamGroup,"TEAMGROUP Elite Plus 32 GB",TPRD432G3200HC22DC02,high
ram,TeamGroup,"TEAMGROUP T-Force Vulcan Z 8 GB",TLZRD48G3200HC16F01,high
ram,GeIL,"GeIL EVO X II AMD 16 GB",GAEXSY48GB2666C19DC,high
ram,G.SKILL,"G.Skill Trident Z Royal 32 GB",F4-4600C20D-32GTRG,high
ram,Corsair,"Corsair Vengeance LPX 8 GB",CMK8GX4M2B4000C19R,high
ram,G.SKILL,"G.Skill Ripjaws V 16 GB",F42400C15D16GVB,high
ram,G.SKILL,"G.Skill TridentZ RGB 16 GB",F4-4600C19D-16GTZRE,high
ram,G.SKILL,"G.Skill Trident Z Royal 32 GB",F4-4600C20D-32GTRS,high
ram,GeIL,"GeIL EVO POTENZA 8 GB",GPR48GB2133C15DC,high
ram,G.SKILL,"G.Skill Ripjaws V 64 GB",F43200C15Q64GVK,high
ram,G.SKILL,"G.Skill Ripjaws V 32 GB",F43000C14D32GVK,high
ram,Corsair,"Corsair Vengeance LPX 128 GB",CMK128GX4M8A2666C16,high
ram,G.SKILL,"G.Skill Ripjaws V 32 GB",F43200C14D32GVR,high
ram,G.SKILL,"G.Skill Ripjaws V 32 GB",F43200C15D32GVR,high
ram,G.SKILL,"G.Skill Ripjaws V 16 GB",F43200C14D16GVR,high
ram,Crucial,"Crucial Ballistix Sport LT 16 GB",BLS2K8G4D240FSC,high
ram,G.SKILL,"G.Skill Aegis 32 GB",F4-2400C15Q-32GIS,high
ram,Corsair,"Corsair Vengeance LPX 64 GB",CMK64GX4M8B3200C16,high
ram,G.SKILL,"G.Skill Ripjaws V 32 GB",F43600C17Q32GVK,high
ram,TeamGroup,"TEAMGROUP TED48G2400C1601 8 GB",TED48G2400C1601,low
ram,G.SKILL,"G.Skill Value 32 GB",F4-2666C19S-32GNT,high
ram,Corsair,"Corsair Vengeance RGB Pro SL 32 GB",CMH32GX4M2K4000C18,high
ram,Corsair,"Corsair Vengeance LPX 128 GB",CMK128GX4M4A2400C16,high
ram,Corsair,"Corsair Vengeance LED 32 GB",CMU32GX4M4C3000C15R,high
ram,Corsair,"Corsair Vengeance LED 32 GB",CMU32GX4M2A2666C16R,high
ram,Corsair,"Corsair Vengeance LED 32 GB",CMU32GX4M2C3000C15R,high
ram,TeamGroup,"TEAMGROUP T-Force Vulcan Z 32 GB",TLZRD432G2666HC18HDC01,high
ram,Corsair,"Corsair Vengeance RGB Pro 64 GB",CMW64GX4M4D3000C16,high
ram,G.SKILL,"G.Skill Trident Z 32 GB",F4-3200C15Q-32GTZSW,high
ram,G.SKILL,"G.Skill Trident Z 16 GB",F4-3200C14D-16GTZSW,high
ram,G.SKILL,"G.Skill Trident Z Royal 32 GB",F4-4000C15Q-32GTRS,high
ram,Crucial,"Crucial Ballistix Elite 32 GB",BLE4K8G4D40BEEAK,high
ram,TeamGroup,"TEAMGROUP T-Force Delta RGB 16 GB",TF4D416G3600HC14CDC01,high
ram,TeamGroup,"TEAMGROUP T-Force Delta RGB 16 GB",TF4D416G4000HC18JDC01,high
ram,G.SKILL,"G.Skill Value 8 GB",F4-2133C15S-8GNS,high
ram,TeamGroup,"TEAMGROUP T-Force Xtreem ARGB 32 GB",TF10D432G3600HC18JDC01,high
ram,Patriot,"Patriot Viper Steel 16 GB",PVS416G360C4K,high
ram,Corsair,"Corsair Vengeance RGB RT 16 GB",CMN16GX4M2Z3600C18W,high
ram,Corsair,"Corsair Vengeance RGB RT 64 GB",CMN64GX4M4Z3600C18,high
ram,Corsair,"Corsair Vengeance RGB RT 32 GB",CMN32GX4M4Z3200C16,high
ram,Corsair,"Corsair Vengeance RGB RT 32 GB",CMN32GX4M4Z3600C18,high
ram,G.SKILL,"G.Skill TridentZ RGB 32 GB",F4-4266C16D-32GTZR,high
ram,Patriot,"Patriot PSD48G2400K 8 GB",PSD48G2400K,low
ram,Patriot,"Patriot Viper Steel 16 GB",PVS416G386C8K,high
ram,GeIL,"GeIL Orion RGB AMD Edition 16 GB",GAOSR416GB3200C16ADC,high
ram,G.SKILL,"G.Skill Trident Z RGB 16 GB",F4-3000C14D-16GTZR,high
ram,G.SKILL,"G.Skill Trident Z RGB 16 GB",F4-3600C16D-16GTZR,high
ram,G.SKILL,"G.Skill Trident Z RGB 16 GB",F4-3466C16D-16GTZR,high
ram,Corsair,"Corsair Vengeance LPX 16 GB",CMK16GX4M2B3200C16S,high
ram,Crucial,"Crucial Ballistix Sport AT 8 GB",BLS8G4D30CESTK,high
ram,Lexar,"Lexar Hades OC 16 GB",LD4BU016G-R3600GS0H,high
ram,Corsair,"Corsair Vengeance LED 16 GB",CMU16GX4M2C3200C16B,high
ram,GeIL,"GeIL Evo X II RGB SYNC 16 GB",GEXSB416GB3000C16ADC,high
ram,TeamGroup,"TEAMGROUP Elite Plus 16 GB",TPD416G3200HC2202,high
ram,Patriot,"Patriot Viper 4 16 GB",PV416G340C6K,high
ram,TeamGroup,"TEAMGROUP Elite Plus 32 GB",TPD432G3200HC22DC01,high
ram,Crucial,"Crucial Ballistix Tactical Tracer RGB 16 GB",BLT2K8G4D32AET4K,high
ram,TeamGroup,"TEAMGROUP T-Force Vulcan Z 16 GB",TLZRD416G3000HC16FDC01,high
ram,TeamGroup,"TEAMGROUP T-Force Vulcan Z 64 GB",TLZRD464G3200HC16CDC01,high
ram,TeamGroup,"TEAMGROUP T-Force Vulcan Z 32 GB",TLZGD432G3600HC14CDC01,high
ram,TeamGroup,"TEAMGROUP T-Force Vulcan Z 16 GB",TLZGD416G3600HC20DDC01,high
ram,TeamGroup,"TEAMGROUP T-Force Delta RGB 32 GB",TF4D432G3600HC18J01,high
ram,TeamGroup,"TEAMGROUP T-Force Delta RGB 16 GB",TF3D416G3600HC14CDC01,high
ram,TeamGroup,"TEAMGROUP Elite Plus 8 GB",TPRD48G2666HC1901,high
ram,G.SKILL,"G.Skill TridentZ RGB 16 GB",F4-4266C19D-16GTZRC,high
ram,G.SKILL,"G.Skill TridentZ RGB 128 GB",F4-2666C19Q-128GTZR,high
ram,G.SKILL,"G.Skill Trident Z 64 GB",F4-3466C16Q-64GTZ,high
ram,Crucial,"Crucial Ballistix Sport LT 8 GB",BLS2K4G4D240FSE,high
ram,Corsair,"Corsair Vengeance RGB Pro 128 GB",CMW128GX4M4Z3200C16,high
ram,Lexar,"Lexar Hades RGB 8 GB",LD4BU008G-R3200USLH,high
ram,Corsair,"Corsair Vengeance LPX 16 GB",CMK16GX4M2Z4866C18,high
ram,Crucial,"Crucial Ballistix Sport LT 32 GB",BLS2K16G4D30AESC,high
ram,G.SKILL,"G.Skill Aegis 16 GB",F4-2800C17D-16GIS,high
ram,TeamGroup,"TEAMGROUP T-Force Dark Z 16 GB",TDZGD416G3200HC16CDC01,high
ram,GeIL,"GeIL Orion AMD Edition 32 GB",GAOR432GB3200C16ADC,high
ram,TeamGroup,"TEAMGROUP T-Force Dark Pro 16 GB",TDPPD416G3200HC14ADC01,high
ram,TeamGroup,"TEAMGROUP T-Force Dark Z 16 GB",TDZRD416G3000HC16CDC01,high
ram,Corsair,"Corsair Vengeance RGB RS 128 GB",CMG128GX4M4E3200C16,high
ram,Crucial,"Crucial Ballistix Sport LT 8 GB",BLS2K4G4D26BFSB,high
ram,Corsair,"Corsair Dominator Platinum RGB 32 GB",CMT32GX4M4Z3200C16,high
ram,Corsair,"Corsair Vengeance LPX 16 GB",CMK16GX4M2Z4000C18,high
ram,G.SKILL,"G.Skill Trident Z 64 GB",F4-3300C16Q-64GTZKW,high
ram,Corsair,"Corsair Vengeance RGB 32 GB",CMR32GX4M2D3200C16,high
ram,TeamGroup,"TEAMGROUP T-Force Vulcan 8 GB",TLGD48G2666HC15B01,high
ram,TeamGroup,"TEAMGROUP Elite Plus 16 GB",TPRD416G2400HC1601,high
ram,Corsair,"Corsair Vengeance RGB 128 GB",CMR128GX4M8Z2933C16,high
ram,G.SKILL,"G.Skill Trident Z 16 GB",F4-3200C15D-16GTZKW,high
ram,Crucial,"Crucial Ballistix 16 GB",BL2K8G26C16U4W,high
ram,Corsair,"Corsair Vengeance RGB Pro 64 GB",CMW64GX4M4K3600C18W,high
ram,G.SKILL,"G.Skill Trident Z Royal 128 GB",F4-3200C14Q-128GTRG,high
ram,Patriot,"Patriot Viper Elite 16 GB",PVE416G280C6KBL,high
ram,Corsair,"Corsair Vengeance RGB Pro 128 GB",CMW128GX4M8A2666C16,high
ram,GeIL,"GeIL SUPER LUCE RGB SYNC Series TUF Gaming Alliance AMD Edition 16 GB",GALTS416GB3200C16ADC,high
ram,GeIL,"GeIL EVO SPEAR 16 GB",GASB416GB3000C16ADC,high
ram,TeamGroup,"TEAMGROUP Elite 32 GB",TED432G3200C22-S01,high
ram,Corsair,"Corsair ValueSelect 8 GB",CMSO8GX4M1A2133C15,high
ram,G.SKILL,"G.Skill Ripjaws 64 GB",F4-2666C19D-64GRS,high
ram,G.SKILL,"G.Skill F4-4000C19D-32GTZSW 32 GB",F4-4000C19D-32GTZSW,low
ram,Thermaltake,"Thermaltake TOUGHRAM RGB 16 GB",R022D408GX2-4400C19A,high
ram,G.SKILL,"G.Skill NT 16 GB",F42400C15D16GNT,high
ram,G.SKILL,"G.Skill Ripjaws 32 GB",F42666C18D32GRS,high
ram,G.SKILL,"G.Skill Trident Z RGB 32 GB",F4-3000C14D-32GTZR,high
ram,Patriot,"Patriot Viper Elite 32 GB",PVE432G280C6KRD,high
ram,Corsair,"Corsair Vengeance LED 16 GB",CMU16GX4M2C3000C15B,high
ram,G.SKILL,"G.Skill Trident Z RGB 128 GB",F4-2666C18Q-128GTZR,high
ram,G.SKILL,"G.Skill Sniper X 16 GB",F4-3200C16D-16GSXFB,high
ram,G.SKILL,"G.Skill Ripjaws 32 GB",F42133C15Q32GRB,high
ram,Corsair,"Corsair Dominator Platinum RGB 16 GB",CMT16GX4M2C3466C16,high
ram,Corsair,"Corsair Vengeance RGB Pro SL 16 GB",CMH16GX4M2Z4000C18,high
ram,Corsair,"Corsair Vengeance RGB Pro 16 GB",CMW16GX4M2Z4000C16,high
ram,Corsair,"Corsair Dominator Platinum RGB 128 GB",CMT128GX4M8C3200C16,high
ram,PNY,"PNY XLR8 Gaming EPIC-X RGB 16 GB",MD16GK2D4400018XRGB,high
ram,PNY,"PNY XLR8 Gaming EPIC-X RGB 16 GB",MD16GK2D4440019XRGB,high
ram,Corsair,"Corsair Vengeance LPX 16 GB",CMK16GX4M1C3000C16,high
ram,TeamGroup,"TEAMGROUP T-Create Expert 16 GB",TTCED416G3600HC14CDC01,high
ram,Crucial,"Crucial CT2K4G4DFS8266 8 GB",CT2K4G4DFS8266,low
ram,Corsair,"Corsair Vengeance RGB Pro SL 16 GB",CMH16GX4M2Z3600C16,high
ram,Crucial,"Crucial Ballistix Elite 8 GB",BLE2K4G4D30AEEA,high
ram,G.SKILL,"G.Skill Trident Z Royal 64 GB",F4-3600C16Q-64GTRG,high
ram,Corsair,"Corsair Dominator Platinum RGB 32 GB",CMT32GX4M2C3600C18,high
ram,TeamGroup,"TEAMGROUP T-Force Dark 16 GB",TDGED416G2400HC14QC01,high
ram,TeamGroup,"TEAMGROUP T-Force Dark 64 GB",TDGED464G2400HC15BQC01,high
ram,G.SKILL,"G.Skill Trident Z Neo (For AMD Ryzen) 16 GB",F4-4000C18D-16GTZN,high
ram,Lexar,"Lexar Hades RGB 16 GB",LD4BU016G-R3200GSLH,high
ram,Lexar,"Lexar Hades OC 16 GB",LD4BU016G-R3600US0H,high
ram,Lexar,"Lexar Hades OC 8 GB",LD4BU008G-R3200US0H,high
ram,TeamGroup,"TEAMGROUP T-Force Vulcan 32 GB",TLGD432G3000HC16CQC01,high
ram,G.SKILL,"G.Skill Trident Z 128 GB",F4-3866C19Q2-128GTZKK,high
ram,TeamGroup,"TEAMGROUP T-Force Dark Za 32 GB",TDZAD432G4000HC18LDC01,high
ram,TeamGroup,"TEAMGROUP T-Force Dark Z 32 GB",TDZGD432G3200HC16FDC01,high
ram,TeamGroup,"TEAMGROUP Elite 4 GB",TED44G2400C1601,high
ram,TeamGroup,"TEAMGROUP Elite 8 GB",TED48G2666C19016,high
ram,TeamGroup,"TEAMGROUP T-Force Delta TUF Gaming Alliance RGB 16 GB",TF9D416G2933HC16CDC01,high
ram,TeamGroup,"TEAMGROUP T-Force Vulcan 16 GB",TLRED416G3200HC16CDC01,high
ram,TeamGroup,"TEAMGROUP T-Force Zeus 64 GB",TTZD464G3200HC20DC01,high
ram,GeIL,"GeIL EVO SPEAR 8 GB",GASB48GB2400C16DC,high
ram,Netac,"Netac Shadow II 8 GB",NTSWD4P26SP-08K,high
ram,G.SKILL,"G.Skill F4-2133C15D-16GNS 16 GB",F4-2133C15D-16GNS,low
ram,G.SKILL,"G.Skill Trident Z 16 GB",F4-4133C19D-16GTZKWC,high
ram,G.SKILL,"G.Skill Trident Z 16 GB",F4-3733C17D-16GTZKW,high
ram,G.SKILL,"G.Skill Trident Z RGB 16 GB",F4-2933C16D-16GTZRX,high
ram,GeIL,"GeIL EVO POTENZA 16 GB",GPB416GB2400C16DC,high
ram,G.SKILL,"G.Skill FORTIS 32 GB",F4-2400C16D-32GFT,high
ram,Corsair,"Corsair Dominator Platinum RGB 64 GB",CMT64GX4M4C3466C16,high
ram,Corsair,"Corsair Dominator Platinum Blackout 32 GB",CMD32GX4M2C3200C14M,high
ram,TeamGroup,"TEAMGROUP T-Force Night Hawk Legend RGB 16 GB",TF7D416G3200HC14ADC01,high
ram,TeamGroup,"TEAMGROUP T-Create Classic 32 GB",TTCCD432G2666HC19DC01,high
ram,TeamGroup,"TEAMGROUP T-Create Classic 64 GB",TTCCD464G2666HC19DC01,high
ram,TeamGroup,"TEAMGROUP T-Force Dark Za 32 GB",TDZAD432G3200HC16CDC01,high
ram,G.SKILL,"G.Skill Ripjaws V 16 GB",F4-2666C19D-16GVR,high
ram,Corsair,"Corsair Dominator Platinum RGB 64 GB",CMT64GX4M4C3200C16,high
ram,G.SKILL,"G.Skill Flare X 16 GB",F4-2400C16D-16GFX,high
ram,G.SKILL,"G.Skill Flare X 16 GB",F4-2400C15D-16GFXR,high
ram,G.SKILL,"G.Skill Flare X 32 GB",F4-2133C15D-32GFX,high
ram,Corsair,"Corsair Vengeance RGB 32 GB",CMR32GX4M2C3333C16,high
ram,G.SKILL,"G.Skill Trident Z 16 GB",F4-4400C19D-16GTZSW,high
ram,Corsair,"Corsair Dominator Platinum 32 GB",CMD32GX4M4A2666C15,high
ram,TeamGroup,"TEAMGROUP Dark Pro 8PACK Edition 32 GB",TDPPD432G3600HC16GDC01,high
ram,G.SKILL,"G.Skill Trident Z RGB 16 GB",F4-4000C18D-16GTRG,high
ram,Crucial,"Crucial Ballistix Sport LT 32 GB",BLS4K8G4D240FSBK,high
ram,G.SKILL,"G.Skill Ripjaws V 128 GB",F4-2400C15Q2-128GVK,high
ram,G.SKILL,"G.Skill Ripjaws V 8 GB",F4-2400C17S-8GVR,high
ram,G.SKILL,"G.Skill Ripjaws V 128 GB",F4-3000C16Q2-128GVRB,high
ram,G.SKILL,"G.Skill Ripjaws V 128 GB",F4-3000C16Q2-128GVKB,high
ram,G.SKILL,"G.Skill Sniper X 16 GB",F4-3600C18D-16GSXAS,high
ram,G.SKILL,"G.Skill Sniper X 32 GB",F4-3600C18D-32GSXAS,high
ram,G.SKILL,"G.Skill Trident Z Royal 32 GB",F4-4400C19D-32GTRS,high
ram,G.SKILL,"G.Skill F4-3200C16D-16GTZKO 16 GB",F4-3200C16D-16GTZKO,low
ram,G.SKILL,"G.Skill F4-3200C16Q-64GTZKO 64 GB",F4-3200C16Q-64GTZKO,low
ram,G.SKILL,"G.Skill F4-3600C17D-32GTZ 32 GB",F4-3600C17D-32GTZ,low
ram,G.SKILL,"G.Skill Ripjaws 4 16 GB",F4-3000C16D-16GRRB,high
ram,Corsair,"Corsair Vengeance RGB 64 GB",CMR64GX4M8X3600C18,high
ram,G.SKILL,"G.Skill Ripjaws V 32 GB",F4-3600C14D-32GVK,high
ram,Corsair,"Corsair Vengeance RGB Pro 128 GB",CMW128GX4M4A2666C16,high
ram,GeIL,"GeIL EVO FORZA 32 GB",GFR432GB2400C16DC,high
ram,GeIL,"GeIL GPR432GB2400C15QC 32 GB",GPR432GB2400C15QC,low
ram,Corsair,"Corsair Vengeance LPX 32 GB",CMK32GX4M4A2666C16R,high
ram,Corsair,"Corsair Vengeance LPX 16 GB",CMK16GX4M4A2400C14R,high
ram,TeamGroup,"TEAMGROUP Elite Plus 16 GB",TPD416GM2133HC15DC01,high
ram,Corsair,"Corsair Vengeance 32 GB",CMSX32GX4M2A3000C16,high
ram,Patriot,"Patriot Viper Elite 16 GB",PVE416G320C6KRD,high
ram,Corsair,"Corsair Vengeance LPX 32 GB",CMK32GX4M4A2800C16,high
ram,Corsair,"Corsair Vengeance RGB Pro 64 GB",CMW64GX4M4Z2933C16,high
ram,Corsair,"Corsair Vengeance LPX 16 GB",CMK16GX4M2K4133C19,high
ram,TeamGroup,"TEAMGROUP Dark 16 GB",TDRED416G3000HC16CDC01,high
ram,Corsair,"Corsair Vengeance LPX 16 GB",CMK16GX4M4B3000C15,high
ram,TeamGroup,"TEAMGROUP Elite 32 GB",TPKD432G2400HC16DC01,high
ram,TeamGroup,"TEAMGROUP T-Force Dark Za 32 GB",TDZAD432G4000HC18JDC01,high
ram,G.SKILL,"G.Skill Ripjaws 4 8 GB",F42400C15D8GRR,high
ram,G.SKILL,"G.Skill Ripjaws 4 8 GB",F42133C15D8GRR,high
ram,Corsair,"Corsair Dominator Platinum 16 GB",CMD16GX4M4B3000C14,high
ram,Patriot,"Patriot Viper 4 16 GB",PV416G300C6QK,high
ram,TeamGroup,"TEAMGROUP T-Force Vulcan Z 32 GB",TLZGD432G2666HC18HDC01,high
ram,TeamGroup,"TEAMGROUP T-Force Vulcan Z 32 GB",TLZRD432G3000HC16CDC01,high
ram,TeamGroup,"TEAMGROUP T-Force Vulcan Z 16 GB",TLZRD416G2666HC18H01,high
ram,TeamGroup,"TEAMGROUP T-Force Vulcan Z 8 GB",TLZRD48G3000HC16CDC01,high
ram,G.SKILL,"G.Skill Trident Z Royal 16 GB",F4-4800C17D-16GTRS,high
ram,G.SKILL,"G.Skill Sniper X 16 GB",F4-3600C19D-16GSXKB,high
ram,G.SKILL,"G.Skill Sniper X 32 GB",F4-3600C19D-32GSXKB,high
ram,G.SKILL,"G.Skill Trident Z Royal 16 GB",F4-5333C22D-16GTRS,high
ram,Patriot,"Patriot Signature Line 8 GB",PSD48G2666KH,high
ram,Corsair,"Corsair Vengeance LPX 4 GB",CMK4GX4M1A2400C14R,high
ram,GeIL,"GeIL Orion RGB AMD Edition 32 GB",GAOSG432GB3200C16BDC,high
ram,EVGA,"EVGA Superclocked 16 GB",16GD42666MR,high
ram,G.SKILL,"G.Skill Flare X 64 GB",F4-3200C16Q-64GFX,high
ram,Lexar,"Lexar LD4AS032G-B3200GSST 32 GB",LD4AS032G-B3200GSST,low
ram,Patriot,"Patriot Viper Venom RGB 16 GB",PVR416G266C5K,high
ram,Patriot,"Patriot Viper Venom RGB 16 GB",PVR416G360C6K,high
ram,G.SKILL,"G.Skill Trident Z Royal Elite 32 GB",F4-4000C14D-32GTES,high
ram,G.SKILL,"G.Skill Trident Z Royal Elite 16 GB",F4-3600C14D-16GTESA,high
ram,Corsair,"Corsair Vengeance RGB Pro 128 GB",CMW128GX4M4D3000C16,high
ram,G.SKILL,"G.Skill Trident Z Royal 64 GB",F4-3200C14D-64GTRS,high
ram,G.SKILL,"G.Skill Ripjaws 4 128 GB",F42400C14Q2128GRK,high
ram,Crucial,"Crucial Ballistix Tactical Tracer 8 GB",BLT8G4D26BFT4K,high
ram,Crucial,"Crucial CT2K4G4SFS624A 8 GB",CT2K4G4SFS624A,low
ram,Crucial,"Crucial CT4G4SFS624A 4 GB",CT4G4SFS624A,low
ram,Patriot,"Patriot Viper Steel RGB 32 GB",PVSR432G360C0,high
ram,Patriot,"Patriot Viper Steel RGB 8 GB",PVSR48G320C8,high
ram,G.SKILL,"G.Skill Trident Z RGB 16 GB",F4-4000C14D-16GTZR,high
ram,TeamGroup,"TEAMGROUP Elite Plus 16 GB",TPRD416G2666HC19DC01,high
ram,Thermaltake,"Thermaltake TOUGHRAM RC 16 GB",RA24D408GX2-3200C16A,high
ram,G.SKILL,"G.Skill Trident Z Royal Elite 64 GB",F4-3600C16Q-64GTESC,high
ram,Thermaltake,"Thermaltake TOUGHRAM XG RGB 64 GB",R016R432GX2-3600C18A,high
ram,Thermaltake,"Thermaltake TOUGHRAM XG RGB 64 GB",RG06R432GX2-4000C19B,high
ram,Crucial,"Crucial Sport LT 8 GB",BLS8G4D240FSC,high
ram,Corsair,"Corsair Dominator Platinum 128 GB",CMD128GX4M8A2666C15,high
ram,Corsair,"Corsair Vengeance RGB 16 GB",CMR16GX4M2C3000C15W,high
ram,Corsair,"Corsair Vengeance RGB 32 GB",CMR32GX4M2C3200C16W,high
ram,Corsair,"Corsair Vengeance RGB 32 GB",CMR32GX4M4C3200C16W,high
ram,Corsair,"Corsair Dominator Platinum 16 GB",CMD16GX4M2B3466C16,high
ram,G.SKILL,"G.Skill Ripjaws 4 32 GB",F43000C15Q32GRBB,high
ram,Corsair,"Corsair Vengeance LPX 16 GB",CMK16GX4M2C3600C20,high
ram,Corsair,"Corsair Vengeance LPX 64 GB",CMK64GX4M4C3200C16,high
ram,Corsair,"Corsair Vengeance LPX 8 GB",CMK8GX4M2D2400C14,high
ram,G.SKILL,"G.Skill Ripjaws V 8 GB",F43000C15D8GVR,high
ram,G.SKILL,"G.Skill Ripjaws V 32 GB",F43000C15Q32GVR,high
ram,G.SKILL,"G.Skill Trident Z RGB 64 GB",F4-2666C19D-64GTZR,high
ram,Thermaltake,"Thermaltake TOUGHRAM 16 GB",R017D408GX2-4000C19A,high
ram,Crucial,"Crucial Ballistix Tactical 16 GB",BLT2K8G4D26AFTA,high
ram,Corsair,"Corsair Vengeance RGB Pro 64 GB",CMW64GX4M8C3000C15W,high
ram,TeamGroup,"TEAMGROUP Xtreem 16 GB",TXD416G3600HC18ADC01,high
ram,G.SKILL,"G.Skill Ripjaws V 32 GB",F43000C15Q32GVRB,high
ram,Patriot,"Patriot Viper 4 16 GB",PV416G280C6K,high
ram,G.SKILL,"G.Skill NT 4 GB",F42400C15S4GNT,high
ram,TeamGroup,"TEAMGROUP T-Force Xtreem 16 GB",TXKD416G3733HC18ADC01,high
ram,Patriot,"Patriot Viper 4 8 GB",PV48G240C5K,high
ram,GeIL,"GeIL SUPER LUCE RGB SYNC 16 GB",GLS416GB3600C16ADC,high
ram,G.SKILL,"G.Skill Trident Z 8 GB",F44266C19D8GTZ,high
ram,G.SKILL,"G.Skill Ripjaws V 32 GB",F42800C15D32GVR,high
ram,Patriot,"Patriot Viper 4 16 GB",PV416G373C7K,high
ram,G.SKILL,"G.Skill Ripjaws V 8 GB",F42800C15S8GVRB,high
ram,G.SKILL,"G.Skill Ripjaws V 16 GB",F43000C15S16GVR,high
ram,Crucial,"Crucial Ballistix Tactical 16 GB",BLT4K4G4D26AFTA,high
ram,TeamGroup,"TEAMGROUP T-Force Delta RGB 16 GB",TF4D416G2400HC15BDC01,high
ram,TeamGroup,"TEAMGROUP T-Force Delta RGB 16 GB",TF4D416G2666HC15BDC01,high
ram,GeIL,"GeIL Dragon RAM Combo 16 GB",GWW416GB3600C17QK,high
ram,Crucial,"Crucial Ballistix Tactical 64 GB",BLT4K16G4D30AETA,high
ram,TeamGroup,"TEAMGROUP TPD48G3200HC2201 8 GB",TPD48G3200HC2201,low
ram,Crucial,"Crucial Ballistix 32 GB",BL2K16G32C16U4R,high
ram,Crucial,"Crucial Ballistix RGB 64 GB",BL2K32G32C16U4WL,high
ram,TeamGroup,"TEAMGROUP Elite Plus 4 GB",TPRD44G2400HC1601,high
ram,Crucial,"Crucial Ballistix RGB 16 GB",BL2K8G30C15U4WL,high
ram,TeamGroup,"TEAMGROUP Elite Plus 8 GB",TPRD48G2133HC15DC01,high
ram,G.SKILL,"G.Skill Trident Z Neo 64 GB",F4-3800C18D-64GTZN,high
ram,G.SKILL,"G.Skill Ripjaws V 16 GB",F4-4800C19D-16GVKC,high
ram,GeIL,"GeIL EVO X II AMD 16 GB",GAEXSY416GB2400C17SC,high
ram,GeIL,"GeIL EVO X II AMD 8 GB",GAEXSY48GB3200C16BSC,high
ram,G.SKILL,"G.Skill Ripjaws V 16 GB",F43400C16D16GVK,high
ram,Corsair,"Corsair Dominator Platinum 64 GB",CMD64GX4M4A2666C15,high
ram,TeamGroup,"TEAMGROUP T-Force Xtreem ARGB 16 GB",TF13D416G5333HC22ADC01,high
ram,G.SKILL,"G.Skill Trident Z Royal Elite 64 GB",F4-4000C18D-64GTEG,high
ram,G.SKILL,"G.Skill Ripjaws V 16 GB",F42666C15D16GVS,high
ram,G.SKILL,"G.Skill Ripjaws 16 GB",F42666C18S16GRS,high
ram,Corsair,"Corsair Vengeance LPX 16 GB",CMK16GX4M4C3200C16,high
ram,G.SKILL,"G.Skill Trident Z Royal 16 GB",F4-5066C20D-16GTRG,high
ram,TeamGroup,"TEAMGROUP T-Force XCalibur RGB 16 GB",TF5D416G3600HC18EDC01,high
ram,TeamGroup,"TEAMGROUP T-Force XCalibur RGB SE 16 GB",TF6D416G4000HC18EDC01,high
ram,GeIL,"GeIL GeIL EVO POTENZA 16GB (2 x 8GB) 288-Pin DDR4 SDRAM DDR4 3600 (PC4 28800) Desktop Memory Model GPR416GB3600C18ADC 16 GB",GPR416GB3600C18ADC,low
ram,G.SKILL,"G.Skill Ripjaws V 8 GB",F43866C18D8GVK,high
ram,G.SKILL,"G.Skill Trident Z 32 GB",F43200C16D32GTZA,high
ram,G.SKILL,"G.Skill Trident Z 16 GB",F43600C16D16GTZ,high
ram,G.SKILL,"G.Skill Ripjaws V 32 GB",F43000C14Q32GVK,high
ram,G.SKILL,"G.Skill Ripjaws V 16 GB",F43200C15D16GVR,high
ram,G.SKILL,"G.Skill Ripjaws V 32 GB",F43000C14Q32GVR,high
ram,G.SKILL,"G.Skill Ripjaws V 64 GB",F43200C15Q64GVR,high
ram,GeIL,"GeIL EVO POTENZA 16 GB",GPR416GB3000C15ADC,high
ram,Corsair,"Corsair Vengeance LPX 64 GB",CMK64GX4M4B3333C16R,high
ram,GeIL,"GeIL Dragon RAM 8 GB",GWW48GB3866C18DC,high
ram,Corsair,"Corsair Vengeance LPX 128 GB",CMK128GX4M8X3800C19,high
ram,Crucial,"Crucial Ballistix Sport LT 64 GB",BLS4K16G4D240FSC,high
ram,Crucial,"Crucial CT2K4G4SFS8213 8 GB",CT2K4G4SFS8213,low
ram,G.SKILL,"G.Skill Trident Z 32 GB",F4-3600C16Q-32GTZKK,high
ram,G.SKILL,"G.Skill Aegis 64 GB",F4-2400C15Q-64GIS,high
ram,G.SKILL,"G.Skill Aegis 64 GB",F4-2133C15Q-64GIS,high
ram,Corsair,"Corsair Vengeance LPX 32 GB",CMK32GX4M4B3466C16R,high
ram,Corsair,"Corsair Vengeance LPX 32 GB",CMK32GX4M2B3000C15R,high
ram,Patriot,"Patriot Viper 4 8 GB",PV48G240C5,high
ram,Crucial,"Crucial Ballistix Sport LT 8 GB",BLS8G4D26BFSEK,high
ram,Corsair,"Corsair Dominator Platinum 32 GB",CMD32GX4M4B2133C10,high
ram,Corsair,"Corsair Dominator Platinum 32 GB",CMD32GX4M4B3600C16,high
ram,G.SKILL,"G.Skill Trident Z 64 GB",F43200C14Q264GTZ,high
ram,Corsair,"Corsair Dominator Platinum 32 GB",CMD32GX4M2B2800C14,high
ram,GeIL,"GeIL EVO POTENZA 8 GB",GPR48GB2400C15DC,high
ram,Corsair,"Corsair Dominator Platinum RGB 32 GB",CMT32GX4M2G4000C18,high
ram,Corsair,"Corsair Vengeance LPX 32 GB",CMK32GX4M4A2666C16W,high
ram,Corsair,"Corsair Vengeance LED 32 GB",CMU32GX4M2C3200C16,high
ram,Corsair,"Corsair Vengeance LED 64 GB",CMU64GX4M4C3000C15,high
ram,TeamGroup,"TEAMGROUP Night Hawk 32 GB",THWD432G3200HC16CDC01,high
ram,G.SKILL,"G.Skill Trident Z Royal Elite 32 GB",F4-3600C16Q-32GTEGC,high
ram,Corsair,"Corsair Dominator Platinum ROG Edition 32 GB",CMD32GX4M4C3200C16-ROG,high
ram,Crucial,"Crucial Ballistix Elite 16 GB",BLE2K8G4D40BEEAK,high
ram,G.SKILL,"G.Skill Trident Z Neo 64 GB",F4-3600C18Q-64GTZN,high
ram,G.SKILL,"G.Skill Trident Z 64 GB",F4-3600C17Q-64GTZKK,high
ram,TeamGroup,"TEAMGROUP T-Force Delta RGB 32 GB",TF4D432G3600HC14CDC01,high
ram,G.SKILL,"G.Skill Ripjaws V 128 GB",F4-3600C14Q2-128GVKA,high
ram,Corsair,"Corsair Vengeance RGB Pro 16 GB",CMW16GX4M2C3466C16,high
ram,Corsair,"Corsair Vengeance RGB RT 128 GB",CMN128GX4M4Z3200C16,high
ram,Corsair,"Corsair Vengeance RGB 32 GB",CMR32GX4M2C3000C15,high
ram,Corsair,"Corsair Vengeance RGB RT 16 GB",CMN16GX4M2Z3200C16W,high
ram,G.SKILL,"G.Skill Trident Z Neo 16 GB",F4-3200C14D-16GTZN,high
ram,TeamGroup,"TEAMGROUP Vulcan 8 GB",TLRED48G3000HC16CDC01,high
ram,TeamGroup,"TEAMGROUP Vulcan 16 GB",TLRED416G3000HC16CDC01,high
ram,TeamGroup,"TEAMGROUP Vulcan 8 GB",TLGD48G2400HC1401,high
ram,TeamGroup,"TEAMGROUP Vulcan 16 GB",TLGD416G2400HC15B01,high
ram,GeIL,"GeIL Orion RGB AMD Edition 32 GB",GAOSG432GB4000C18BSC,high
ram,GeIL,"GeIL Orion RGB AMD Edition 32 GB",GAOSG432GB2666C19QC,high
ram,GeIL,"GeIL Orion RGB AMD Edition 32 GB",GAOSG432GB4000C18BQC,high
ram,G.SKILL,"G.Skill Trident Z RGB 32 GB",F4-3000C15Q-32GTZR,high
ram,G.SKILL,"G.Skill Trident Z RGB 16 GB",F4-4133C19D-16GTZR,high
ram,Crucial,"Crucial Ballistix Sport LT 16 GB",BLS2K8G4D32AESCK,high
ram,Crucial,"Crucial Ballistix Sport LT 32 GB",BLS4K8G4D32AESCK,high
ram,Crucial,"Crucial Ballistix Sport LT 8 GB",BLS8G4D32AESCK,high
ram,Crucial,"Crucial Ballistix Sport AT 64 GB",BLS4K16G4D32AEST,high
ram,Corsair,"Corsair Vengeance LPX 64 GB",CMK64GX4M8X4266C19,high
ram,G.SKILL,"G.Skill Trident Z RGB 64 GB",F4-3200C14Q2-64GTZR,high
ram,Lexar,"Lexar Hades OC 32 GB",LD4BU016G-R3600GD0H,high
ram,Lexar,"Lexar Hades OC 32 GB",LD4BU016G-R3200GD0H,high
ram,Corsair,"Corsair Dominator Platinum RGB 32 GB",CMT32GX4M4C3200C14,high
ram,Corsair,"Corsair Vengeance LED 32 GB",CMU32GX4M2C3000C15B,high
ram,Corsair,"Corsair Vengeance LED 32 GB",CMU32GX4M4C3000C15B,high
ram,G.SKILL,"G.Skill Trident Z RGB 32 GB",F4-3200C15D-32GTZR,high
ram,G.SKILL,"G.Skill Ripjaws V 16 GB",F4-4800C17D-16GVK,high
ram,GeIL,"GeIL TUF SUPER LUCE 16 GB",GALTS416GB3000C16ADC,high
ram,TeamGroup,"TEAMGROUP T-Force Delta RGB 32 GB",TF3D432G4000HC18LDC01,high
ram,Crucial,"Crucial Ballistix Sport AT 8 GB",BLS8G4D32AESTK,high
ram,Crucial,"Crucial Ballistix Sport LT 32 GB",BLS2K16G4D32AESC,high
ram,Corsair,"Corsair Vengeance LPX 32 GB",CMK32GX4M4K4000C19,high
ram,TeamGroup,"TEAMGROUP T-Force Vulcan Z 8 GB",TLZGD48G3000HC16F01,high
ram,TeamGroup,"TEAMGROUP T-Force Vulcan Z 32 GB",TLZGD432G3200HC16F01,high
ram,TeamGroup,"TEAMGROUP T-Force Vulcan Z 8 GB",TLZGD48G3600HC20D01,high
ram,TeamGroup,"TEAMGROUP T-Force Vulcan Z 32 GB",TLZRD432G3000HC16FDC01,high
ram,TeamGroup,"TEAMGROUP T-Force Vulcan Z 64 GB",TLZRD464G3600HC18JDC01,high
ram,TeamGroup,"TEAMGROUP T-Force Vulcan Z 16 GB",TLZRD416G4000HC18JDC01,high
ram,TeamGroup,"TEAMGROUP T-Force Delta RGB 16 GB",TF3D416G3200HC16C01,high
ram,TeamGroup,"TEAMGROUP T-Force Delta RGB 32 GB",TF3D432G2666HC16CDC01,high
ram,TeamGroup,"TEAMGROUP T-Force Delta RGB 64 GB",TF3D464G3200HC16FDC01,high
ram,Corsair,"Corsair Vengeance RGB Pro 32 GB",CMW32GX4M4C3200C14,high
ram,Patriot,"Patriot Viper Elite 8 GB",PVE48G280C6KRD,high
ram,G.SKILL,"G.Skill Trident Z Royal Elite 16 GB",F4-5066C20D-16GTES,high
ram,G.SKILL,"G.Skill Trident Z 32 GB",F4-3866C18Q-32GTZKW,high
ram,Corsair,"Corsair Vengeance LPX 16 GB",CMK16GX4M2B3733C17R,high
ram,G.SKILL,"G.Skill Trident Z 32 GB",F4-3200C16Q-32GTZKW,high
ram,Crucial,"Crucial Ballistix Sport LT 16 GB",BLS16G4D30AESC,high
ram,Crucial,"Crucial CT4G4DFS6266 4 GB",CT4G4DFS6266,low
ram,Corsair,"Corsair Vengeance LPX 16 GB",CMK16GX4M2K3600C19,high
ram,GeIL,"GeIL EVO SPEAR 16 GB",GSB416GB3200C16ADC,high
ram,Patriot,"Patriot Viper Venom RGB 16 GB",PVR416G360C7K,high
ram,G.SKILL,"G.Skill Trident Z Neo 16 GB",F4-4000C16D-16GTZN,high
ram,TeamGroup,"TEAMGROUP T-Force Dark Z 16 GB",TDZGD416G3000HC16CDC01,high
ram,Corsair,"Corsair Vengeance RGB Pro 32 GB",CMW32GX4M2G4000C18,high
ram,G.SKILL,"G.Skill Ripjaws V 32 GB",F4-4266C17D-32GVKB,high
ram,Patriot,"Patriot Viper 4 Blackout 16 GB",PVB416G400C9K,high
ram,TeamGroup,"TEAMGROUP T-Force / Night Hawk 16 GB",THWD416G3000HC16CDC01,high
ram,Corsair,"Corsair Vengeance LPX 16 GB",CMK16GX4M2Z4600C18,high
ram,G.SKILL,"G.Skill Trident Z Royal 16 GB",F4-3600C16D-16GTRS,high
ram,Crucial,"Crucial Ballistix Elite 16 GB",BLE16G4D32AEEA,high
ram,Corsair,"Corsair Vengeance LPX 32 GB",CMK32GX4M2C3000C16,high
ram,Corsair,"Corsair Vengeance LPX 32 GB",CMK32GX4M2L3200C16,high
ram,Corsair,"Corsair Vengeance LPX 64 GB",CMK64GX4M4A2133C13R,high
ram,Corsair,"Corsair Vengeance RGB 16 GB",CMR32GX4M2C3000C16,high
ram,Corsair,"Corsair Vengeance LED 16 GB",CMU16GX4M2C3000C16,high
ram,G.SKILL,"G.Skill Trident Z RGB 32 GB",F4-2400C15D-32GTZRX,high
ram,G.SKILL,"G.Skill Trident Z RGB 16 GB",F4-2933C14D-16GTZRX,high
ram,G.SKILL,"G.Skill Flare X 32 GB",F4-2933C16D-32GFX,high
ram,G.SKILL,"G.Skill Trident Z 32 GB",F4-3733C17D-32GTZSW,high
ram,G.SKILL,"G.Skill Trident Z RGB 32 GB",F4-4133C17Q-32GTZR,high
ram,GeIL,"GeIL Super Luce 32 GB",GALWW432GB2133C15DC,high
ram,TeamGroup,"TEAMGROUP T-Force Dark 16 GB",TDGED416G2666HC15B01,high
ram,TeamGroup,"TEAMGROUP T-Force Night Hawk RGB 32 GB",TF2D432G3000HC16CDC01,high
ram,TeamGroup,"TEAMGROUP T-Force Delta RGB 64 GB",TF3D464G3200HC16CDC0,high
ram,Crucial,"Crucial Ballistix Sport LT 16 GB",BLS16G4D240FSB,high
ram,G.SKILL,"G.Skill Sniper X 16 GB",F4-3200C16D-16GSXKB,high
ram,G.SKILL,"G.Skill Sniper X 32 GB",F4-3600C19D-32GSXK,high
ram,Crucial,"Crucial Ballistix Elite 16 GB",BLE16G4D30AEEA,high
ram,Corsair,"Corsair Vengeance LPX 16 GB",CMK16GX4M2B4000C19R,high
ram,G.SKILL,"G.Skill Trident Z RGB 16 GB",F4-3600C19D-16GTZRB,high
ram,TeamGroup,"TEAMGROUP T-Force Dark Pro 16 GB",TDPGD416G3200HC16ADC01,high
ram,TeamGroup,"TEAMGROUP T-Force Dark Pro 8 GB",TDPGD48G3200HC16ADC01,high
ram,G.SKILL,"G.Skill Trident Z 16 GB",F4-3200C15D-16GTZSW,high
ram,G.SKILL,"G.Skill Trident Z Royal 16 GB",F4-5066C20D-16GTRS,high
ram,Crucial,"Crucial Ballistix 16 GB",BL2K8G30C15U4BL,high
ram,G.SKILL,"G.Skill Trident Z RGB 32 GB",F4-3200C16D-32GTZRN,high
ram,Corsair,"Corsair Vengeance RGB Pro 32 GB",CMW32GX4M2C3466C16,high
ram,Corsair,"Corsair Vengeance RGB Pro 64 GB",CMW64GX4M4C3000C15,high
ram,Corsair,"Corsair Vengeance RGB Pro 64 GB",CMW64GX4M4A2666C16,high
ram,Crucial,"Crucial Ballistix 64 GB",BL2K32G32C16U4BL,high
ram,Crucial,"Crucial Ballistix MAX 16 GB",BLM2K8G44C19U4B,high
ram,GeIL,"GeIL EVO POTENZA 32 GB",GPR432GB3200C16ADC,high
ram,Crucial,"Crucial Ballistix Elite 16 GB",BLE2K8G4D30AEEA,high
ram,Patriot,"Patriot Viper Elite 16 GB",PVE416G300C6KRD,high
ram,Corsair,"Corsair Vengeance RGB 32 GB",CMR32GX4M4A2666C16,high
ram,G.SKILL,"G.Skill Trident Z Royal 32 GB",F4-4000C19D-32GTRS,high
ram,Crucial,"Crucial Ballistix Tactical Tracer 16 GB",BLT2K8G4D26BFT4K,high
ram,G.SKILL,"G.Skill Ripjaws 64 GB",F4-3200C22D-64GRS,high
ram,Patriot,"Patriot Signature Line 16 GB",PSD416G320081S,high
ram,Corsair,"Corsair Dominator Platinum RGB 32 GB",CMT32GX4M2K4000C19,high
ram,G.SKILL,"G.Skill Ripjaws 8 GB",F42400C16S8GRS,high
ram,Crucial,"Crucial Ballistix Sport AT 16 GB",BLS16G4D26BFST,high
ram,G.SKILL,"G.Skill Trident Z RGB 64 GB",F4-3200C16Q2-64GTZR,high
ram,G.SKILL,"G.Skill Value 32 GB",F42400C15Q32GNT,high
ram,G.SKILL,"G.Skill NT 16 GB",F4-2400C17D-16GNT,high
ram,G.SKILL,"G.Skill Sniper X 32 GB",F4-3000C16D-32GSXKB,high
ram,Crucial,"Crucial Ballistix Elite 8 GB",BLE8G4D36BEEAK,high
ram,TeamGroup,"TEAMGROUP T-Force Vulcan Z 32 GB",TLZRD432G3600HC18JDC,high
ram,Corsair,"Corsair Dominator Platinum RGB 16 GB",CMT16GX4M2Z3200C16,high
ram,G.SKILL,"G.Skill Ripjaws V 16 GB",F4-4600C19D-16GVKE,high
ram,G.SKILL,"G.Skill Ripjaws V 8 GB",F4-2400C17D-8GVR,high
ram,Corsair,"Corsair Vengeance Performance 8 GB",CMSX8GX4M2A2400C16,high
ram,Corsair,"Corsair Dominator Platinum RGB 32 GB",CMT32GX4M2E3200C16,high
ram,G.SKILL,"G.Skill Trident Z 64 GB",F4-3466C16Q2-64GTZSW,high
ram,TeamGroup,"TEAMGROUP Elite 16 GB",TED416G2666C19-S01,high
ram,G.SKILL,"G.Skill Trident Z Royal 32 GB",F4-3000C16D-32GTRG,high
ram,G.SKILL,"G.Skill Trident Z Royal 128 GB",F4-3600C16Q-128GTRS,high
ram,Corsair,"Corsair Dominator Platinum 16 GB",CMD16GX4M4A2800C16,high
ram,Corsair,"Corsair Vengeance LPX 16 GB",CMK16GX4M4A2666C15R,high
ram,G.SKILL,"G.Skill Ripjaws 32 GB",F42133C15Q32GRK,high
ram,G.SKILL,"G.Skill Value 16 GB",F42133C15Q16GNT,high
ram,Corsair,"Corsair Vengeance LPX 16 GB",CMK16GX4M2E3200C16R,high
ram,G.SKILL,"G.Skill Ripjaws V 64 GB",F4-3600C14Q2-64GVKA,high
ram,PNY,"PNY XLR8 Gaming EPIC-X RGB 16 GB",MD16GK2D4460019XRGB,high
ram,Corsair,"Corsair Vengeance LPX 64 GB",CMK64GX4M4C3000C16,high
ram,Corsair,"Corsair Vengeance LED 32 GB",CMU32GX4M2C3000C16R,high
ram,G.SKILL,"G.Skill Trident Z 128 GB",F4-3466C16Q2128GTZKK,high
ram,G.SKILL,"G.Skill Trident Z RGB 64 GB",F4-3600C16Q-64GTZR,high
ram,G.SKILL,"G.Skill Ripjaws V 64 GB",F4-3600C18Q-64GVK,high
ram,Patriot,"Patriot Signature Line 8 GB",PSD48G213382,high
ram,TeamGroup,"TEAMGROUP T-Force Xtreem ARGB 16 GB",TF10D416G4533HC18LDC01,high
ram,TeamGroup,"TEAMGROUP T-Force Night Hawk RGB 16 GB",TF1D416G4000HC18EDC01,high
ram,TeamGroup,"TEAMGROUP T-Force Night Hawk RGB 16 GB",TF2D416G3600HC18EDC01,high
ram,TeamGroup,"TEAMGROUP T-Force Night Hawk RGB 16 GB",TF2D416G4000HC18EDC01,high
ram,TeamGroup,"TEAMGROUP Elite Plus 8 GB",TPD48G2133HC1502,high
ram,TeamGroup,"TEAMGROUP Night Hawk RGB Gen 2 64 GB",TF15D464G3200HC16CDC01,high
ram,TeamGroup,"TEAMGROUP Night Hawk RGB Gen 2 32 GB",TF15D432G3600HC18JDC01,high
ram,G.SKILL,"G.Skill Ripjaws 32 GB",F4-3200C18D-32GRS,high
ram,G.SKILL,"G.Skill TridentZ RGB 64 GB",F4-3600C14Q2-64GTZRA,high
ram,Patriot,"Patriot Viper Steel 32 GB",PVS432G300C6,high
ram,Corsair,"Corsair Vengeance RGB 32 GB",CMR32GX4M4D3000C16W,high
ram,Corsair,"Corsair Vengeance RGB 64 GB",CMR64GX4M4D3000C16,high
ram,Corsair,"Corsair Vengeance LED 16 GB",CMU16GX4M2D3000C16,high
ram,Corsair,"Corsair Vengeance LED 32 GB",CMU32GX4M4D3000C16,high
ram,TeamGroup,"TEAMGROUP T-Force Dark Z 64 GB",TDZRD464G3200HC16CDC01,high
ram,TeamGroup,"TEAMGROUP T-Force Vulcan Z 32 GB",TLZGD432G3200HC16C01,high
ram,G.SKILL,"G.Skill Trident Z Royal 32 GB",F4-3600C14Q-32GTRSB,high
ram,G.SKILL,"G.Skill Trident Z Royal 16 GB",F4-3600C16D-16GTRSC,high
ram,G.SKILL,"G.Skill Trident Z Royal 32 GB",F4-3600C16Q-32GTRGC,high
ram,G.SKILL,"G.Skill Trident Z Royal 64 GB",F4-3600C16Q-64GTRS,high
ram,G.SKILL,"G.Skill Trident Z Royal 64 GB",F4-3600C16Q-64GTRSC,high
ram,G.SKILL,"G.Skill Trident Z Royal 32 GB",F4-3600C16D-32GTRS,high
ram,TeamGroup,"TEAMGROUP T-Force Dark 32 GB",TDRED432G3200HC16CQC01,high
ram,Lexar,"Lexar Hades OC 32 GB",LD4BU016G-R3600UD0H,high
ram,Lexar,"Lexar Hades OC 8 GB",LD4BU008G-R3600US0H,high
ram,Lexar,"Lexar Hades OC 16 GB",LD4BU016G-R3200US0H,high
ram,TeamGroup,"TEAMGROUP T-Force Vulcan 32 GB",TLRED432G2400HC14QC01,high
ram,TeamGroup,"TEAMGROUP T-Force Vulcan 32 GB",TLRED432G3200HC16CQC01,high
ram,Lexar,"Lexar Hades OC 16 GB",LD4BU008G-R3200GD0H,high
ram,TeamGroup,"TEAMGROUP T-Force Vulcan 16 GB",TLRED416G2400HC14QC01,high
ram,TeamGroup,"TEAMGROUP T-Force Vulcan 64 GB",TLRED464G3000HC16CQC01,high
ram,TeamGroup,"TEAMGROUP T-Force Dark Z 16 GB",TDZRD416G2666HC16CDC01,high
ram,TeamGroup,"TEAMGROUP T-Force Dark Z 32 GB",TDZRD432G2666HC16CDC01,high
ram,TeamGroup,"TEAMGROUP T-Force Dark Z 64 GB",TDZGD464G3200HC16FDC01,high
ram,TeamGroup,"TEAMGROUP Elite 16 GB",TED416G2133C1501,high
ram,TeamGroup,"TEAMGROUP Elite 4 GB",TED44G2666C1901,high
ram,TeamGroup,"TEAMGROUP Elite 32 GB",TED432G2133C15DC01,high
ram,TeamGroup,"TEAMGROUP Elite 32 GB",TED432G2400C16QC01,high
ram,TeamGroup,"TEAMGROUP Elite 32 GB",TED432G2666C19QC01,high
ram,TeamGroup,"TEAMGROUP T-Force Delta TUF Gaming Alliance RGB 8 GB",TF9D48G2666HC18H01,high
ram,TeamGroup,"TEAMGROUP T-Force Delta TUF Gaming Alliance RGB 16 GB",TF9D416G2933HC16C01,high
ram,TeamGroup,"TEAMGROUP T-Force Delta TUF Gaming Alliance RGB 32 GB",TF9D432G2933HC16CDC01,high
ram,TeamGroup,"TEAMGROUP T-Force Delta TUF Gaming Alliance RGB 16 GB",TF9D416G3600HC18JDC01,high
ram,TeamGroup,"TEAMGROUP T-Force Delta TUF Gaming Alliance RGB 32 GB",TF9D432G3600HC18JDC01,high
ram,TeamGroup,"TEAMGROUP T-Force Vulcan TUF Gaming Alliance 32 GB",TLTYD432G2400HC15BDC01,high
ram,G.SKILL,"G.Skill Trident Z Royal 64 GB",F4-3600C16D-64GTRG,high
ram,G.SKILL,"G.Skill Trident Z Royal 128 GB",F4-3600C16Q-128GTRG,high
ram,GeIL,"GeIL Orion AMD Edition 32 GB",GAOG432GB3200C16BDC,high
ram,GeIL,"GeIL Orion AMD Edition 16 GB",GAOR416GB3000C16ADC,high
ram,GeIL,"GeIL Orion AMD Edition 32 GB",GAOR432GB3200C16BDC,high
ram,Patriot,"Patriot Viper 4 Blackout 16 GB",PVB416G426C8K,high
ram,TeamGroup,"TEAMGROUP T-Create Classic 16 GB",TTCCD416G3200HC22DC-S01,high
ram,TeamGroup,"TEAMGROUP T-Create Classic 32 GB",TTCCD432G3200HC22DC-S01,high
ram,TeamGroup,"TEAMGROUP T-Create Classic 64 GB",TTCCD464G3200HC22DC-S01,high
ram,TeamGroup,"TEAMGROUP T-Force Zeus 16 GB",TTZD416G3200HC16FDC-S01,high
ram,G.SKILL,"G.Skill Ripjaws V 16 GB",F4-3200C16D-16GVR,high
ram,G.SKILL,"G.Skill Trident Z 16 GB",F4-4133C19D-16GTZSWC,high
ram,G.SKILL,"G.Skill Trident Z 16 GB",F4-3600C16D-16GTZSW,high
ram,G.SKILL,"G.Skill Trident Z 16 GB",F4-3466C16D-16GTZSK,high
ram,G.SKILL,"G.Skill Trident Z 16 GB",F4-3333C16D-16GTZKW,high
ram,G.SKILL,"G.Skill Trident Z 16 GB",F4-3333C16D-16GTZB,high
ram,Crucial,"Crucial Ballistix Sport LT 16 GB",BLS2K8G4D240FSEK,high
ram,GeIL,"GeIL EVO FORZA 16 GB",GFR416GB2400C16DC,high
ram,TeamGroup,"TEAMGROUP Elite Plus 16 GB",TPD416G2400HC16DC02,high
ram,Corsair,"Corsair Vengeance LPX 16 GB",CMK16GX4M2E4000C19R,high
ram,G.SKILL,"G.Skill FORTIS 64 GB",F4-2400C16Q-64GFT,high
ram,G.SKILL,"G.Skill FORTIS 32 GB",F4-2400C15D-32GFT,high
ram,G.SKILL,"G.Skill FORTIS 32 GB",F4-2133C15D-32GFT,high
ram,Corsair,"Corsair Dominator Platinum Chrome 32 GB",CMD32GX4M2C3200C14C,high
ram,Corsair,"Corsair Vengeance LED 16 GB",CMU16GX4M2C3333C16,high
ram,G.SKILL,"G.Skill Sniper X 16 GB",F4-3400C16D-16GSXW,high
ram,Corsair,"Corsair Vengeance RGB Pro 128 GB",CMW128GX4M8C3200C16W,high
ram,Corsair,"Corsair Vengeance RGB Pro 128 GB",CMW128GX4M8C3200C16,high
ram,TeamGroup,"TEAMGROUP T-Force Xtreem ARGB 64 GB",TF13D464G3200HC16CDC01,high
ram,Crucial,"Crucial Ballistix Sport 16 GB",BLS2K8G4D240FSA,high
ram,Crucial,"Crucial Ballistix Tactical Tracer 32 GB",BLT2K16G4D26BFT4,high
ram,Crucial,"Crucial Ballistix Tactical Tracer 64 GB",BLT4K16G4D30BET4,high
ram,Crucial,"Crucial Ballistix Tactical Tracer 32 GB",BLT4K8G4D26BFT4K,high
ram,G.SKILL,"G.Skill Flare X 32 GB",F4-2400C15Q-32GFX,high
ram,G.SKILL,"G.Skill Flare X 32 GB",F4-2133C15Q-32GFXR,high
ram,G.SKILL,"G.Skill Flare X 32 GB",F4-2133C15D-32GFXR,high
ram,G.SKILL,"G.Skill Ripjaws 4 16 GB",F43200C16Q16GRK,high
ram,GeIL,"GeIL EVO POTENZA 16 GB",GAPB416GB3000C16ADC,high
ram,Corsair,"Corsair Vengeance LPX 16 GB",CMK16GX4M2F4500C19,high
ram,Corsair,"Corsair Vengeance LPX 16 GB",CMK16GX4M2F4600C19,high
ram,Corsair,"Corsair Dominator Platinum 16 GB",CMD16GX4M2B3200C14,high
ram,G.SKILL,"G.Skill Trident Z Royal 32 GB",F4-3600C14D-32GTRS,high
ram,G.SKILL,"G.Skill Trident Z Royal 32 GB",F4-4000C18Q-32GTRG,high
ram,G.SKILL,"G.Skill Trident Z Royal 16 GB",F4-4000C18D-16GTRS,high
ram,GeIL,"GeIL GPR432GB2666C15QC 32 GB",GPR432GB2666C15QC,low
ram,G.SKILL,"G.Skill Trident Z RGB 64 GB",F4-3600C14Q-64GTZR,high
ram,G.SKILL,"G.Skill Ripjaws 4 32 GB",F42400C15Q32GRR2,high
ram,G.SKILL,"G.Skill Ripjaws 4 32 GB",F42133C15Q32GRR2,high
ram,Patriot,"Patriot Extreme Performance 32 GB",PX432G240C5QK,high
ram,G.SKILL,"G.Skill Trident Z 32 GB",F4-3200C15D-32GTZKW,high
ram,G.SKILL,"G.Skill Ripjaws V 128 GB",F4-2400C15Q2-128GVR,high
ram,G.SKILL,"G.Skill Ripjaws V 16 GB",F4-4400C17D-16GVK,high
ram,G.SKILL,"G.Skill Sniper X 32 GB",F4-2400C17D-32GSXW,high
ram,G.SKILL,"G.Skill Sniper X 16 GB",F4-2666C19D-16GSXW,high
ram,G.SKILL,"G.Skill Sniper X 32 GB",F4-2666C19Q-32GSXW,high
ram,G.SKILL,"G.Skill Sniper X 16 GB",F4-3000C16D-16GSXWB,high
ram,G.SKILL,"G.Skill Sniper X 64 GB",F4-3200C16Q-64GSXWB,high
ram,G.SKILL,"G.Skill Sniper X 64 GB",F4-3600C19Q-64GSXWB,high
ram,G.SKILL,"G.Skill Trident Z Royal 128 GB",F4-3600C14Q2-128GTRSA,high
ram,G.SKILL,"G.Skill Trident Z Royal 64 GB",F4-4400C19D-64GTRS,high
ram,G.SKILL,"G.Skill Trident Z Royal Elite 128 GB",F4-3600C14Q2-128GTESA,high
ram,G.SKILL,"G.Skill Trident Z RGB 16 GB",F4-3600C14D-16GTZRA,high
ram,G.SKILL,"G.Skill Trident Z RGB 16 GB",F4-4000C17D-16GTZRB,high
ram,G.SKILL,"G.Skill F4-3200C16Q2-128GTZKO 128 GB",F4-3200C16Q2-128GTZKO,low
ram,G.SKILL,"G.Skill F4-3200C16D-16GTZKY 16 GB",F4-3200C16D-16GTZKY,low
ram,Corsair,"Corsair Dominator Platinum RGB 64 GB",CMT64GX4M8Z3600C16,high
ram,G.SKILL,"G.Skill F4-3600C17Q-64GTZ 64 GB",F4-3600C17Q-64GTZ,low
ram,G.SKILL,"G.Skill F4-4000C18Q-32GTZSW 32 GB",F4-4000C18Q-32GTZSW,low
ram,G.SKILL,"G.Skill Flare X 128 GB",F4-2933C16Q2-128GFX,high
ram,G.SKILL,"G.Skill Ripjaws 4 8 GB",F4-3000C16S-8GRRB,high
ram,G.SKILL,"G.Skill Trident Z Neo 16 GB",F4-2666C18D-16GTZN,high
ram,G.SKILL,"G.Skill Trident Z Neo 128 GB",F4-3600C14Q2-128GTZNA,high
ram,G.SKILL,"G.Skill Trident Z Neo 32 GB",F4-3800C16D-32GTZN,high
ram,G.SKILL,"G.Skill Trident Z RGB (For AMD) 64 GB",F4-2400C15Q-64GTZRX,high
ram,GeIL,"GeIL SUPER LUCE RGB SYNC 16 GB",GLS416GB3000C16ADC,high
ram,Patriot,"Patriot Extreme Performance 16 GB",PX416G240C5K,high
ram,Lexar,"Lexar LD4AS016G-R2666GSST 16 GB",LD4AS016G-R2666GSST,low
ram,Lexar,"Lexar LD4AS008G-R2666GSST 8 GB",LD4AS008G-R2666GSST,low
ram,G.SKILL,"G.Skill Ripjaws V 64 GB",F4-3600C14Q-64GVK,high
ram,Corsair,"Corsair Dominator Platinum 32 GB",CMD32GX4M4B3866C18,high
ram,GeIL,"GeIL GPR416GB2666C15QC 16 GB",GPR416GB2666C15QC,low
ram,Corsair,"Corsair Dominator Platinum 64 GB",CMD64GX4M8A2400C14,high
ram,Corsair,"Corsair Dominator Platinum 32 GB",CMD32GX4M4A2400C14,high
ram,G.SKILL,"G.Skill Ripjaws 4 64 GB",F42800C15Q264GRK,high
ram,TeamGroup,"TEAMGROUP Elite Plus 4 GB",TPD44GM2133HC1501,high
ram,TeamGroup,"TEAMGROUP Elite 16 GB",TED416GM2400C16QC01,high
ram,TeamGroup,"TEAMGROUP Elite 8 GB",TED48GM2400C1601,high
ram,TeamGroup,"TEAMGROUP Elite 8 GB",TED48GM2133C15DC01,high
ram,G.SKILL,"G.Skill Ripjaws 4 16 GB",F43000C15Q16GRBB,high
ram,G.SKILL,"G.Skill Ripjaws 32 GB",F4-3000C16D-32GRS,high
ram,TeamGroup,"TEAMGROUP Elite Plus 8 GB",TPD48GM2133HC1501,high
ram,TeamGroup,"TEAMGROUP Elite 16 GB",TED416GM2133C15DC01,high
ram,TeamGroup,"TEAMGROUP Elite 16 GB",TED416GM2133C15QC01,high
ram,Corsair,"Corsair Dominator Platinum RGB 32 GB",CMT32GX4M4K4000C19,high
ram,Corsair,"Corsair Vengeance LPX 16 GB",CMK16GX4M4A2133C13B,high
ram,Corsair,"Corsair Vengeance LPX 16 GB",CMK16GX4M4A2133C13R,high
ram,Patriot,"Patriot PX432G266C5QK 32 GB",PX432G266C5QK,low
ram,Corsair,"Corsair Dominator Platinum 16 GB",CMD16GX4M4B3200C16,high
ram,Patriot,"Patriot PX432G280C6QK 32 GB",PX432G280C6QK,low
ram,Patriot,"Patriot PX416G266C5QK 16 GB",PX416G266C5QK,low
ram,Corsair,"Corsair Vengeance RGB Pro 64 GB",CMW64GX4M8X4000C19,high
ram,G.SKILL,"G.Skill Value 64 GB",F4-2666C19D-64GNT,high
ram,Corsair,"Corsair Vengeance LPX 16 GB",CMK16GX4M2K4500C19,high
ram,Corsair,"Corsair Vengeance LPX 32 GB",CMK32GX4M4K4133C19,high
ram,Corsair,"Corsair Vengeance LPX 16 GB",CMK16GX4M4B3000C15R,high
ram,G.SKILL,"G.Skill Ripjaws V 32 GB",F4-4266C19D-32GVK,high
ram,G.SKILL,"G.Skill Ripjaws 4 64 GB",F42400C15Q264GRK,high
ram,G.SKILL,"G.Skill Ripjaws 4 32 GB",F42666C15Q32GRKB,high
ram,TeamGroup,"TEAMGROUP T-Force Xtreem ARGB 16 GB",TF10D416G5333HC22ADC01,high
ram,G.SKILL,"G.Skill Ripjaws 4 32 GB",F42800C15Q32GRBB,high
ram,G.SKILL,"G.Skill Ripjaws 4 64 GB",F42133C15Q264GRR,high
ram,G.SKILL,"G.Skill Trident Z RGB 32 GB",F4-3466C16D-32GTZR,high
ram,Crucial,"Crucial Ballistix Elite 4 GB",BLE4G4D26AFEA,high
ram,Crucial,"Crucial Ballistix Elite 32 GB",BLE4K8G4D26AFEA,high
ram,Crucial,"Crucial Ballistix Elite 8 GB",BLE2K4G4D26AFEA,high
ram,TeamGroup,"TEAMGROUP T-Force Vulcan Z 16 GB",TLZGD416G3000HC16C01,high
ram,TeamGroup,"TEAMGROUP T-Force Vulcan Z 4 GB",TLZGD44G2666HC18H01,high
ram,TeamGroup,"TEAMGROUP T-Force Vulcan Z 8 GB",TLZGD48G2666HC18H01,high
ram,TeamGroup,"TEAMGROUP T-Force Vulcan Z 4 GB",TLZRD44G3000HC16C01,high
ram,TeamGroup,"TEAMGROUP T-Force Xtreem ARGB 16 GB",TF10D416G4000HC18EDC01,high
ram,TeamGroup,"TEAMGROUP Dark 16 GB",TDGED416G2400HC14DC01,high
ram,G.SKILL,"G.Skill Trident Z Neo 32 GB",F4-3800C16Q-32GTZN,high
ram,G.SKILL,"G.Skill Trident Z Royal 16 GB",F4-4800C17D-16GTRG,high
ram,GeIL,"GeIL Orion RGB AMD Edition 32 GB",GAOSG432GB3000C16ADC,high
ram,G.SKILL,"G.Skill Trident Z Neo 16 GB",F4-3800C16D-16GTZN,high
ram,G.SKILL,"G.Skill Trident Z Royal 64 GB",F4-3200C14Q-64GTRG,high
ram,G.SKILL,"G.Skill Trident Z Royal 32 GB",F4-3000C16Q-32GTRG,high
ram,G.SKILL,"G.Skill Trident Z Royal 32 GB",F4-3200C14Q-32GTRG,high
ram,G.SKILL,"G.Skill Trident Z Royal 32 GB",F4-4000C14D-32GTRS,high
ram,G.SKILL,"G.Skill Sniper X 16 GB",F4-2666C19D-16GSXK,high
ram,GeIL,"GeIL Orion RGB AMD Edition 16 GB",GAOSR416GB3600C18BDC,high
ram,G.SKILL,"G.Skill Ripjaws 4 16 GB",F43400C16Q16GRBD,high
ram,Lexar,"Lexar Ares RGB 16 GB",LD4BU008G-R3600GDWA,high
ram,Crucial,"Crucial Ballistix Sport LT 16 GB",BLS2K8G4S26BFSDK,high
ram,GeIL,"GeIL EVO SPEAR Phantom Gaming 32 GB",GASF432GB3000C16ADC,high
ram,G.SKILL,"G.Skill Trident Z Royal Elite 16 GB",F4-4000C14D-16GTES,high
ram,G.SKILL,"G.Skill Trident Z Royal Elite 32 GB",F4-3600C14D-32GTEGA,high
ram,G.SKILL,"G.Skill Trident Z Royal Elite 64 GB",F4-3600C14Q-64GTESA,high
ram,Crucial,"Crucial Ballistix Sport LT 16 GB",BLS2K8G4D30BESBK,high
ram,Corsair,"Corsair Dominator Platinum 16 GB",CMD16GX4M4B2133C10,high
ram,Corsair,"Corsair Vengeance LPX 16 GB",CMK16GX4M4B3300C16,high
ram,TeamGroup,"TEAMGROUP Night Hawk RGB Gen 2 32 GB",TF14D432G3200HC16CDC01,high
ram,TeamGroup,"TEAMGROUP Night Hawk RGB Gen 2 32 GB",TF15D432G4000HC18LDC01,high
ram,Corsair,"Corsair Vengeance RGB Pro 32 GB",CMW32GX4M4C3000C15W,high
ram,TeamGroup,"TEAMGROUP T-Force Xtreem ARGB 16 GB",TF10D416G3600HC18JDC01,high
ram,G.SKILL,"G.Skill Ripjaws V 64 GB",F4-3600C14Q-64GVKA,high
ram,G.SKILL,"G.Skill Trident Z Neo 16 GB",F4-4000C14D-16GTZN,high
ram,TeamGroup,"TEAMGROUP Dark Pro 8PACK Edition 16 GB",TDPGD416G3600HC16ADC01,high
ram,G.SKILL,"G.Skill Trident Z Royal Elite 32 GB",F4-4266C16D-32GTEG,high
ram,Crucial,"Crucial CT2G4SFS624A 2 GB",CT2G4SFS624A,low
ram,G.SKILL,"G.Skill Trident Z 32 GB",F4-3300C16Q-32GTZKW,high
ram,TeamGroup,"TEAMGROUP Elite Plus 8 GB",TPRD48G2400HC16DC01,high
ram,Crucial,"Crucial Ballistix Sport LT 8 GB",BLS2K4G4D26BFSE,high
ram,GeIL,"GeIL SUPER LUCE RGB SYNC 8 GB",GALS48GB2400C16DC,high
ram,Corsair,"Corsair Vengeance RGB 32 GB",CMR32GX4M4C3466C16,high
ram,Corsair,"Corsair Dominator Platinum Special Edition 32 GB",CMD32GX4M2C3200C14T,high
ram,G.SKILL,"G.Skill Ripjaws V 32 GB",F4-4266C16D-32GVK,high
ram,G.SKILL,"G.Skill Trident Z Royal Elite 32 GB",F4-3600C16D-32GTEGC,high
ram,G.SKILL,"G.Skill Trident Z Royal Elite 32 GB",F4-3600C16D-32GTESC,high
ram,Thermaltake,"Thermaltake TOUGHRAM XG RGB 16 GB",RG06D408GX2-4000C19B,high
ram,Corsair,"Corsair Dominator Platinum RGB 128 GB",CMT128GX4M4C3200C16,high
ram,G.SKILL,"G.Skill TridentZ RGB 32 GB",F4-4600C19D-32GTZR,high
ram,Corsair,"Corsair Dominator Platinum 32 GB",CMD32GX4M2B3466C16,high
ram,Crucial,"Crucial Sport LT 8 GB",BLS8G4D26BFSC,high
ram,Corsair,"Corsair Dominator Platinum 128 GB",CMD128GX4M8B2800C14,high
ram,Corsair,"Corsair Dominator Platinum RGB 64 GB",CMT64GX4M4Z3600C18,high
ram,G.SKILL,"G.Skill Trident Z Royal 128 GB",F4-3200C14Q2-128GTRS,high
ram,G.SKILL,"G.Skill Ripjaws 4 8 GB",F42800C16D8GRR,high
ram,Corsair,"Corsair Vengeance LPX 16 GB",CMK16GX4M4B3400C16,high
ram,Crucial,"Crucial Ballistix Sport LT 32 GB",BLS2K16G4D30BESB,high
ram,PNY,"PNY Anarchy 16 GB",MD16GK2D4213315AB,high
ram,PNY,"PNY Anarchy 8 GB",MD8GK2D4213315AB,high
ram,PNY,"PNY Anarchy 8 GB",MD8GSD4213315AR,high
ram,PNY,"PNY Anarchy 16 GB",MD16GK4D4213315AR,high
ram,Corsair,"Corsair Vengeance LPX 128 GB",CMK128GX4M8A2133C13,high
ram,Corsair,"Corsair Vengeance LPX 32 GB",CMK32GX4M4C3333C16,high
ram,Corsair,"Corsair Vengeance LPX 32 GB",CMK32GX4M4Z2933C16,high
ram,Corsair,"Corsair Vengeance LPX 8 GB",CMK8GX4M2B3200C16R,high
ram,Corsair,"Corsair Vengeance LPX 8 GB",CMK8GX4M2A2666C16R,high
ram,G.SKILL,"G.Skill Ripjaws V 8 GB",F43600C17D8GVK,high
ram,Corsair,"Corsair Dominator Platinum 16 GB",CMD16GX4M2A2666C15,high
ram,G.SKILL,"G.Skill Ripjaws V 16 GB",F43000C15Q16GVR,high
ram,G.SKILL,"G.Skill Ripjaws V 8 GB",F42800C15D8GVR,high
ram,G.SKILL,"G.Skill Trident Z Royal Elite 64 GB",F4-3600C14Q-64GTEGA,high
ram,Patriot,"Patriot Signature Line 8 GB",PSD48G21332H,high
ram,Patriot,"Patriot PSD44G213381 4 GB",PSD44G213381,low
ram,G.SKILL,"G.Skill Ripjaws V 32 GB",F4-4000C17D-32GVKB,high
ram,G.SKILL,"G.Skill Trident Z Royal Elite 16 GB",F4-3600C16D-16GTESC,high
ram,Thermaltake,"Thermaltake TOUGHRAM 16 GB",R020D408GX2-3600C18A,high
ram,Thermaltake,"Thermaltake TOUGHRAM RGB 16 GB",R009D408GX2-3000C16B,high
ram,Thermaltake,"Thermaltake TOUGHRAM RGB 16 GB",R009D408GX2-4000C19A,high
ram,Crucial,"Crucial Ballistix Tactical 32 GB",BLT4K8G4D26AFTA,high
ram,Corsair,"Corsair ValueSelect 8 GB",CMSO8GX4M2A2133C15,high
ram,Corsair,"Corsair Vengeance RGB Pro 16 GB",CMW16GX4M2K4000C19,high
ram,Corsair,"Corsair Dominator Platinum RGB 32 GB",CMT32GX4M2Z3200C16,high
ram,TeamGroup,"TEAMGROUP T-Force Xtreem 16 GB",TXGD416G4000HC18EDC01,high
ram,TeamGroup,"TEAMGROUP T-Force Xtreem 8 GB",TXGD48G3866HC18ADC01,high
ram,TeamGroup,"TEAMGROUP T-Force Xtreem 16 GB",TXD416G3733HC18ADC01,high
ram,G.SKILL,"G.Skill Trident Z 16 GB",F42800C15D16GTZB,high
ram,G.SKILL,"G.Skill Ripjaws V 8 GB",F42800C15D8GVRB,high
ram,G.SKILL,"G.Skill Trident Z 8 GB",F44000C19D8GTZ,high
ram,G.SKILL,"G.Skill Trident Z 16 GB",F43200C16Q16GTZB,high
ram,G.SKILL,"G.Skill Trident Z 16 GB",F43866C18Q16GTZ,high
ram,G.SKILL,"G.Skill Ripjaws V 16 GB",F42800C16Q16GVR,high
ram,TeamGroup,"TEAMGROUP T-Force Xtreem 16 GB",TXKD416G3866HC18EDC01,high
ram,G.SKILL,"G.Skill Trident Z Royal 128 GB",F4-3200C16Q-128GTRG,high
ram,G.SKILL,"G.Skill Trident Z Royal 128 GB",F4-3200C16Q-128GTRS,high
ram,Patriot,"Patriot Viper 4 16 GB",PV416G240C5K,high
ram,Corsair,"Corsair Dominator Platinum 8 GB",CMD8GX4M2B3000C15,high
ram,G.SKILL,"G.Skill Trident Z 32 GB",F43400C16Q32GTZ,high
ram,Corsair,"Corsair Vengeance LPX 16 GB",CMK16GX4M4B3000C15B,high
ram,G.SKILL,"G.Skill Trident Z 16 GB",F43466C16Q16GTZ,high
ram,Patriot,"Patriot Signature Line 4 GB",PSD44G240081H,high
ram,Corsair,"Corsair Vengeance LPX 8 GB",CMK8GX4M2A2800C16,high
ram,GeIL,"GeIL Super Luce 16 GB",GLW416GB2400C15DC,high
ram,G.SKILL,"G.Skill Ripjaws V 64 GB",F42400C14Q64GVK,high
ram,G.SKILL,"G.Skill Trident Z 16 GB",F43200C16D16GTZ,high
ram,G.SKILL,"G.Skill Trident Z 8 GB",F43000C15D8GTZ,high
ram,G.SKILL,"G.Skill Trident Z 16 GB",F43200C16Q16GTZ,high
ram,TeamGroup,"TEAMGROUP T-Force Delta RGB 4 GB",TF3D44G2400HC15B01,high
ram,TeamGroup,"TEAMGROUP T-Force Delta RGB 8 GB",TF3D48G2666HC15BDC01,high
ram,TeamGroup,"TEAMGROUP T-Force Delta RGB 16 GB",TF3D416G2666HC15BDC01,high
ram,TeamGroup,"TEAMGROUP T-Force Delta RGB 16 GB",TF4D416G2400HC15B01,high
ram,TeamGroup,"TEAMGROUP T-Force Delta RGB 8 GB",TF4D48G2666HC15BDC01,high
ram,G.SKILL,"G.Skill Trident Z Royal Elite 64 GB",F4-4266C19Q-64GTEG,high
ram,GeIL,"GeIL Dragon RAM Combo 16 GB",GWW416GB3466C16QK,high
ram,GeIL,"GeIL Dragon RAM Combo 8 GB",GWW48GB3866C18DK,high
ram,Corsair,"Corsair Dominator Platinum 64 GB",CMD64GX4M4A2400C14,high
ram,Crucial,"Crucial Ballistix Elite 16 GB",BLE2K8G4D32BEEAK,high
ram,TeamGroup,"TEAMGROUP Elite Plus 4 GB",TPD44G2400HC1601,high
ram,TeamGroup,"TEAMGROUP Elite Plus 4 GB",TPD44G2400HC1602,high
ram,G.SKILL,"G.Skill TridentZ RGB 32 GB",F4-4266C19D-32GTZR,high
ram,TeamGroup,"TEAMGROUP Elite Plus 8 GB",TPD48G2666HC1902,high
ram,TeamGroup,"TEAMGROUP Elite Plus 8 GB",TPD48G2666HC19026,high
ram,Crucial,"Crucial Ballistix 32 GB",BL2K16G26C16U4W,high
ram,TeamGroup,"TEAMGROUP Elite Plus 32 GB",TPD432G3200HC22DC02,high
ram,TeamGroup,"TEAMGROUP Elite Plus 16 GB",TPD416G3200HC22DC02,high
ram,TeamGroup,"TEAMGROUP Elite Plus 16 GB",TPRD416G2666HC1901,high
ram,TeamGroup,"TEAMGROUP Elite Plus 8 GB",TPRD48G2400HC1602,high
ram,Crucial,"Crucial Ballistix 32 GB",BL2K16G26C16U4R,high
ram,TeamGroup,"TEAMGROUP Elite Plus 32 GB",TPRD432G2133HC15QC01,high
ram,TeamGroup,"TEAMGROUP Elite Plus 64 GB",TPRD464G2400HC16DC01,high
ram,TeamGroup,"TEAMGROUP Elite Plus 8 GB",TPRD48G2666HC19DC01,high
ram,TeamGroup,"TEAMGROUP Elite Plus 32 GB",TPRD432G3200HC22DC01,high
ram,TeamGroup,"TEAMGROUP Elite Plus 8 GB",TPRD48G2666HC19DC02,high
ram,TeamGroup,"TEAMGROUP Elite Plus 16 GB",TPRD416G2666HC19DC02,high
ram,TeamGroup,"TEAMGROUP Elite Plus 16 GB",TPRD416G3200HC22DC026,high
ram,Corsair,"Corsair Vengeance LPX 64 GB",CMK64GX4M4B2800C14,high
ram,GeIL,"GeIL EVO X II AMD 16 GB",GAEXSY416GB2400C16SC,high
ram,GeIL,"GeIL EVO X II AMD 4 GB",GAEXSY44GB2400C17SC,high
ram,GeIL,"GeIL EVO X II AMD 16 GB",GAEXSY416GB2666C19SC,high
ram,GeIL,"GeIL EVO X II AMD 8 GB",GAEXSY48GB3200C16ASC,high
ram,G.SKILL,"G.Skill Ripjaws 16 GB",F42133C15D16GRS,high
ram,GeIL,"GeIL EVO X II AMD 16 GB",GAEXSY416GB3600C18BDC,high
ram,GeIL,"GeIL EVO X II AMD 32 GB",GAEXSW432GB2400C17DC,high
ram,G.SKILL,"G.Skill Ripjaws 4 GB",F42400C16S4GRS,high
ram,AMD,"AMD R7 Performance 8 GB",R748G2133U2S,high
ram,GeIL,"GeIL GeIL 16GB (2 x 8GB) 288-Pin DDR4 SDRAM DDR4 3600 (PC4 28800) Desktop Memory Model GALS416GB3600C18ADC 16 GB",GALS416GB3600C18ADC,low
ram,Patriot,"Patriot Viper 4 16 GB",PV416G320C6QK,high
ram,G.SKILL,"G.Skill Ripjaws V 16 GB",F43600C17D16GVK,high
ram,G.SKILL,"G.Skill Ripjaws V 16 GB",F43000C15D16GVS,high
ram,G.SKILL,"G.Skill Ripjaws 64 GB",F42400C16Q64GRS,high
ram,PNY,"PNY Performance 8 GB",MN8GSD42666,high
ram,TeamGroup,"TEAMGROUP Night Hawk RGB 16 GB",TF1D416G2666HC15BDC01,high
ram,TeamGroup,"TEAMGROUP Night Hawk RGB 16 GB",TF2D416G3000HC16CDC01,high
ram,Corsair,"Corsair Vengeance LPX 8 GB",CMK8GX4M2B4133C19,high
ram,G.SKILL,"G.Skill Trident Z RGB 16 GB",F4-3466C18D-16GTZRXB,high
ram,Corsair,"Corsair Vengeance LPX 16 GB",CMK16GX4M4C3200C16R,high
ram,Corsair,"Corsair Vengeance LPX 16 GB",CMK16GX4M2B3466C16,high
ram,TeamGroup,"TEAMGROUP T-Force XCalibur RGB SE 16 GB",TF6D416G3600HC18EDC01,high
ram,GeIL,"GeIL GeIL EVO POTENZA 16GB (2 x 8GB) 288-Pin DDR4 SDRAM DDR4 3600 (PC4 28800) Desktop Memory Model GPB416GB3600C18ADC 16 GB",GPB416GB3600C18ADC,low
ram,G.SKILL,"G.Skill Trident Z 64 GB",F43000C14Q64GTZ,high
ram,G.SKILL,"G.Skill Trident Z 32 GB",F43200C15D32GTZ,high
ram,G.SKILL,"G.Skill Ripjaws V 8 GB",F44000C19D8GVK,high
ram,G.SKILL,"G.Skill Ripjaws V 32 GB",F4-4400C17D-32GVK,high
ram,G.SKILL,"G.Skill Trident Z 16 GB",F43000C14D16GTZ,high
ram,G.SKILL,"G.Skill Ripjaws V 32 GB",F43200C14Q32GVK,high
ram,G.SKILL,"G.Skill Trident Z 32 GB",F43200C14Q32GTZ,high
ram,Corsair,"Corsair Dominator Platinum 64 GB",CMD64GX4M4B3000C15,high
ram,G.SKILL,"G.Skill Ripjaws V 64 GB",F43200C14Q64GVR,high
ram,G.SKILL,"G.Skill Ripjaws V 64 GB",F43000C14Q64GVR,high
ram,GeIL,"GeIL Super Luce 16 GB",GLR416GB2400C15DC,high
ram,Corsair,"Corsair Vengeance LPX 32 GB",CMK32GX4M4A2400C16R,high
ram,GeIL,"GeIL EVO POTENZA 16 GB",GPR416GB2400C15DC,high
ram,Corsair,"Corsair Dominator Platinum RGB 32 GB",CMT32GX4M4D3600C18,high
ram,G.SKILL,"G.Skill Trident Z 16 GB",F4-4266C19D-16GTZKW,high
ram,G.SKILL,"G.Skill Aegis 16 GB",F4-2400C15S-16GIS,high
ram,G.SKILL,"G.Skill Aegis 8 GB",F4-2133C15D-8GIS,high
ram,Corsair,"Corsair Vengeance LPX 16 GB",CMK16GX4M2B3600C18R,high
ram,Corsair,"Corsair Vengeance LPX 8 GB",CMK8GX4M1A2400C16R,high
ram,Corsair,"Corsair Vengeance LPX 4 GB",CMK4GX4M1A2400C16R,high
ram,Corsair,"Corsair Vengeance LPX 32 GB",CMK32GX4M4B3600C18R,high
ram,Crucial,"Crucial CT2K8G4SFD8213 16 GB",CT2K8G4SFD8213,low
ram,G.SKILL,"G.Skill Aegis 16 GB",F4-2133C15Q-16GIS,high
ram,Corsair,"Corsair Dominator Platinum 32 GB",CMD32GX4M4A2400C12,high
ram,Corsair,"Corsair Vengeance 8 GB",CMSX8GX4M2A2666C18,high
ram,Patriot,"Patriot Viper Elite 16 GB",PVE416G240C5KBL,high
ram,G.SKILL,"G.Skill TridentZ RGB 64 GB",F4-4266C19D-64GTZR,high
ram,EVGA,"EVGA SuperSC 16 GB",8GXD43000MR,high
ram,EVGA,"EVGA SuperSC 16 GB",8GXD42800MR,high
ram,TeamGroup,"TEAMGROUP T-Force Dark Z 16 GB",TDZGD416G3600HC18JDC01,high
ram,TeamGroup,"TEAMGROUP T-Force Dark Z 16 GB",TDZRD416G3600HC18JDC01,high
ram,TeamGroup,"TEAMGROUP T-Force Dark Z 32 GB",TDZRD432G3600HC18JDC01,high
ram,Corsair,"Corsair Dominator Platinum 16 GB",CMD16GX4M4B2400C10,high
ram,Corsair,"Corsair Vengeance Performance 64 GB",CMSX64GX4M4A2666C18,high
ram,Corsair,"Corsair Vengeance RGB 16 GB",CMR16GX4M2K4600C19,high
ram,G.SKILL,"G.Skill Trident Z 32 GB",F43333C16D32GTZ,high
ram,G.SKILL,"G.Skill Ripjaws V 32 GB",F43466C16Q32GVK,high
ram,G.SKILL,"G.Skill Trident Z 32 GB",F43600C17Q32GTZ,high
ram,G.SKILL,"G.Skill Ripjaws V 32 GB",F43466C16Q32GVR,high
ram,Patriot,"Patriot Viper Venom RGB 32 GB",PVR432G300C6K,high
ram,Corsair,"Corsair Vengeance LPX 32 GB",CMK32GX4M4B3600C16R,high
ram,Corsair,"Corsair Dominator Platinum 8 GB",CMD8GX4M2B3200C16,high
ram,Corsair,"Corsair Vengeance LPX 16 GB",CMK16GX4M4B3866C18R,high
ram,GeIL,"GeIL Super Luce 8 GB",GLB48GB2400C15DC,high
ram,Corsair,"Corsair Vengeance RGB 32 GB",CMR32GX4M4C3333C16,high
ram,Corsair,"Corsair Dominator Platinum RGB 16 GB",CMT16GX4M2Z3600C14,high
ram,Corsair,"Corsair Vengeance LPX 32 GB",CMK32GX4M1A2400C16,high
ram,Corsair,"Corsair Vengeance LED 32 GB",CMU32GX4M2C3200C16R,high
ram,Corsair,"Corsair Vengeance LED 32 GB",CMU32GX4M4C3200C16R,high
ram,Corsair,"Corsair Vengeance LED 32 GB",CMU32GX4M4C3400C16R,high
ram,Corsair,"Corsair Vengeance LED 32 GB",CMU32GX4M2C3000C15,high
ram,Corsair,"Corsair Vengeance LED 32 GB",CMU32GX4M4C3200C16,high
ram,Corsair,"Corsair Vengeance LED 32 GB",CMU32GX4M4C3466C16,high
ram,TeamGroup,"TEAMGROUP T-Force Vulcan Z 16 GB",TLZGD416G2666HC18H01,high
ram,Patriot,"Patriot Viper Elite 16 GB",PVE416G266C5KRD,high
ram,TeamGroup,"TEAMGROUP Night Hawk 32 GB",THRD432G3200HC16CDC01,high
ram,Corsair,"Corsair Dominator Platinum RGB 32 GB",CMT32GX4M2C3200C14,high
ram,G.SKILL,"G.Skill Trident Z 16 GB",F4-3200C15D-16GTZSK,high
ram,G.SKILL,"G.Skill Trident Z Royal 32 GB",F4-4000C18D-32GTRG,high
ram,G.SKILL,"G.Skill Trident Z Neo 16 GB",F4-3600C14D-16GTZN,high
ram,G.SKILL,"G.Skill Trident Z 16 GB",F4-3200C14D-16GTZKY,high
ram,G.SKILL,"G.Skill Trident Z 32 GB",F4-3200C14D-32GTZSW,high
ram,G.SKILL,"G.Skill Trident Z 32 GB",F4-3200C14D-32GTZKY,high
ram,G.SKILL,"G.Skill Trident Z 32 GB",F4-3200C14D-32GTZKW,high
ram,G.SKILL,"G.Skill Trident Z 32 GB",F4-3200C14Q-32GTZSW,high
ram,G.SKILL,"G.Skill Trident Z Royal 32 GB",F4-3000C16D-32GTRS,high
ram,G.SKILL,"G.Skill Trident Z Royal 64 GB",F4-4000C15Q2-64GTRS,high
ram,GeIL,"GeIL EVO POTENZA 16 GB",GPR416GB2666C19DC,high
ram,GeIL,"GeIL GS48GB2400C16SC 8 GB",GS48GB2400C16SC,low
ram,G.SKILL,"G.Skill Ripjaws V 32 GB",F4-4000C15Q-32GVK,high
ram,G.SKILL,"G.Skill Trident Z RGB 64 GB",F4-4000C15Q2-64GTZR,high
ram,G.SKILL,"G.Skill Ripjaws V 64 GB",F4-4000C15Q2-64GVK,high
ram,TeamGroup,"TEAMGROUP T-Force Delta RGB 32 GB",TF4D432G4000HC18LDC01,high
ram,G.SKILL,"G.Skill Trident Z Neo 64 GB",F4-3600C16Q-64GTZN,high
ram,G.SKILL,"G.Skill Ripjaws V 32 GB",F4-2666C19S-32GVK,high
ram,Corsair,"Corsair Vengeance LED 32 GB",CMU32GX4M4D3200C16,high
ram,Corsair,"Corsair Vengeance RGB Pro 32 GB",CMW32GX4M4Z2933C16,high
ram,GeIL,"GeIL EVO X II AMD 16 GB",GAEXSY416GB3600C18ADC,high
ram,Corsair,"Corsair Vengeance RGB RT 32 GB",CMN32GX4M4Z3600C18W,high
ram,Crucial,"Crucial Ballistix Sport LT 64 GB",BLS4K16G4D32AESB,high
ram,TeamGroup,"TEAMGROUP Vulcan 16 GB",TLRED416G2666HC15BDC01,high
ram,TeamGroup,"TEAMGROUP Vulcan 32 GB",TLRED432G2666HC15BDC01,high
ram,TeamGroup,"TEAMGROUP Vulcan 16 GB",TLGD416G2800HC16CDC01,high
ram,TeamGroup,"TEAMGROUP Vulcan 8 GB",TLGD48G3000HC16CDC01,high
ram,GeIL,"GeIL Orion RGB AMD Edition 16 GB",GAOSR416GB3600C18BSC,high
ram,GeIL,"GeIL Orion RGB AMD Edition 16 GB",GAOSR416GB4000C18BSC,high
ram,GeIL,"GeIL Orion RGB AMD Edition 8 GB",GAOSG48GB2666C19SC,high
ram,GeIL,"GeIL Orion RGB AMD Edition 8 GB",GAOSG48GB3000C16ASC,high
ram,GeIL,"GeIL Orion RGB AMD Edition 16 GB",GAOSG416GB3000C16ASC,high
ram,GeIL,"GeIL Orion RGB AMD Edition 32 GB",GAOSR432GB3200C18BDC,high
ram,GeIL,"GeIL Orion RGB AMD Edition 64 GB",GAOSR464GB3200C18AQC,high
ram,GeIL,"GeIL Orion RGB AMD Edition 32 GB",GAOSG432GB3200C22QC,high
ram,Crucial,"Crucial Ballistix 8 GB",BL426UA8GR,high
ram,GeIL,"GeIL EVO Potenza AMD Edition 16 GB",GAPB416GB3600C18BDC,high
ram,GeIL,"GeIL EVO Potenza AMD Edition 16 GB",GAPR432GB2133C15DC,high
ram,GeIL,"GeIL EVO Potenza AMD Edition 16 GB",GAPR416GB2666C16ADC,high
ram,GeIL,"GeIL EVO Potenza AMD Edition 16 GB",GAPR416GB3000C14ADC,high
ram,G.SKILL,"G.Skill Trident Z RGB 32 GB",F4-3866C18Q-32GTZR,high
ram,G.SKILL,"G.Skill Trident Z RGB 32 GB",F4-3200C14Q-32GTZR,high
ram,G.SKILL,"G.Skill Trident Z RGB 32 GB",F4-3600C16Q-32GTZR,high
ram,G.SKILL,"G.Skill Trident Z RGB 32 GB",F4-3466C16Q-32GTZR,high
ram,G.SKILL,"G.Skill Trident Z RGB 16 GB",F4-3866C18D-16GTZR,high
ram,G.SKILL,"G.Skill Trident Z Royal 128 GB",F4-3200C14Q-128GTRS,high
ram,Crucial,"Crucial Ballistix Sport AT 32 GB",BLS2K16G4D32AEST,high
ram,Patriot,"Patriot Viper Venom RGB 16 GB",PVR416G360C8,high
ram,G.SKILL,"G.Skill Trident Z RGB 32 GB",F4-4000C15Q-32GTZR,high
ram,Crucial,"Crucial Ballistix Sport AT 32 GB",BLS2K16G4D26BFST,high
ram,Crucial,"Crucial Ballistix Sport AT 16 GB",BLS2K8G4D30CESTK,high
ram,Crucial,"Crucial Ballistix Sport AT 32 GB",BLS4K8G4D30CESTK,high
ram,Crucial,"Crucial Ballistix Sport AT 8 GB",BLS8G4D26BFSTK,high
ram,Lexar,"Lexar Hades OC 16 GB",LD4BU008G-R3600GD0H,high
ram,Lexar,"Lexar Hades OC 8 GB",LD4BU008G-R3200GS0H,high
ram,G.SKILL,"G.Skill Trident Z RGB 32 GB",F4-4000C17Q-32GTZR,high
ram,TeamGroup,"TEAMGROUP Delta 8 GB",TDTRD48G2400HC15ADC01,high
ram,TeamGroup,"TEAMGROUP Elite Plus 16 GB",TPD416G2133HC15DC01,high
ram,G.SKILL,"G.Skill Trident Z Neo 32 GB",F4-3000C16D-32GTZN,high
ram,TeamGroup,"TEAMGROUP Elite Plus 16 GB",TPD416G2666HC19DC01,high
ram,GeIL,"GeIL TUF SUPER LUCE 16 GB",GALTS416GB2666C19DC,high
ram,Crucial,"Crucial Ballistix Sport AT 32 GB",BLS4K8G4D32AESTK,high
ram,TeamGroup,"TEAMGROUP Elite Plus 16 GB",TPD416G3200HC22DC016,high
ram,Crucial,"Crucial Ballistix Tactical Tracer RGB 8 GB",BLT8G4D32AET4K,high
ram,Corsair,"Corsair Vengeance RGB Pro 16 GB",CMW16GX4M2C3000C15-TUF,high
ram,TeamGroup,"TEAMGROUP T-Force Vulcan Z 64 GB",TLZRD464G3200HC16FDC01,high
ram,TeamGroup,"TEAMGROUP T-Force Vulcan Z 32 GB",TLZRD432G3600HC14CDC01,high
ram,TeamGroup,"TEAMGROUP T-Force Vulcan Z 32 GB",TLZRD432G4000HC18LDC01,high
ram,TeamGroup,"TEAMGROUP T-Force Vulcan Z 64 GB",TLZGD464G2666HC18HDC01,high
ram,TeamGroup,"TEAMGROUP T-Force Delta RGB 8 GB",TF3D48G2666HC16C01,high
ram,TeamGroup,"TEAMGROUP T-Force Delta RGB 16 GB",TF4D416G3000HC16C01,high
ram,TeamGroup,"TEAMGROUP T-Force Delta RGB 32 GB",TF4D432G3200HC16C01,high
ram,TeamGroup,"TEAMGROUP T-Force Delta RGB 8 GB",TF4D48G3200HC16F01,high
ram,Patriot,"Patriot Viper 4 8 GB",PV48G320C6K,high
ram,G.SKILL,"G.Skill Ripjaws 32 GB",F4-3200C22S-32GRS,high
ram,Crucial,"Crucial Ballistix Sport LT 32 GB",BLS2K16G4D30AESE,high
ram,Crucial,"Crucial Ballistix Sport LT 32 GB",BLS4K8G4D32AESEK,high
ram,Crucial,"Crucial Ballistix Sport LT 16 GB",BLS16G4D30AESB,high
ram,GeIL,"GeIL EVO POTENZA 16 GB",GAPR416GB3200C16ADC,high
ram,Patriot,"Patriot Viper Elite 8 GB",PVE48G213C4KGY,high
ram,Crucial,"Crucial Ballistix Sport LT 32 GB",BLS4K8G4D30AESCK,high
ram,Patriot,"Patriot Viper Elite 8 GB",PVE48G213C4GY,high
ram,GeIL,"GeIL SUPER LUCE RGB SYNC 32 GB",GLS432GB3200C16ADC,high
ram,G.SKILL,"G.Skill Trident Z Royal 16 GB",F4-4400C17D-32GTRG,high
ram,G.SKILL,"G.Skill Trident Z RGB 32 GB",F4-2400C15Q-32GTZRX,high
ram,Corsair,"Corsair Dominator Platinum RGB 16 GB",CMT16GX4M2C3600C18W,high
ram,TeamGroup,"TEAMGROUP T-Force Vulcan Z 8 GB",TLZRD48G3600HC18J01,high
ram,Lexar,"Lexar Hades RGB 16 GB",LD4BU008G-R3200UDLH,high
ram,Lexar,"Lexar Hades RGB 32 GB",LD4BU016G-R3200UDLH,high
ram,Lexar,"Lexar Hades RGB 32 GB",LD4BU016G-R3600UDLH,high
ram,G.SKILL,"G.Skill Ripjaws V 16 GB",F4-4400C18D-16GVKC,high
ram,G.SKILL,"G.Skill Trident Z Royal 64 GB",F4-4000C18D-64GTRG,high
ram,Corsair,"Corsair Dominator Platinum RGB 64 GB",CMT64GX4M4C3200C16W,high
ram,TeamGroup,"TEAMGROUP T-Force Dark Z 16 GB",TDZRD416G3200HC16CDC01,high
ram,G.SKILL,"G.Skill Trident Z Royal 32 GB",F4-4266C17D-32GTRGB,high
ram,G.SKILL,"G.Skill Trident Z Royal 64 GB",F4-4000C18D-64GTRS,high
ram,Patriot,"Patriot Viper Elite 16 GB",PVE416G320C6KGY,high
ram,G.SKILL,"G.Skill Ripjaws 8 GB",F4-2666C19S-8GRS,high
ram,G.SKILL,"G.Skill Trident Z RGB 16 GB",F4-4600C18D-16GTZR,high
ram,TeamGroup,"TEAMGROUP T-Force Xtreem ARGB 64 GB",TF10D464G3600HC18JDC01,high
ram,Corsair,"Corsair Dominator Platinum RGB 64 GB",CMT64GX4M4K3600C18W,high
ram,GeIL,"GeIL EVO X AMD Edition 16 GB",GAEXY416GB3200C16ADC,high
ram,G.SKILL,"G.Skill Trident Z Royal 16 GB",F4-4000C16D-16GTRSA,high
ram,TeamGroup,"TEAMGROUP T-Force / Night Hawk 16 GB",THWD416G3200HC16CDC01,high
ram,TeamGroup,"TEAMGROUP T-Force / Night Hawk 16 GB",THRD416G3200HC16CDC01,high
ram,Corsair,"Corsair Dominator Platinum RGB 32 GB",CMT32GX4M4K4000C19W,high
ram,Corsair,"Corsair Dominator Platinum RGB 64 GB",CMT64GX4M8X3600C18,high
ram,Corsair,"Corsair ValueSelect 32 GB",CMV32GX4M1A2666C18,high
ram,Crucial,"Crucial Ballistix Sport LT 32 GB",BLS4K8G4D26BFSBK,high
ram,G.SKILL,"G.Skill Trident Z RGB 16 GB",F4-4000C16D-16GTZR,high
ram,Corsair,"Corsair Vengeance LPX 16 GB",CMK16GX4M2B3333C16,high
ram,Corsair,"Corsair Vengeance LPX 16 GB",CMK16GX4M2F4400C19,high
ram,Corsair,"Corsair Vengeance LPX 32 GB",CMK32GX4M4K4266C19,high
ram,Corsair,"Corsair Vengeance LPX 8 GB",CMK8GX4M1D2400C14,high
ram,Corsair,"Corsair Vengeance Performance 32 GB",CMSX32GX4M4X3800C18,high
ram,Corsair,"Corsair Vengeance LED 16 GB",CMU16GX4M2C3000C16B,high
ram,Corsair,"Corsair Vengeance LED 64 GB",CMU64GX4M4A2666C16R,high
ram,Corsair,"Corsair ValueSelect 16 GB",CMV16GX4M1A2666C18,high
ram,G.SKILL,"G.Skill Sniper X 16 GB",F4-2400C17D-16GSXF,high
ram,G.SKILL,"G.Skill Sniper X 16 GB",F4-2400C17D-16GSXK,high
ram,G.SKILL,"G.Skill Sniper X 32 GB",F4-2400C17Q-32GSXK,high
ram,G.SKILL,"G.Skill Flare X 64 GB",F4-2933C16Q-64GFX,high
ram,G.SKILL,"G.Skill Trident Z 64 GB",F4-3200C16Q2-64GTZKY,high
ram,G.SKILL,"G.Skill Ripjaws V 64 GB",F4-3000C16Q-64GVRB,high
ram,G.SKILL,"G.Skill Sniper X 32 GB",F4-3600C19Q-32GSXF,high
ram,G.SKILL,"G.Skill Trident Z 32 GB",F4-3733C17Q-32GTZKK,high
ram,G.SKILL,"G.Skill Trident Z RGB 16 GB",F4-4133C17D-16GTZR,high
ram,GeIL,"GeIL EVO FORZA 8 GB",GFR48GB2666C16ADC,high
ram,Patriot,"Patriot Signature Line 32 GB",PSD432G2133K,high
ram,Patriot,"Patriot Viper LED 16 GB",PVLR416G266C5K,high
ram,TeamGroup,"TEAMGROUP T-Force Dark 32 GB",TDRED432G2666HC15BDC01,high
ram,TeamGroup,"TEAMGROUP T-Force Dark 8 GB",TDRED48G2666HC15B01,high
ram,TeamGroup,"TEAMGROUP T-Force Night Hawk RGB 32 GB",TF2D432G3200HC16CDC01,high
ram,TeamGroup,"TEAMGROUP T-Force Vulcan 8 GB",TLRED48G3200HC16CDC01,high
ram,Corsair,"Corsair Vengeance LPX 32 GB",CMK32GX4M2Z3600C20,high
ram,Corsair,"Corsair Vengeance RGB 32 GB",CMR32GX4M4C3000C16,high
ram,Corsair,"Corsair Vengeance LED 32 GB",CMU32GX4M2D3200C16B,high
ram,G.SKILL,"G.Skill Sniper X 32 GB",F4-3200C16Q-32GSXKB,high
ram,G.SKILL,"G.Skill Sniper X 64 GB",F4-3200C16Q-64GSXFB,high
ram,G.SKILL,"G.Skill Sniper X 64 GB",F4-3600C19Q-64GSXF,high
ram,TeamGroup,"TEAMGROUP T-Force Dark Z 32 GB",TDZRD432G3200HC16CDC01,high
ram,Corsair,"Corsair Vengeance LPX 16 GB",CMK16GX4M2B3200C14R,high
ram,Corsair,"Corsair Vengeance LPX 32 GB",CMK32GX4M4C3000C15R,high
ram,G.SKILL,"G.Skill Trident Z 16 GB",F4-4000C18D-16GTZKW,high
ram,G.SKILL,"G.Skill Trident Z 16 GB",F4-4000C19D-16GTZKW,high
ram,TeamGroup,"TEAMGROUP Elite 16 GB",TED416G2400C16-S01,high
ram,TeamGroup,"TEAMGROUP T-Force Dark Z 32 GB",TDZGD432G3000HC16CDC01,high
ram,TeamGroup,"TEAMGROUP T-Force Dark Z 16 GB",TDZRD416G3200HC16C01,high
ram,TeamGroup,"TEAMGROUP Elite 64 GB",TED464G2666C19DC-S01,high
ram,TeamGroup,"TEAMGROUP T-Create Classic 8 GB",TTCCD48G3200HC22-S01,high
ram,TeamGroup,"TEAMGROUP T-Create Classic 16 GB",TTCCD416G3200HC22-S01,high
ram,TeamGroup,"TEAMGROUP T-Force Zeus 32 GB",TTZD432G3200HC22-S01,high
ram,TeamGroup,"TEAMGROUP T-Force Zeus 32 GB",TTZD432G3200HC22DC-S01,high
ram,TeamGroup,"TEAMGROUP T-Force Dark 16 GB",TDGED416G3000HC16ADC01,high
ram,TeamGroup,"TEAMGROUP T-Force Vulcan 8 GB",TLGD48G3200HC16CDC01,high
ram,TeamGroup,"TEAMGROUP T-Force Vulcan 16 GB",TLRED416G3000HC16AQC01,high
ram,TeamGroup,"TEAMGROUP Elite 16 GB",TPKD416GM2400HC16DC01,high
ram,Crucial,"Crucial Ballistix Tactical Tracer 16 GB",BLT16G4D30BET4,high
ram,Crucial,"Crucial Ballistix RGB 32 GB",BL2K16G30C15U4RL,high
ram,Corsair,"Corsair Vengeance RGB Pro 64 GB",CMW64GX4M4C3466C16W,high
ram,Crucial,"Crucial Ballistix RGB 32 GB",BL2K16G30C15U4WL,high
ram,Corsair,"Corsair Vengeance RGB Pro 64 GB",CMW64GX4M4A2666C16W,high
ram,Corsair,"Corsair Vengeance RGB Pro 64 GB",CMW64GX4M4C3466C16,high
ram,Crucial,"Crucial Ballistix RGB 32 GB",BL2K16G36C16U4RL,high
ram,GeIL,"GeIL EVO POTENZA 16 GB",GPB416GB3200C16ADC,high
ram,G.SKILL,"G.Skill Ripjaws V 128 GB",F4-4000C18Q-128GVK,high
ram,Crucial,"Crucial Ballistix Elite 32 GB",BLE2K16G4D30AEEA,high
ram,Patriot,"Patriot Viper Elite 16 GB",PVE416G280C6KRD,high
ram,Crucial,"Crucial Ballistix Sport LT 16 GB",BLS2K8G4D26BFSE,high
ram,Corsair,"Corsair Vengeance RGB Pro 128 GB",CMW128GX4M8A2666C16W,high
ram,GeIL,"GeIL EVO X II AMD 32 GB",GAEXSY432GB3000C16ADC,high
ram,GeIL,"GeIL EVO POTENZA 32 GB",GAPB432GB3000C16ADC,high
ram,G.SKILL,"G.Skill Trident Z Royal 32 GB",F4-4000C17D-32GTRSB,high
ram,Patriot,"Patriot Viper LED 8 GB",PVLR48G300C5K,high
ram,Corsair,"Corsair Vengeance RGB 64 GB",CMR64GX4M8A2666C16,high
ram,Crucial,"Crucial Ballistix Elite 16 GB",BLE2C8G4D32BEEAK,high
ram,Patriot,"Patriot Viper 4 Blackout 64 GB",PVB464G300C6K,high
ram,Crucial,"Crucial CT8G4SFS824A 8 GB",CT8G4SFS824A,low
ram,TeamGroup,"TEAMGROUP Elite 32 GB",TED432G2666C19DC-S01,high
ram,G.SKILL,"G.Skill Ripjaws 4 16 GB",F42800C16D16GRR,high
ram,Patriot,"Patriot Signature Line 8 GB",PSD48G213382S,high
ram,G.SKILL,"G.Skill Flare X 32 GB",F4-2400C15D-32GFX,high
ram,G.SKILL,"G.Skill Trident Z Royal 32 GB",F4-4000C18Q-32GTRS,high
ram,G.SKILL,"G.Skill Sniper X 16 GB",F4-2400C17D-16GSXW,high
ram,G.SKILL,"G.Skill Sniper X 32 GB",F4-3000C16Q-32GSXWB,high
ram,G.SKILL,"G.Skill Ripjaws 16 GB",F4-3000C16D-16GRS,high
ram,Corsair,"Corsair Vengeance LPX 8 GB",CMK8GX4M2A2400C14R,high
ram,TeamGroup,"TEAMGROUP T-Force Delta RGB 16 GB",TF4D416G3200HC16F01,high
ram,G.SKILL,"G.Skill Ripjaws 16 GB",F4-2666C19S-16GRS,high
ram,G.SKILL,"G.Skill Ripjaws 16 GB",F42666C15Q16GRR,high
ram,G.SKILL,"G.Skill Ripjaws 32 GB",F42666C15Q32GRR,high
ram,G.SKILL,"G.Skill Ripjaws 16 GB",F42133C15Q16GRK,high
ram,G.SKILL,"G.Skill Ripjaws 16 GB",F42133C15Q16GRR,high
ram,Corsair,"Corsair Vengeance LPX 16 GB",CMK16GX4M4A2800C16R,high
ram,G.SKILL,"G.Skill Ripjaws 16 GB",F42400C15Q16GRB,high
ram,G.SKILL,"G.Skill Ripjaws 16 GB",F42133C15Q16GRB,high
ram,G.SKILL,"G.Skill Ripjaws 32 GB",F42133C15Q32GRR,high
ram,G.SKILL,"G.Skill Ripjaws 32 GB",F42400C15Q32GRB,high
ram,Corsair,"Corsair Vengeance LPX 16 GB",CMK16GX4M4A2800C16B,high
ram,G.SKILL,"G.Skill Value 16 GB",F42400C15Q16GNT,high
ram,G.SKILL,"G.Skill Ripjaws 16 GB",F43000C15Q16GRR,high
ram,G.SKILL,"G.Skill Value 32 GB",F42133C15Q32GNT,high
ram,Corsair,"Corsair Dominator Platinum RGB 32 GB",CMT32GX4M4C3466C16,high
ram,Crucial,"Crucial Ballistix MAX RGB 16 GB",BLM2K8G44C19U4BL,high
ram,Corsair,"Corsair Dominator Platinum RGB 16 GB",CMT16GX4M2D3600C18,high
ram,Corsair,"Corsair Dominator Platinum RGB 16 GB",CMT16GX4M2D3600C18W,high
ram,Corsair,"Corsair Dominator Platinum RGB 16 GB",CMT16GX4M2E3200C16W,high
ram,Corsair,"Corsair Dominator Platinum RGB 64 GB",CMT64GX4M8X3000C15,high
ram,G.SKILL,"G.Skill Trident Z Royal Elite 64 GB",F4-3600C14Q2-64GTESA,high
ram,G.SKILL,"G.Skill Trident Z Royal 64 GB",F4-3600C14Q2-64GTRSA,high
ram,G.SKILL,"G.Skill Trident Z Royal 32 GB",F4-4600C19D-32GTRG,high
ram,Corsair,"Corsair Vengeance LED 16 GB",CMU16GX4M2C3600C18,high
ram,Corsair,"Corsair Dominator Platinum Special Edition CONTRAST 32 GB",CMD32GX4M2C3466C16W,high
ram,Corsair,"Corsair Dominator Platinum Special Edition CONTRAST 32 GB",CMD32GX4M4C3466C16W,high
ram,G.SKILL,"G.Skill Flare X 32 GB",F4-2400C15D-32GFXR,high
ram,G.SKILL,"G.Skill Flare X 128 GB",F4-2400C15Q2-128GFX,high
ram,G.SKILL,"G.Skill Sniper X 32 GB",F4-2400C17Q-32GSXF,high
ram,G.SKILL,"G.Skill Trident Z 64 GB",F4-3300C16Q2-64GTZ,high
ram,G.SKILL,"G.Skill Sniper X 32 GB",F4-3600C19Q-32GSXK,high
ram,G.SKILL,"G.Skill Flare X 64 GB",F4-3200C14Q-64GFX,high
ram,GeIL,"GeIL SUPER LUCE RGB 16 GB",GALS416GB3000C16ADC,high
ram,GeIL,"GeIL EVO POTENZA 8 GB",GPR48GB3000C16ADC,high
ram,Patriot,"Patriot Signature Line 8 GB",PSD48G240082S,high
ram,TeamGroup,"TEAMGROUP T-Force Dark Z 32 GB",TDZRD432G3200HC16FDC01,high
ram,TeamGroup,"TEAMGROUP T-Force Xtreem ARGB 128 GB",TF10D4128G3200HC16COC01,high
ram,TeamGroup,"TEAMGROUP T-Force Xtreem ARGB 64 GB",TF10D464G3200HC16COC01,high
ram,TeamGroup,"TEAMGROUP T-Force Night Hawk 16 GB",TF1D416G3600HC18EDC01,high
ram,TeamGroup,"TEAMGROUP Night Hawk RGB Gen 2 16 GB",TF14D416G3600HC18JDC01,high
ram,TeamGroup,"TEAMGROUP Night Hawk RGB Gen 2 16 GB",TF14D416G4000HC18JDC01,high
ram,TeamGroup,"TEAMGROUP Night Hawk RGB Gen 2 16 GB",TF15D416G3200HC16CDC01,high
ram,TeamGroup,"TEAMGROUP Night Hawk RGB Gen 2 64 GB",TF14D464G3200HC16CDC01,high
ram,TeamGroup,"TEAMGROUP Night Hawk RGB Gen 2 16 GB",TF15D416G3600HC18JDC01,high
ram,Corsair,"Corsair Vengeance LPX 64 GB",CMK64GX4M8C3000C16,high
ram,G.SKILL,"G.Skill Flare X 64 GB",F4-2933C14Q2-64GFX,high
ram,GeIL,"GeIL GS48GB2133C15SC 8 GB",GS48GB2133C15SC,low
ram,GeIL,"GeIL GS416GB2133C15DC 16 GB",GS416GB2133C15DC,low
ram,GeIL,"GeIL GS432GB2133C15DC 32 GB",GS432GB2133C15DC,low
ram,GeIL,"GeIL GS48GB2133C15DC 8 GB",GS48GB2133C15DC,low
ram,GeIL,"GeIL EVO FORZA 8 GB",GFR48GB2400C15DC,high
ram,GeIL,"GeIL EVO POTENZA 8 GB",GPB48GB2133C15DC,high
ram,GeIL,"GeIL EVO POTENZA 16 GB",GAPB416GB2666C16ADC,high
ram,GeIL,"GeIL GS44GB2133C15SC 4 GB",GS44GB2133C15SC,low
ram,GeIL,"GeIL EVO POTENZA 16 GB",GAPB416GB2133C15DC,high
ram,GeIL,"GeIL EVO POTENZA 16 GB",GAPB416GB2400C16DC,high
ram,GeIL,"GeIL EVO POTENZA 8 GB",GAPB48GB2400C16DC,high
ram,GeIL,"GeIL EVO POTENZA 8 GB",GAPB48GB2666C16ADC,high
ram,G.SKILL,"G.Skill Trident Z Royal 32 GB",F4-4000C17Q-32GTRGB,high
ram,G.SKILL,"G.Skill Trident Z RGB 32 GB",F4-2933C14D-32GTZRX,high
ram,TeamGroup,"TEAMGROUP T-Force Xtreem 32 GB",TXD432G3733HC17AQC01,high
ram,TeamGroup,"TEAMGROUP T-Force Xtreem 32 GB",TXD432G3866HC18EQC01,high
ram,G.SKILL,"G.Skill Trident Z RGB 128 GB",F4-3000C14Q2-128GTZR,high
ram,Corsair,"Corsair Vengeance LED 32 GB",CMU32GX4M2D3000C16R,high
ram,Corsair,"Corsair Vengeance LED 32 GB",CMU32GX4M4D3000C16B,high
ram,Corsair,"Corsair Vengeance LED 32 GB",CMU32GX4M4D3000C16R,high
ram,Corsair,"Corsair Vengeance LED 16 GB",CMU16GX4M2D3000C16R,high
ram,Corsair,"Corsair Vengeance LED 32 GB",CMU32GX4M2D3000C16B,high
ram,Corsair,"Corsair Vengeance LED 16 GB",CMU16GX4M2D3000C16B,high
ram,G.SKILL,"G.Skill Trident Z Royal Elite 16 GB",F4-5066C20D-16GTEG,high
ram,TeamGroup,"TEAMGROUP T-Force Dark Z 32 GB",TDZGD432G3200HC16C01,high
ram,TeamGroup,"TEAMGROUP T-Force Dark Z 64 GB",TDZGD464G3200HC16CDC01,high
ram,TeamGroup,"TEAMGROUP T-Force Dark Z 32 GB",TDZRD432G3200HC16C01,high
ram,TeamGroup,"TEAMGROUP T-Force Vulcan Z 32 GB",TLZRD432G3200HC16C01,high
ram,G.SKILL,"G.Skill Trident Z Royal 16 GB",F4-3600C14D-16GTRGB,high
ram,G.SKILL,"G.Skill Trident Z Royal 16 GB",F4-3600C14D-16GTRSB,high
ram,G.SKILL,"G.Skill Trident Z Royal 32 GB",F4-3600C14Q-32GTRGB,high
ram,G.SKILL,"G.Skill Trident Z Royal 16 GB",F4-3600C16D-16GTRGC,high
ram,G.SKILL,"G.Skill Trident Z Royal 32 GB",F4-3600C16D-32GTRG,high
ram,G.SKILL,"G.Skill Trident Z Royal 32 GB",F4-3600C16Q-32GTRSC,high
ram,G.SKILL,"G.Skill Trident Z Royal 64 GB",F4-3600C16Q-64GTRGC,high
ram,G.SKILL,"G.Skill Trident Z Royal 32 GB",F4-3600C18Q-32GTRG,high
ram,G.SKILL,"G.Skill Trident Z Royal 64 GB",F4-3600C18Q-64GTRG,high
ram,G.SKILL,"G.Skill Trident Z Royal 64 GB",F4-3600C18Q-64GTRS,high
ram,G.SKILL,"G.Skill Trident Z Royal 64 GB",F4-3600C16D-64GTRS,high
ram,G.SKILL,"G.Skill Ripjaws V 16 GB",F4-4266C19D-16GVKC,high
ram,GeIL,"GeIL EVO Potenza AMD Edition 32 GB",GAPB432GB3600C18BDC,high
ram,GeIL,"GeIL EVO Potenza AMD Edition 32 GB",GAPR432GB3600C18BDC,high
ram,GeIL,"GeIL SUPER LUCE RGB 8 GB",GALS48GB3000C16ADC,high
ram,GeIL,"GeIL SUPER LUCE RGB 8 GB",GLS48GB3000C16ADC,high
ram,TeamGroup,"TEAMGROUP T-Force Dark 16 GB",TDGED416G3000HC16CQC01,high
ram,TeamGroup,"TEAMGROUP T-Force Dark 16 GB",TDGED416G3200HC16CQC01,high
ram,TeamGroup,"TEAMGROUP T-Force Dark 32 GB",TDGED432G2400HC14QC01,high
ram,TeamGroup,"TEAMGROUP T-Force Dark 64 GB",TDGED464G3000HC16CQC01,high
ram,TeamGroup,"TEAMGROUP T-Force Dark 64 GB",TDGED464G3200HC16CQC01,high
ram,TeamGroup,"TEAMGROUP T-Force Dark 16 GB",TDRED416G2400HC14QC01,high
ram,TeamGroup,"TEAMGROUP T-Force Dark 16 GB",TDRED416G3000HC16CQC01,high
ram,TeamGroup,"TEAMGROUP T-Force Dark 32 GB",TDRED432G2400HC14QC01,high
ram,TeamGroup,"TEAMGROUP T-Force Dark 64 GB",TDRED464G2400HC15BQC01,high
ram,TeamGroup,"TEAMGROUP T-Force Dark 64 GB",TDRED464G3000HC16CQC01,high
ram,TeamGroup,"TEAMGROUP T-Force Dark 32 GB",TDRED432G3000HC16CQC01,high
ram,TeamGroup,"TEAMGROUP T-Force Dark 32 GB",TDGED432G3000HC16CQC01,high
ram,TeamGroup,"TEAMGROUP T-Force Dark 64 GB",TDRED464G3200HC16CQC01,high
ram,TeamGroup,"TEAMGROUP T-Force Dark 16 GB",TDRED416G3200HC16CQC01,high
ram,TeamGroup,"TEAMGROUP T-Force Vulcan 4 GB",TLGD44G2666HC15B01,high
ram,Corsair,"Corsair Vengeance RGB 64 GB",CMR64GX4M8C3200C16,high
ram,G.SKILL,"G.Skill Trident Z Royal 16 GB",F4-4800C19D-16GTRGC,high
ram,Corsair,"Corsair Vengeance RGB 128 GB",CMR128GX4M8C3200C16,high
ram,TeamGroup,"TEAMGROUP T-Force Xtreem ARGB 64 GB",TF10D464G3600HC18JOC01,high
ram,TeamGroup,"TEAMGROUP T-Force Xtreem ARGB 128 GB",TF10D4128G3600HC18JOC01,high
ram,Lexar,"Lexar Hades RGB 16 GB",LD4BU016G-R3600USLH,high
ram,Lexar,"Lexar Hades RGB 8 GB",LD4BU008G-R3200GSLH,high
ram,Lexar,"Lexar Hades OC 32 GB",LD4BU016G-R3200UD0H,high
ram,Lexar,"Lexar Hades OC 16 GB",LD4BU008G-R3200UD0H,high
ram,TeamGroup,"TEAMGROUP T-Force Vulcan 16 GB",TLGD416G2400HC14QC01,high
ram,TeamGroup,"TEAMGROUP T-Force Vulcan 16 GB",TLGD416G3000HC16CQC01,high
ram,Lexar,"Lexar Hades OC 8 GB",LD4BU008G-R3600GS0H,high
ram,TeamGroup,"TEAMGROUP T-Force Vulcan 16 GB",TLGD416G3200HC16CQC01,high
ram,TeamGroup,"TEAMGROUP T-Force Vulcan 32 GB",TLGD432G2400HC14QC01,high
ram,TeamGroup,"TEAMGROUP T-Force Vulcan 64 GB",TLGD464G2400HC15BQC01,high
ram,TeamGroup,"TEAMGROUP T-Force Vulcan 16 GB",TLRED416G3000HC16CQC01,high
ram,TeamGroup,"TEAMGROUP T-Force Vulcan 16 GB",TLRED416G3200HC16CQC01,high
ram,TeamGroup,"TEAMGROUP T-Force Vulcan 64 GB",TLRED464G2400HC15BQC01,high
ram,Corsair,"Corsair Vengeance RGB 16 GB",CMR16GX4M2C3333C16,high
ram,GeIL,"GeIL EVO X II 32 GB",GEXSG432GB3600C18BDC,high
ram,Patriot,"Patriot Viper Venom RGB 32 GB",PVR432G360C7K,high
ram,G.SKILL,"G.Skill Trident Z Royal 64 GB",F4-3000C16Q-64GTRS,high
ram,TeamGroup,"TEAMGROUP T-Force Vulcan 64 GB",TLGD464G3000HC16CQC01,high
ram,Patriot,"Patriot Signature Line 16 GB",PSD416G266681S,high
ram,Corsair,"Corsair Vengeance RGB 32 GB",CMR32GX4M4C3600C18,high
ram,TeamGroup,"TEAMGROUP T-Force Delta RGB 32 GB",TF3D432G3200HC16C01,high
ram,TeamGroup,"TEAMGROUP T-Force Delta RGB 8 GB",TF3D48G4000HC20C01,high
ram,TeamGroup,"TEAMGROUP T-Force Delta RGB 8 GB",TF4D48G4000HC20C01,high
ram,TeamGroup,"TEAMGROUP T-Force Delta RGB 16 GB",TF3D416G4000HC16ADC01,high
ram,TeamGroup,"TEAMGROUP T-Force Delta RGB 16 GB",TF3D416G4000HC20CDC01,high
ram,TeamGroup,"TEAMGROUP T-Force Delta RGB 16 GB",TF4D416G4000HC16ADC01,high
ram,TeamGroup,"TEAMGROUP T-Force Delta RGB 16 GB",TF4D416G4000HC20CDC01,high
ram,TeamGroup,"TEAMGROUP T-Force Dark Za 64 GB",TDZAD464G3200HC16FDC01,high
ram,TeamGroup,"TEAMGROUP T-Force Dark Z 64 GB",TDZRD464G3000HC16CDC01,high
ram,TeamGroup,"TEAMGROUP T-Force Dark Z 16 GB",TDZRD416G3200HC16FDC01,high
ram,TeamGroup,"TEAMGROUP T-Force Dark Z 64 GB",TDZRD464G3200HC16FDC01,high
ram,TeamGroup,"TEAMGROUP T-Force Dark Z 64 GB",TDZRD464G3600HC18JDC01,high
ram,TeamGroup,"TEAMGROUP T-Force Dark Z 16 GB",TDZGD416G2666HC16CDC01,high
ram,TeamGroup,"TEAMGROUP T-Force Dark Z 32 GB",TDZGD432G2666HC16CDC01,high
ram,TeamGroup,"TEAMGROUP T-Force Dark Z 64 GB",TDZGD464G3000HC16CDC01,high
ram,TeamGroup,"TEAMGROUP T-Force Dark Z 64 GB",TDZGD464G3600HC18JDC01,high
ram,TeamGroup,"TEAMGROUP Elite 4 GB",TED44G2133C1501,high
ram,TeamGroup,"TEAMGROUP Elite 8 GB",TED48G2133C1501,high
ram,TeamGroup,"TEAMGROUP Elite 16 GB",TED416G2400C1601,high
ram,TeamGroup,"TEAMGROUP Elite 32 GB",TED432G2400C1601,high
ram,TeamGroup,"TEAMGROUP Elite 4 GB",TED44G3200C2201,high
ram,TeamGroup,"TEAMGROUP Elite 8 GB",TED48G2133C15DC01,high
ram,TeamGroup,"TEAMGROUP Elite 16 GB",TED416G2133C15QC01,high
ram,TeamGroup,"TEAMGROUP Elite 32 GB",TED432G2133C15QC01,high
ram,TeamGroup,"TEAMGROUP Elite 8 GB",TED48G2400C16DC01,high
ram,TeamGroup,"TEAMGROUP Elite 64 GB",TED464G2400C16DC01,high
ram,TeamGroup,"TEAMGROUP Elite 16 GB",TED416G2400C16QC01,high
ram,TeamGroup,"TEAMGROUP Elite 8 GB",TED48G2666C19DC01,high
ram,TeamGroup,"TEAMGROUP Elite 16 GB",TED416G2666C19DC016,high
ram,TeamGroup,"TEAMGROUP Elite 16 GB",TED416G2666C19QC01,high
ram,TeamGroup,"TEAMGROUP Elite 8 GB",TED48G3200C22DC01,high
ram,TeamGroup,"TEAMGROUP T-Force Xtreem ARGB 16 GB",TF13D416G3200HC14BDC01,high
ram,TeamGroup,"TEAMGROUP T-Force Delta TUF Gaming Alliance RGB 16 GB",TF9D416G2666HC18H01,high
ram,TeamGroup,"TEAMGROUP T-Force Delta TUF Gaming Alliance RGB 8 GB",TF9D48G2933HC16C01,high
ram,TeamGroup,"TEAMGROUP T-Force Delta TUF Gaming Alliance RGB 8 GB",TF9D48G3200HC16F01,high
ram,TeamGroup,"TEAMGROUP T-Force Delta TUF Gaming Alliance RGB 16 GB",TF9D416G3200HC16F01,high
ram,TeamGroup,"TEAMGROUP T-Force Delta TUF Gaming Alliance RGB 32 GB",TF9D432G3200HC16F01,high
ram,TeamGroup,"TEAMGROUP T-Force Delta TUF Gaming Alliance RGB 16 GB",TF9D416G2400HC16DC01,high
ram,TeamGroup,"TEAMGROUP T-Force Delta TUF Gaming Alliance RGB 32 GB",TF9D432G2400HC16DC01,high
ram,TeamGroup,"TEAMGROUP T-Force Delta TUF Gaming Alliance RGB 16 GB",TF9D416G2666HC18HDC01,high
ram,TeamGroup,"TEAMGROUP T-Force Delta TUF Gaming Alliance RGB 8 GB",TF9D48G2400HC1601,high
ram,TeamGroup,"TEAMGROUP T-Force Vulcan TUF Gaming Alliance 16 GB",TLTYD416G2666HC18HDC01,high
ram,TeamGroup,"TEAMGROUP T-Force Vulcan TUF Gaming Alliance 32 GB",TLTYD432G2666HC18HDC01,high
ram,Corsair,"Corsair Dominator Platinum RGB 128 GB",CMT128GX4M8C3200C16W,high
ram,G.SKILL,"G.Skill Trident Z Royal 16 GB",F4-4000C17D-16GTRGB,high
ram,G.SKILL,"G.Skill Trident Z Royal 16 GB",F4-4000C17D-16GTRSB,high
ram,G.SKILL,"G.Skill Trident Z Royal 32 GB",F4-4000C17D-32GTRGB,high
ram,G.SKILL,"G.Skill Trident Z Royal 16 GB",F4-4266C17D-16GTRSB,high
ram,G.SKILL,"G.Skill Ripjaws V 16 GB",F4-4266C17D-16GVKB,high
ram,GeIL,"GeIL EVO Potenza AMD Edition 32 GB",GAPB432GB3200C16BDC,high
ram,GeIL,"GeIL EVO Potenza AMD Edition 32 GB",GAPR432GB3200C16BDC,high
ram,Patriot,"Patriot Viper Elite 4 GB",PVE44G266C6GY,high
ram,Patriot,"Patriot Viper Venom RGB 16 GB",PVR416G400C9K,high
ram,Corsair,"Corsair Dominator Platinum 64 GB",CMD64GX4M8X3800C19,high
ram,G.SKILL,"G.Skill Trident Z Royal 16 GB",F4-4266C19D-16GTRSC,high
ram,G.SKILL,"G.Skill Trident Z Royal 16 GB",F4-4600C19D-16GTRSE,high
ram,G.SKILL,"G.Skill Ripjaws V 64 GB",F4-2666C19D-64GVK,high
ram,TeamGroup,"TEAMGROUP Elite 64 GB",TED464G2400C16DC-S01,high
ram,TeamGroup,"TEAMGROUP T-Create Classic 8 GB",TTCCD48G2666HC19-S01,high
ram,G.SKILL,"G.Skill Trident Z Royal 32 GB",F4-4000C16D-32GTRSA,high
ram,TeamGroup,"TEAMGROUP T-Create Classic 32 GB",TTCCD432G3200HC22-S01,high
ram,TeamGroup,"TEAMGROUP T-Create Classic 16 GB",TTCCD416G2666HC19DC-S01,high
ram,TeamGroup,"TEAMGROUP T-Create Classic 32 GB",TTCCD432G2666HC19DC-S01,high
ram,TeamGroup,"TEAMGROUP T-Create Classic 64 GB",TTCCD464G2666HC19DC-S01,high
ram,TeamGroup,"TEAMGROUP T-Force Zeus 64 GB",TTZD464G3200HC22DC-S01,high
ram,TeamGroup,"TEAMGROUP T-Force Zeus 64 GB",TTZD464G3200HC16FDC-S01,high
ram,G.SKILL,"G.Skill Trident Z 16 GB",F4-4500C19D-16GTZKKE,high
ram,G.SKILL,"G.Skill Trident Z 16 GB",F4-4266C19D-16GTZSW,high
ram,G.SKILL,"G.Skill Trident Z 16 GB",F4-4266C19D-16GTZA,high
ram,G.SKILL,"G.Skill Trident Z 16 GB",F4-4133C19D-16GTZA,high
ram,G.SKILL,"G.Skill Trident Z 16 GB",F4-4000C18D-16GTZSW,high
ram,G.SKILL,"G.Skill Trident Z 16 GB",F4-4000C18D-16GTZ,high
ram,G.SKILL,"G.Skill Trident Z 16 GB",F4-4000C19D-16GTZSW,high
ram,G.SKILL,"G.Skill Trident Z 16 GB",F4-3866C18D-16GTZ,high
ram,G.SKILL,"G.Skill Trident Z 16 GB",F4-3866C18D-16GTZSW,high
ram,G.SKILL,"G.Skill Trident Z 16 GB",F4-3733C17D-16GTZSW,high
ram,G.SKILL,"G.Skill Trident Z 16 GB",F4-3600C17D-16GTZSW,high
ram,G.SKILL,"G.Skill Trident Z 16 GB",F4-3466C16D-16GTZKW,high
ram,GeIL,"GeIL EVO FORZA 16 GB",GFR416GB2133C15DC,high
ram,TeamGroup,"TEAMGROUP Elite Plus 16 GB",TPRD416G2400HC16DC02,high
ram,TeamGroup,"TEAMGROUP T-Force Dark 16 GB",TDGED416G2666HC15BDC01,high
ram,Corsair,"Corsair Dominator Platinum 16 GB",CMD16GX4M2B3866C18,high
ram,Corsair,"Corsair Dominator Platinum 16 GB",CMD16GX4M2B3733C17,high
ram,G.SKILL,"G.Skill Ripjaws 32 GB",F4-4000C18Q-32GRS,high
ram,G.SKILL,"G.Skill FORTIS 32 GB",F4-2400C16Q-32GFT,high
ram,G.SKILL,"G.Skill FORTIS 16 GB",F4-2400C16D-16GFT,high
ram,G.SKILL,"G.Skill FORTIS 32 GB",F4-2400C15Q-32GFT,high
ram,G.SKILL,"G.Skill FORTIS 64 GB",F4-2133C15Q-64GFT,high
ram,G.SKILL,"G.Skill FORTIS 32 GB",F4-2133C15Q-32GFT,high
ram,Corsair,"Corsair Dominator Platinum Blackout 32 GB",CMD32GX4M4C3200C14M,high
ram,Corsair,"Corsair Vengeance LED 32 GB",CMU32GX4M2F3600C18,high
ram,Corsair,"Corsair Vengeance LED 32 GB",CMU32GX4M4C3600C18,high
ram,G.SKILL,"G.Skill Ripjaws 16 GB",F4-3200C18D-16GRS,high
ram,G.SKILL,"G.Skill Ripjaws 16 GB",F4-3200C18S-16GRS,high
ram,G.SKILL,"G.Skill Ripjaws 8 GB",F4-3200C18S-8GRS,high
ram,G.SKILL,"G.Skill Trident Z RGB 32 GB",F4-3333C16D-32GTZR,high
ram,G.SKILL,"G.Skill Trident Z Royal 32 GB",F4-4266C19D-32GTRG,high
ram,GeIL,"GeIL Orion RGB AMD Edition 16 GB",GAOSG416GB4000C18BDC,high
ram,GeIL,"GeIL Orion RGB AMD Edition 16 GB",GAOSR416GB4000C18BDC,high
ram,G.SKILL,"G.Skill Trident Z RGB 32 GB",F4-3733C17D-32GTZR,high
ram,TeamGroup,"TEAMGROUP T-Force Night Hawk Legend RGB 16 GB",TF7D416G3466HC16CDC01,high
ram,G.SKILL,"G.Skill Trident Z Royal 128 GB",F4-2666C19Q-128GTRS,high
ram,G.SKILL,"G.Skill Sniper X 32 GB",F4-3600C19Q-32GSXKB,high
ram,G.SKILL,"G.Skill Sniper X 64 GB",F4-3600C19Q-64GSXKB,high
ram,G.SKILL,"G.Skill Ripjaws V 64 GB",F4-3600C19Q-64GVRB,high
ram,Corsair,"Corsair Dominator Platinum 16 GB",CMD16GX4M4B3200C15,high
ram,Corsair,"Corsair Vengeance LPX 16 GB",CMK16GX4M4B3200C16R,high
ram,Corsair,"Corsair Vengeance LPX 16 GB",CMK16GX4M4A2400C14B,high
ram,Crucial,"Crucial Ballistix Elite 8 GB",BLE8G4D32BEEAK,high
ram,GeIL,"GeIL EVO X II AMD 32 GB",GAEXSY432GB3200C16AD,high
ram,PNY,"PNY Performance 4 GB",MN4GSD42666,high
ram,TeamGroup,"TEAMGROUP T-Force T1 4 GB",TTD44G2400C15B01,high
ram,TeamGroup,"TEAMGROUP T-Force T1 4 GB",TTD44G2666C18H01,high
ram,TeamGroup,"TEAMGROUP T-Force T1 8 GB",TTD48G2400C15B01,high
ram,TeamGroup,"TEAMGROUP T-Force T1 8 GB",TTD48G2400C15BDC01,high
ram,TeamGroup,"TEAMGROUP T-Force T1 8 GB",TTD48G2666C18HDC01,high
ram,GeIL,"GeIL Super Luce 16 GB",GLB416GB3000C16QC,high
ram,GeIL,"GeIL Super Luce 16 GB",GLB416GB3400C16AQC,high
ram,GeIL,"GeIL Super Luce 16 GB",GLW416GB3000C16QC,high
ram,GeIL,"GeIL Super Luce 16 GB",GLR416GB3000C16QC,high
ram,GeIL,"GeIL Super Luce 16 GB",GLR416GB3400C16AQC,high
ram,GeIL,"GeIL Super Luce 16 GB",GLW416GB3400C16AQC,high
ram,G.SKILL,"G.Skill Ripjaws 16 GB",F43400C16Q16GRKD,high
ram,Corsair,"Corsair Vengeance RGB Pro 64 GB",CMW64GX4M8X3600C18,high
ram,Corsair,"Corsair Dominator Platinum 32 GB",CMD32GX4M4E4000C19,high
ram,G.SKILL,"G.Skill Trident Z Royal Elite 64 GB",F4-3600C16Q-64GTEGC,high
ram,TeamGroup,"TEAMGROUP T-Force Xtreem 16 GB",TXOBD416G4133HC18FDC01,high
ram,TeamGroup,"TEAMGROUP T-Force Xtreem 16 GB",TXGD416G3866HC18EDC01,high
ram,TeamGroup,"TEAMGROUP T-Force Xtreem 16 GB",TXGD416G3733HC18ADC01,high
ram,TeamGroup,"TEAMGROUP T-Force Xtreem 8 GB",TXGD48G3733HC17ADC01,high
ram,TeamGroup,"TEAMGROUP T-Force Xtreem 16 GB",TXGD416G3600HC18ADC01,high
ram,TeamGroup,"TEAMGROUP T-Force Xtreem 8 GB",TXGD48G3600HC17ADC01,high
ram,TeamGroup,"TEAMGROUP T-Force Xtreem 16 GB",TXGD416G3466HC17ADC01,high
ram,TeamGroup,"TEAMGROUP T-Force Xtreem 8 GB",TXGD48G3466HC17ADC01,high
ram,TeamGroup,"TEAMGROUP T-Force Xtreem 16 GB",TXD416G4000HC18EDC01,high
ram,TeamGroup,"TEAMGROUP T-Force Xtreem 16 GB",TXD416G3866HC18EDC01,high
ram,TeamGroup,"TEAMGROUP T-Force Xtreem 8 GB",TXD48G3466HC17ADC01,high
ram,TeamGroup,"TEAMGROUP T-Force Xtreem 8 GB",TXD48G3600HC17ADC01,high
ram,TeamGroup,"TEAMGROUP Xtreem 16 GB",TXD416G3466HC17ADC01,high
ram,TeamGroup,"TEAMGROUP Dark 16 GB",TDKED416G3000HC15ADC01,high
ram,TeamGroup,"TEAMGROUP Dark 16 GB",TDKED416G2666HC15ADC01,high
ram,TeamGroup,"TEAMGROUP Dark 8 GB",TDKED48G2666HC15ADC01,high
ram,TeamGroup,"TEAMGROUP Dark 8 GB",TDKED48G3000HC16ADC01,high
ram,TeamGroup,"TEAMGROUP Dark 8 GB",TDKED48G2800HC16ADC01,high
ram,G.SKILL,"G.Skill Ripjaws V 16 GB",F42800C15Q16GVRB,high
ram,G.SKILL,"G.Skill Ripjaws V 16 GB",F42800C15D16GVRB,high
ram,G.SKILL,"G.Skill Ripjaws V 32 GB",F42800C15Q32GVRB,high
ram,G.SKILL,"G.Skill Ripjaws V 16 GB",F43000C15Q16GVRB,high
ram,G.SKILL,"G.Skill Trident Z 8 GB",F42800C15D8GTZB,high
ram,Patriot,"Patriot Viper 4 8 GB",PV48G266C5K,high
ram,G.SKILL,"G.Skill Trident Z 8 GB",F43200C16D8GTZB,high
ram,G.SKILL,"G.Skill NS 16 GB",F4-2400C15D-16GNS,high
ram,G.SKILL,"G.Skill Ripjaws V 8 GB",F43000C15D8GVRB,high
ram,G.SKILL,"G.Skill Trident Z 8 GB",F43000C15D8GTZB,high
ram,G.SKILL,"G.Skill Ripjaws V 16 GB",F43200C16Q16GVKB,high
ram,Corsair,"Corsair Vengeance LPX 8 GB",CMK8GX4M2B3333C16,high
ram,G.SKILL,"G.Skill Trident Z 8 GB",F44133C19D8GTZ,high
ram,G.SKILL,"G.Skill Ripjaws V 8 GB",F42800C16D8GVR,high
ram,G.SKILL,"G.Skill Trident Z 8 GB",F43866C18D8GTZ,high
ram,G.SKILL,"G.Skill Trident Z 16 GB",F43733C17Q16GTZ,high
ram,G.SKILL,"G.Skill Ripjaws V 16 GB",F42800C16D16GVR,high
ram,TeamGroup,"TEAMGROUP T-Force Vulcan 16 GB",TLRD416G2400HC15BDC-S01,high
ram,G.SKILL,"G.Skill Trident Z Royal 64 GB",F4-2666C18D-64GTRG,high
ram,G.SKILL,"G.Skill Trident Z Royal 128 GB",F4-2666C18Q-128GTRG,high
ram,TeamGroup,"TEAMGROUP T-Force Vulcan 16 GB",TLRD416G2666HC18FDC-S01,high
ram,TeamGroup,"TEAMGROUP T-Force Vulcan 32 GB",TLRD432G2400HC15BDC-S01,high
ram,TeamGroup,"TEAMGROUP T-Force Vulcan 32 GB",TLRD432G2666HC18FDC-S01,high
ram,TeamGroup,"TEAMGROUP T-Force Vulcan 8 GB",TLRD48G2400HC15BDC-S01,high
ram,TeamGroup,"TEAMGROUP T-Force Vulcan 8 GB",TLRD48G2666HC18FDC-S01,high
ram,G.SKILL,"G.Skill Trident Z Royal 128 GB",F4-2666C18Q-128GTRS,high
ram,G.SKILL,"G.Skill Trident Z Royal 64 GB",F4-3200C16D-64GTRG,high
ram,G.SKILL,"G.Skill Ripjaws V 32 GB",F42800C16Q32GVR,high
ram,Corsair,"Corsair Vengeance LPX 16 GB",CMK16GX4M2C3000C15S,high
ram,G.SKILL,"G.Skill Trident Z 8 GB",F43466C16D8GTZ,high
ram,G.SKILL,"G.Skill Trident Z 8 GB",F43600C17D8GTZ,high
ram,G.SKILL,"G.Skill Trident Z 8 GB",F43733C17D8GTZ,high
ram,GeIL,"GeIL GLWW464GB2400C14QC 64 GB",GLWW464GB2400C14QC,low
ram,GeIL,"GeIL Super Luce 128 GB",GLWW4128GB2400C14DQC,high
ram,GeIL,"GeIL Super Luce 16 GB",GLWW416GB2666C15DC,high
ram,GeIL,"GeIL Super Luce 8 GB",GLWW48GB2400C15DC,high
ram,GeIL,"GeIL Super Luce 16 GB",GLW416GB2666C15DC,high
ram,GeIL,"GeIL Super Luce 8 GB",GLW48GB2400C15DC,high
ram,GeIL,"GeIL Super Luce 16 GB",GLWW416GB2400C15DC,high
ram,Corsair,"Corsair Vengeance LPX 8 GB",CMK8GX4M2A2800C16R,high
ram,GeIL,"GeIL Super Luce 32 GB",GLW432GB2400C14DC,high
ram,GeIL,"GeIL SUPER LUCE RGB SYNC 16 GB",GLWS416GB4133C19DC,high
ram,GeIL,"GeIL SUPER LUCE RGB SYNC 16 GB",GLS416GB4133C19DC,high
ram,GeIL,"GeIL SUPER LUCE RGB SYNC 16 GB",GLWS416GB3200C14DC,high
ram,G.SKILL,"G.Skill Ripjaws V 64 GB",F43000C15Q64GVR,high
ram,G.SKILL,"G.Skill Trident Z 16 GB",F43600C17Q16GTZ,high
ram,G.SKILL,"G.Skill Ripjaws V 16 GB",F43200C16Q16GVRB,high
ram,G.SKILL,"G.Skill Ripjaws V 64 GB",F42800C15Q64GVR,high
ram,G.SKILL,"G.Skill Ripjaws V 64 GB",F42133C15Q64GVR,high
ram,TeamGroup,"TEAMGROUP Night Hawk RGB Gen 2 16 GB",TF15D416G4000HC18JDC01,high
ram,TeamGroup,"TEAMGROUP Dark 8 GB",TDKED48G3200HC16ADC0,high
ram,Crucial,"Crucial Ballistix Tactical 4 GB",BLT4G4D26AFTA,high
ram,G.SKILL,"G.Skill Trident Z 8 GB",F44200C19D8GTZ,high
ram,TeamGroup,"TEAMGROUP T-Force Xtreem ARGB 16 GB",TF10D416G5066HC20BDC01,high
ram,G.SKILL,"G.Skill Trident Z 16 GB",F43000C15D16GTZ,high
ram,G.SKILL,"G.Skill Trident Z 32 GB",F43200C16Q32GTZ,high
ram,GeIL,"GeIL SUPER LUCE RGB SYNC 16 GB",GLS416GB3200C14DC,high
ram,GeIL,"GeIL SUPER LUCE RGB SYNC 16 GB",GLWS416GB3600C16ADC,high
ram,G.SKILL,"G.Skill Trident Z 8 GB",F43200C16D8GTZ,high
ram,Crucial,"Crucial Ballistix Tactical 8 GB",BLT2K4G4D26AFTA,high
ram,TeamGroup,"TEAMGROUP T-Force Delta RGB 16 GB",TF3D416G2400HC15B01,high
ram,TeamGroup,"TEAMGROUP T-Force Delta RGB 4 GB",TF3D44G2666HC15B01,high
ram,TeamGroup,"TEAMGROUP T-Force Delta RGB 16 GB",TF3D416G2666HC15B01,high
ram,TeamGroup,"TEAMGROUP T-Force Delta RGB 8 GB",TF3D48G2400HC15BDC01,high
ram,TeamGroup,"TEAMGROUP T-Force Delta RGB 32 GB",TF3D432G2666HC15BDC01,high
ram,TeamGroup,"TEAMGROUP T-Force Delta RGB 4 GB",TF4D44G2400HC15B01,high
ram,TeamGroup,"TEAMGROUP T-Force Delta RGB 8 GB",TF4D48G2400HC15B01,high
ram,TeamGroup,"TEAMGROUP T-Force Delta RGB 4 GB",TF4D44G2666HC15B01,high
ram,TeamGroup,"TEAMGROUP T-Force Delta RGB 8 GB",TF4D48G2666HC15B01,high
ram,TeamGroup,"TEAMGROUP T-Force Delta RGB 16 GB",TF4D416G2666HC15B01,high
ram,TeamGroup,"TEAMGROUP T-Force Delta RGB 8 GB",TF4D48G2400HC15BDC01,high
ram,TeamGroup,"TEAMGROUP T-Force Delta RGB 32 GB",TF4D432G2666HC15BDC01,high
ram,TeamGroup,"TEAMGROUP T-Force Delta RGB 8 GB",TF4D48G3000HC16CDC01,high
ram,TeamGroup,"TEAMGROUP T-Force Delta RGB 32 GB",TF4D432G3000HC16CDC01,high
ram,Corsair,"Corsair Dominator Platinum RGB 128 GB",CMT128GX4M8C3000C15,high
ram,GeIL,"GeIL SUPER HERO 8 GB",GLW48GB3466C16DK,high
ram,GeIL,"GeIL SUPER HERO 16 GB",GLW416GB3600C17QK,high
ram,GeIL,"GeIL SUPER HERO 16 GB",GLW416GB3466C16QK,high
ram,Patriot,"Patriot Viper 4 16 GB",PV416G266C5K,high
ram,GeIL,"GeIL Dragon RAM Combo 8 GB",GWW48GB3600C17DK,high
ram,GeIL,"GeIL SUPER HERO 8 GB",GLW48GB3600C17DK,high
ram,GeIL,"GeIL Dragon RAM Combo 8 GB",GWW48GB3466C16DK,high
ram,G.SKILL,"G.Skill Trident Z Royal 64 GB",F4-2666C18D-64GTRS,high
ram,Corsair,"Corsair Dominator Platinum 64 GB",CMD64GX4M4B2800C14,high
ram,G.SKILL,"G.Skill Trident Z Royal 32 GB",F4-4600C19D-32GTRS,high
ram,G.SKILL,"G.Skill Trident Z Royal 64 GB",F4-4400C19D-64GTRG,high
ram,G.SKILL,"G.Skill Trident Z Royal 128 GB",F4-2666C19Q-128GTRG,high
ram,TeamGroup,"TEAMGROUP T-Force Delta TUF Gaming Alliance 32 GB",TF9D432G3200HC16CDC01,high
ram,Patriot,"Patriot Signature Line 4 GB",PSD44G240081S,high
ram,G.SKILL,"G.Skill Trident Z Royal 64 GB",F4-2666C19D-64GTRS,high
ram,TeamGroup,"TEAMGROUP Elite Plus 4 GB",TPD44G2666HC1901,high
ram,TeamGroup,"TEAMGROUP Elite Plus 8 GB",TPD48G2666HC1901,high
ram,TeamGroup,"TEAMGROUP Elite Plus 8 GB",TPD48G2666HC19016,high
ram,TeamGroup,"TEAMGROUP Elite Plus 32 GB",TPD432G2666HC1901,high
ram,TeamGroup,"TEAMGROUP TPD44G3200HC2201 4 GB",TPD44G3200HC2201,low
ram,TeamGroup,"TEAMGROUP TPD48G3200HC22016 8 GB",TPD48G3200HC22016,low
ram,TeamGroup,"TEAMGROUP TPD432G3200HC2201 32 GB",TPD432G3200HC2201,low
ram,TeamGroup,"TEAMGROUP Elite Plus 4 GB",TPD44G2133HC1501,high
ram,TeamGroup,"TEAMGROUP Elite Plus 8 GB",TPD48G2133HC1501,high
ram,TeamGroup,"TEAMGROUP Elite Plus 16 GB",TPD416G2133HC1501,high
ram,TeamGroup,"TEAMGROUP Elite Plus 8 GB",TPD48G2400HC1601,high
ram,TeamGroup,"TEAMGROUP Elite Plus 32 GB",TPD432G2400HC1601,high
ram,TeamGroup,"TEAMGROUP Elite Plus 16 GB",TPD416G2400HC1602,high
ram,TeamGroup,"TEAMGROUP Elite Plus 32 GB",TPD432G2400HC1602,high
ram,TeamGroup,"TEAMGROUP Elite Plus 8 GB",TPD48G2400HC1602,high
ram,TeamGroup,"TEAMGROUP Elite Plus 16 GB",TPD416G2666HC1902,high
ram,TeamGroup,"TEAMGROUP Elite Plus 32 GB",TPD432G2666HC1902,high
ram,TeamGroup,"TEAMGROUP Elite Plus 4 GB",TPD44G3200HC2202,high
ram,TeamGroup,"TEAMGROUP Elite Plus 8 GB",TPD48G3200HC2202,high
ram,TeamGroup,"TEAMGROUP Elite Plus 4 GB",TPD44G2666HC1902,high
ram,TeamGroup,"TEAMGROUP Elite Plus 32 GB",TPD432G2133HC15DC01,high
ram,PNY,"PNY Anarchy 4 GB",MD4GSD4240015AR,high
ram,PNY,"PNY Anarchy 8 GB",MD8GK2D4213315AR,high
ram,PNY,"PNY Anarchy 4 GB",MD4GSD4240015AB,high
ram,PNY,"PNY Anarchy 16 GB",MD16GK4D4213315AB,high
ram,PNY,"PNY Anarchy X 16 GB",MD16GK4D4266615AXB,high
ram,PNY,"PNY Anarchy 8 GB",MD8GK2D4240015AR,high
ram,PNY,"PNY Anarchy 16 GB",MD16GK4D4240015AB,high
ram,G.SKILL,"G.Skill Trident Z Royal 128 GB",F4-3200C14Q2-128GTRG,high
ram,PNY,"PNY Anarchy 8 GB",MD8GSD4240015AB,high
ram,PNY,"PNY Anarchy 16 GB",MD16GK4D4240015AR,high
ram,PNY,"PNY Anarchy X 16 GB",MD16GK4D4280016AXB,high
ram,G.SKILL,"G.Skill Trident Z Royal 16 GB",F4-4800C18D-16GTRG,high
ram,G.SKILL,"G.Skill Trident Z Royal 64 GB",F4-3200C14Q2-64GTRS,high
ram,Corsair,"Corsair Dominator Platinum 16 GB",CMD16GX4M4B3666C18,high
ram,Corsair,"Corsair Vengeance LPX 16 GB",CMK16GX4M2C3333C16,high
ram,Corsair,"Corsair Vengeance RGB 16 GB",CMR16GX4M2Z2933C16,high
ram,GeIL,"GeIL Orion AMD Edition 32 GB",GAOR432GB3600C18BDC,high
ram,G.SKILL,"G.Skill Ripjaws V 8 GB",F43466C16D8GVK,high
ram,G.SKILL,"G.Skill Ripjaws V 16 GB",F43466C16Q16GVK,high
ram,G.SKILL,"G.Skill Ripjaws V 16 GB",F43600C17Q16GVK,high
ram,Corsair,"Corsair Vengeance LPX 64 GB",CMK64GX4M4C3333C16,high
ram,G.SKILL,"G.Skill Ripjaws V 32 GB",F42800C15Q32GVR,high
ram,G.SKILL,"G.Skill Ripjaws V 16 GB",F42666C15Q16GVR,high
ram,G.SKILL,"G.Skill Ripjaws V 32 GB",F42666C15Q32GVR,high
ram,G.SKILL,"G.Skill Ripjaws V 16 GB",F42800C15Q16GVR,high
ram,G.SKILL,"G.Skill Trident Z Royal Elite 128 GB",F4-3600C14Q2-128GTEGA,high
ram,G.SKILL,"G.Skill Trident Z Royal Elite 32 GB",F4-3600C14Q-32GTESA,high
ram,Corsair,"Corsair Vengeance RGB Pro 32 GB",CMW32GX4M4K3733C17,high
ram,G.SKILL,"G.Skill Trident Z Royal Elite 32 GB",F4-3600C16Q-32GTESC,high
ram,G.SKILL,"G.Skill Trident Z Royal Elite 32 GB",F4-4000C16D-32GTEG,high
ram,G.SKILL,"G.Skill Trident Z RGB 128 GB",F4-2400C15Q2-128GTZR,high
ram,G.SKILL,"G.Skill Trident Z RGB 64 GB",F4-2400C15Q2-64GTZR,high
ram,G.SKILL,"G.Skill Trident Z RGB 128 GB",F4-3200C14Q-128GTZR,high
ram,PNY,"PNY Performance 16 GB",MN16GSD42666,high
ram,G.SKILL,"G.Skill Trident Z RGB 64 GB",F4-4000C18Q2-64GTZR,high
ram,G.SKILL,"G.Skill Trident Z Royal 64 GB",F4-3600C14Q-64GTRG,high
ram,Patriot,"Patriot PSD48G2133K 8 GB",PSD48G2133K,low
ram,G.SKILL,"G.Skill F4-3200C16Q2-64GTZSK 64 GB",F4-3200C16Q2-64GTZSK,low
ram,G.SKILL,"G.Skill F4-3200C16Q2-64GTZKW 64 GB",F4-3200C16Q2-64GTZKW,low
ram,G.SKILL,"G.Skill F4-3600C16Q2-64GTZSW 64 GB",F4-3600C16Q2-64GTZSW,low
ram,G.SKILL,"G.Skill F4-3600C17Q2-128GTZSW 128 GB",F4-3600C17Q2-128GTZSW,low
ram,G.SKILL,"G.Skill F4-3600C17Q2-128GTZKK 128 GB",F4-3600C17Q2-128GTZKK,low
ram,Patriot,"Patriot Signature Line 8 GB",PSD48G24002H,high
ram,TeamGroup,"TEAMGROUP TDWED416G3000HC16AQC01 16 GB",TDWED416G3000HC16AQC01,low
ram,Thermaltake,"Thermaltake TOUGHRAM 16 GB",R017D408GX2-3200C16A,high
ram,Thermaltake,"Thermaltake TOUGHRAM 16 GB",R017D408GX2-4266C19A,high
ram,Thermaltake,"Thermaltake TOUGHRAM 16 GB",R017D408GX2-4400C19A,high
ram,Thermaltake,"Thermaltake TOUGHRAM 16 GB",R020D408GX2-3200C16A,high
ram,Thermaltake,"Thermaltake TOUGHRAM 16 GB",R020D408GX2-4266C19A,high
ram,Corsair,"Corsair Dominator Platinum 8 GB",CMD8GX4M2A2666C15,high
ram,Thermaltake,"Thermaltake TOUGHRAM RGB 16 GB",R009D408GX2-4266C19A,high
ram,Thermaltake,"Thermaltake TOUGHRAM RGB 16 GB",R022D408GX2-4000C19A,high
ram,Thermaltake,"Thermaltake TOUGHRAM RGB 16 GB",R022D408GX2-4266C19A,high
ram,Corsair,"Corsair Dominator Platinum 16 GB",CMD16GX4M4B3600C18,high
ram,Crucial,"Crucial Ballistix Tactical 8 GB",BLT8G4D26AFTA,high
ram,Corsair,"Corsair ValueSelect 4 GB",CMSO4GX4M1A2133C15,high
ram,Corsair,"Corsair Vengeance RGB Pro 64 GB",CMW64GX4M8A2666C16,high
ram,Corsair,"Corsair Vengeance RGB Pro 64 GB",CMW64GX4M8A2666C16W,high
ram,Corsair,"Corsair Vengeance RGB Pro 64 GB",CMW64GX4M8X3600C18W,high
ram,G.SKILL,"G.Skill Trident Z Royal 64 GB",F4-3200C14D-64GTRG,high
ram,TeamGroup,"TEAMGROUP T-Force Xtreem ARGB 16 GB",TF13D416G4800HC20ADC01,high
ram,Corsair,"Corsair Vengeance RGB Pro 64 GB",CMW64GX4M8C3200C16W,high
ram,Corsair,"Corsair Vengeance RGB Pro 64 GB",CMW64GX4M8C3200C16,high
ram,Corsair,"Corsair Vengeance LPX 16 GB",CMK16GX4M4B3333C16,high
ram,G.SKILL,"G.Skill Trident Z 16 GB",F43600C17D16GTZ,high
ram,G.SKILL,"G.Skill Ripjaws 32 GB",F42666C18Q32GRS,high
ram,G.SKILL,"G.Skill Ripjaws 16 GB",F42666C18D16GRS,high
ram,G.SKILL,"G.Skill Ripjaws 64 GB",F42133C15Q64GRS,high
ram,G.SKILL,"G.Skill Ripjaws 32 GB",F42133C15Q32GRS,high
ram,G.SKILL,"G.Skill Ripjaws 8 GB",F42666C18S8GRS,high
ram,G.SKILL,"G.Skill Ripjaws 32 GB",F42400C16Q32GRS,high
ram,G.SKILL,"G.Skill Ripjaws 64 GB",F42666C18Q64GRS,high
ram,Corsair,"Corsair Vengeance LED 64 GB",CMU64GX4M4D3000C16,high
ram,Corsair,"Corsair Dominator Platinum 8 GB",CMD8GX4M2B3600C18,high
ram,Corsair,"Corsair Dominator Platinum 8 GB",CMD8GX4M2B3466C18,high
ram,TeamGroup,"TEAMGROUP T-Force Xtreem ARGB 16 GB",TF10D416G3200HC16CDC01,high
ram,TeamGroup,"TEAMGROUP Night Hawk RGB 16 GB",TF1D416G2800HC16CDC01,high
ram,TeamGroup,"TEAMGROUP Night Hawk RGB 16 GB",TF1D416G3000HC16CDC01,high
ram,TeamGroup,"TEAMGROUP Night Hawk RGB 16 GB",TF2D416G2666HC15BDC01,high
ram,TeamGroup,"TEAMGROUP Night Hawk RGB 16 GB",TF2D416G2800HC16CDC01,high
ram,G.SKILL,"G.Skill Trident Z Neo 128 GB",F4-3600C14Q2-128GTZN,high
ram,G.SKILL,"G.Skill Ripjaws 8 GB",F42133C15S8GRSB,high
ram,G.SKILL,"G.Skill Ripjaws 8 GB",F42400C16S8GRSB,high
ram,G.SKILL,"G.Skill Sniper X 16 GB",F4-3466C18D-16GSXW,high
ram,Corsair,"Corsair Vengeance LPX 16 GB",CMK16GX4M2B3466C16R,high
ram,Corsair,"Corsair Dominator Platinum 16 GB",CMD16GX4M4C3200C16,high
ram,Corsair,"Corsair Dominator Platinum 16 GB",CMD16GX4M4C3200C15,high
ram,Corsair,"Corsair Dominator Platinum 16 GB",CMD16GX4M4B3200C16R,high
ram,G.SKILL,"G.Skill Ripjaws 4 GB",F42666C18S4GRS,high
ram,G.SKILL,"G.Skill Ripjaws 8 GB",F42666C18D8GRS,high
ram,G.SKILL,"G.Skill Ripjaws 32 GB",F42800C18Q32GRS,high
ram,G.SKILL,"G.Skill Ripjaws 64 GB",F42800C18Q64GRS,high
ram,GeIL,"GeIL EVO POTENZA 16 GB",GPR416GB2133C15DC,high
ram,GeIL,"GeIL EVO POTENZA 16 GB",GPR416GB3000C15DC,high
ram,G.SKILL,"G.Skill Trident Z Royal 16 GB",F4-4800C20D-32GTRS,high
ram,Crucial,"Crucial Ballistix Sport LT 16 GB",BLS2K8G4S240FSDK,high
ram,Crucial,"Crucial Ballistix Sport LT 16 GB",BLS4K8G4D26BFSE,high
ram,G.SKILL,"G.Skill Ripjaws 32 GB",F42800C18D32GRS,high
ram,G.SKILL,"G.Skill Ripjaws 8 GB",F42800C18S8GRS,high
ram,G.SKILL,"G.Skill Ripjaws 16 GB",F42800C18D16GRS,high
ram,G.SKILL,"G.Skill Ripjaws 16 GB",F42800C18S16GRS,high
ram,G.SKILL,"G.Skill Ripjaws V 8 GB",F43733C17D8GVK,high
ram,G.SKILL,"G.Skill Trident Z 64 GB",F43200C14Q64GTZ,high
ram,G.SKILL,"G.Skill Trident Z 64 GB",F43200C15Q64GTZ,high
ram,G.SKILL,"G.Skill Trident Z 32 GB",F43000C14D32GTZ,high
ram,G.SKILL,"G.Skill Trident Z 32 GB",F43200C15Q32GTZ,high
ram,G.SKILL,"G.Skill Ripjaws V 64 GB",F42800C14Q64GVK,high
ram,G.SKILL,"G.Skill Trident Z 16 GB",F43200C15D16GTZ,high
ram,G.SKILL,"G.Skill Ripjaws V 64 GB",F43200C14Q64GVK,high
ram,G.SKILL,"G.Skill Ripjaws V 32 GB",F43200C15D32GVK,high
ram,G.SKILL,"G.Skill Ripjaws V 64 GB",F43000C14Q64GVK,high
ram,G.SKILL,"G.Skill Ripjaws V 32 GB",F43200C15Q32GVK,high
ram,G.SKILL,"G.Skill Trident Z 32 GB",F43000C14Q32GTZ,high
ram,Corsair,"Corsair Vengeance LPX 16 GB",CMK16GX4M4B3733C17,high
ram,Corsair,"Corsair Vengeance LPX 8 GB",CMK8GX4M2B3866C18,high
ram,Corsair,"Corsair Vengeance LPX 8 GB",CMK8GX4M2B3733C17,high
ram,Corsair,"Corsair Vengeance LPX 8 GB",CMK8GX4M2B3866C18R,high
ram,G.SKILL,"G.Skill Ripjaws V 32 GB",F43000C14D32GVR,high
ram,G.SKILL,"G.Skill Ripjaws V 32 GB",F43200C15Q32GVR,high
ram,G.SKILL,"G.Skill Ripjaws V 32 GB",F43200C14Q32GVR,high
ram,GeIL,"GeIL Super Luce 16 GB",GLB416GB2400C15DC,high
ram,GeIL,"GeIL Super Luce 16 GB",GLWR416GB2400C15DC,high
ram,GeIL,"GeIL Super Luce 16 GB",GLWB416GB2400C15DC,high
ram,GeIL,"GeIL Super Luce 16 GB",GLB416GB3000C16DC,high
ram,GeIL,"GeIL Super Luce 16 GB",GLR416GB3000C16DC,high
ram,GeIL,"GeIL Super Luce 16 GB",GLWR416GB3000C16DC,high
ram,GeIL,"GeIL Super Luce 16 GB",GLWW416GB3000C16DC,high
ram,GeIL,"GeIL Super Luce 16 GB",GLWB416GB3000C16DC,high
ram,Corsair,"Corsair Vengeance LPX 16 GB",CMK16GX4M4A2400C16R,high
ram,GeIL,"GeIL EVO POTENZA 8 GB",GPR48GB4000C19DC,high
ram,GeIL,"GeIL Super Luce 16 GB",GLWW416GB3200C16DC,high
ram,GeIL,"GeIL Super Luce 16 GB",GLR416GB3200C16DC,high
ram,Corsair,"Corsair Vengeance LPX 64 GB",CMK64GX4M8B2800C14,high
ram,Corsair,"Corsair Vengeance LPX 128 GB",CMK128GX4M8B3000C16,high
ram,Corsair,"Corsair Vengeance LPX 64 GB",CMK64GX4M4B3333C16,high
ram,GeIL,"GeIL EVO POTENZA 8 GB",GPR48GB3000C15ADC,high
ram,GeIL,"GeIL Super Luce 16 GB",GLWB416GB3200C16DC,high
ram,GeIL,"GeIL Super Luce 16 GB",GLWR416GB3200C16DC,high
ram,GeIL,"GeIL Super Luce 16 GB",GLB416GB3200C16DC,high
ram,Corsair,"Corsair Dominator Platinum 32 GB",CMD32GX4M4B3333C16,high
ram,Corsair,"Corsair Vengeance LPX 8 GB",CMK8GX4M2B4133C19R,high
ram,GeIL,"GeIL Super Luce 16 GB",GLW416GB2800C16DC,high
ram,GeIL,"GeIL Super Luce 16 GB",GLWR416GB2800C16DC,high
ram,GeIL,"GeIL Super Luce 16 GB",GLWW416GB2800C16DC,high
ram,GeIL,"GeIL Super Luce 16 GB",GLB416GB2800C16DC,high
ram,GeIL,"GeIL Super Luce 16 GB",GLR416GB2800C16DC,high
ram,GeIL,"GeIL Dragon RAM 8 GB",GWW48GB3466C16DC,high
ram,GeIL,"GeIL Super Luce 16 GB",GLW416GB3200C16DC,high
ram,GeIL,"GeIL EVO POTENZA 32 GB",GPR432GB2400C14DC,high
ram,GeIL,"GeIL Dragon RAM 8 GB",GWW48GB4133C19DC,high
ram,GeIL,"GeIL POTENZA 32 GB",GPR432GB3000C16QC,high
ram,G.SKILL,"G.Skill Trident Z 16 GB",F44133C19D16GTZ,high
ram,GeIL,"GeIL EVO POTENZA 16 GB",GPR416GB3000C16DC,high
ram,G.SKILL,"G.Skill Ripjaws V 64 GB",F43400C16Q64GVR,high
ram,G.SKILL,"G.Skill Ripjaws V 64 GB",F43400C16Q64GVK,high
ram,G.SKILL,"G.Skill Trident Z 16 GB",F43733C17D16GTZA,high
ram,G.SKILL,"G.Skill Trident Z 64 GB",F43400C16Q64GTZ,high
ram,TeamGroup,"TEAMGROUP T-Force Dark 16 GB",TDRED416G2666HC15BDC01,high
ram,TeamGroup,"TEAMGROUP Xtreem 8 GB",TXD48G3866HC18ADC01,high
ram,TeamGroup,"TEAMGROUP Xtreem 8 GB",TXD48G3733HC17ADC01,high
ram,Patriot,"Patriot Signature Line 8 GB",PSD48G240081S,high
ram,TeamGroup,"TEAMGROUP XCalibur Phantom Gaming RGB 16 GB",TF8D416G4000HC18EDC01,high
ram,TeamGroup,"TEAMGROUP XCalibur Phantom Gaming RGB 16 GB",TF8D416G3600HC18EDC01,high
ram,TeamGroup,"TEAMGROUP XCalibur Phantom Gaming RGB 16 GB",TF8D416G3200HC16CDC01,high
ram,G.SKILL,"G.Skill Ripjaws V 128 GB",F43000C14Q2128GVKD,high
ram,G.SKILL,"G.Skill Ripjaws V 128 GB",F43000C14Q2128GVRD,high
ram,TeamGroup,"TEAMGROUP Dark Pro 16 GB",TDPRD416G3000HC15ADC,high
ram,TeamGroup,"TEAMGROUP Dark Pro 8 GB",TDPRD48G3200HC16ADC0,high
ram,TeamGroup,"TEAMGROUP Dark Pro 8 GB",TDPRD48G3333HC17CDC0,high
ram,TeamGroup,"TEAMGROUP Dark Pro 16 GB",TDPRD416G3333HC17CDC,high
ram,TeamGroup,"TEAMGROUP Dark Pro 8 GB",TDPRD48G3000HC15ADC0,high
ram,TeamGroup,"TEAMGROUP Dark Pro 16 GB",TDPRD416G3200HC16ADC,high
ram,Crucial,"Crucial Ballistix Sport LT 32 GB",BLS4K8G4D240FSC,high
ram,G.SKILL,"G.Skill Aegis 16 GB",F4-2400C15Q-16GIS,high
ram,Corsair,"Corsair Vengeance LPX 16 GB",CMK16GX4M4C3200C15,high
ram,G.SKILL,"G.Skill Trident Z 32 GB",F4-3200C15D-32GTZKO,high
ram,TeamGroup,"TEAMGROUP Dark 8 GB",TDGED48G2400HC14DC01,high
ram,Patriot,"Patriot Signature Line 16 GB",814914023471,high
ram,Corsair,"Corsair Vengeance Performance 64 GB",CMSX64GX4M4A2400C16,high
ram,TeamGroup,"TEAMGROUP T-Force Dark Z 32 GB",TDZGD432G3600HC18JDC01,high
ram,Corsair,"Corsair Vengeance LPX 8 GB",CMK8GX4M2B4200C19R,high
ram,Corsair,"Corsair Vengeance RGB 64 GB",CMR64GX4M4A2666C16,high
ram,Corsair,"Corsair Dominator Platinum 64 GB",CMD64GX4M8B3200C16,high
ram,Corsair,"Corsair Dominator Platinum 64 GB",CMD64GX4M4B3333C16,high
ram,Corsair,"Corsair Dominator Platinum 8 GB",CMD8GX4M2B3733C17,high
ram,Corsair,"Corsair Dominator Platinum 32 GB",CMD32GX4M4B2400C10,high
ram,G.SKILL,"G.Skill Trident Z Royal Elite 16 GB",F4-4600C20D-32GTES,high
ram,G.SKILL,"G.Skill Ripjaws V 64 GB",F43200C15Q264GVR,high
ram,G.SKILL,"G.Skill Ripjaws V 64 GB",F43000C15Q264GVR,high
ram,G.SKILL,"G.Skill Ripjaws V 16 GB",F43333C16D16GVR,high
ram,G.SKILL,"G.Skill Ripjaws V 32 GB",F43333C16D32GVR,high
ram,G.SKILL,"G.Skill Ripjaws V 64 GB",F43200C16Q264GVR,high
ram,G.SKILL,"G.Skill Trident Z 64 GB",F43000C14Q264GTZ,high
ram,G.SKILL,"G.Skill Trident Z 16 GB",F43333C16D16GTZ,high
ram,G.SKILL,"G.Skill Trident Z 32 GB",F43333C16Q32GTZ,high
ram,G.SKILL,"G.Skill Ripjaws V 32 GB",F43333C16Q32GVK,high
ram,TeamGroup,"TEAMGROUP Vulcan 8 GB",TLRED48G3000HC16ADC01,high
ram,G.SKILL,"G.Skill Ripjaws V 64 GB",F43000C14Q264GVK,high
ram,G.SKILL,"G.Skill Ripjaws V 16 GB",F43466C16D16GVK,high
ram,G.SKILL,"G.Skill Ripjaws V 64 GB",F43200C14Q264GVK,high
ram,G.SKILL,"G.Skill Ripjaws V 32 GB",F43333C16D32GVK,high
ram,G.SKILL,"G.Skill Trident Z 16 GB",F43466C16D16GTZ,high
ram,G.SKILL,"G.Skill Ripjaws V 64 GB",F43333C16Q64GVR,high
ram,G.SKILL,"G.Skill Ripjaws V 16 GB",F43466C16D16GVR,high
ram,G.SKILL,"G.Skill Trident Z 32 GB",F43466C16Q32GTZ,high
ram,TeamGroup,"TEAMGROUP Vulcan 16 GB",TLRED416G3000HC15ADC01,high
ram,G.SKILL,"G.Skill Ripjaws V 32 GB",F43333C16Q32GVR,high
ram,G.SKILL,"G.Skill Ripjaws V 64 GB",F43333C16Q64GVK,high
ram,G.SKILL,"G.Skill Trident Z 64 GB",F43333C16Q64GTZ,high
ram,TeamGroup,"TEAMGROUP Elite Plus 16 GB",TPD416G2133HC15QC01,high
ram,TeamGroup,"TEAMGROUP Elite Plus 32 GB",TPD432G2133HC15QC01,high
ram,TeamGroup,"TEAMGROUP Elite Plus 16 GB",TPD416G2400HC16QC01,high
ram,TeamGroup,"TEAMGROUP Elite Plus 32 GB",TPD432G2400HC16QC01,high
ram,Crucial,"Crucial Ballistix 64 GB",BL2K32G32C16U4R,high
ram,Crucial,"Crucial Ballistix RGB 64 GB",BL2K32G32C16U4RL,high
ram,TeamGroup,"TEAMGROUP Elite Plus 64 GB",TPD464G2400HC16DC02,high
ram,TeamGroup,"TEAMGROUP Elite Plus 8 GB",TPD48G2666HC19DC02,high
ram,TeamGroup,"TEAMGROUP Elite Plus 16 GB",TPD416G2666HC19DC02,high
ram,TeamGroup,"TEAMGROUP Elite Plus 8 GB",TPD48G3200HC22DC02,high
ram,TeamGroup,"TEAMGROUP Elite Plus 64 GB",TPD464G3200HC22DC02,high
ram,TeamGroup,"TEAMGROUP Elite Plus 16 GB",TPD416G2666HC19DC026,high
ram,TeamGroup,"TEAMGROUP Elite Plus 32 GB",TPD432G2666HC19DC02,high
ram,TeamGroup,"TEAMGROUP Elite Plus 64 GB",TPD464G2666HC19DC02,high
ram,TeamGroup,"TEAMGROUP Elite Plus 16 GB",TPRD416G2133HC1501,high
ram,TeamGroup,"TEAMGROUP Elite Plus 16 GB",TPD416G3200HC22DC026,high
ram,TeamGroup,"TEAMGROUP Elite Plus 4 GB",TPRD44G2133HC1501,high
ram,TeamGroup,"TEAMGROUP Elite Plus 8 GB",TPRD48G2133HC1501,high
ram,TeamGroup,"TEAMGROUP Elite Plus 8 GB",TPRD48G2666HC19016,high
ram,TeamGroup,"TEAMGROUP Elite Plus 32 GB",TPRD432G2666HC1901,high
ram,TeamGroup,"TEAMGROUP TPRD44G3200HC2201 4 GB",TPRD44G3200HC2201,low
ram,TeamGroup,"TEAMGROUP TPRD48G3200HC2201 8 GB",TPRD48G3200HC2201,low
ram,TeamGroup,"TEAMGROUP TPRD48G3200HC22016 8 GB",TPRD48G3200HC22016,low
ram,TeamGroup,"TEAMGROUP TPRD432G3200HC2201 32 GB",TPRD432G3200HC2201,low
ram,TeamGroup,"TEAMGROUP Elite Plus 4 GB",TPRD44G2400HC1602,high
ram,TeamGroup,"TEAMGROUP Elite Plus 32 GB",TPRD432G2400HC1602,high
ram,TeamGroup,"TEAMGROUP Elite Plus 4 GB",TPRD44G2666HC1902,high
ram,TeamGroup,"TEAMGROUP Elite Plus 8 GB",TPRD48G2666HC1902,high
ram,TeamGroup,"TEAMGROUP Elite Plus 8 GB",TPRD48G2666HC19026,high
ram,TeamGroup,"TEAMGROUP Elite Plus 16 GB",TPRD416G2666HC1902,high
ram,TeamGroup,"TEAMGROUP Elite Plus 32 GB",TPRD432G2666HC1902,high
ram,TeamGroup,"TEAMGROUP Elite Plus 4 GB",TPRD44G3200HC2202,high
ram,TeamGroup,"TEAMGROUP Elite Plus 8 GB",TPRD48G3200HC2202,high
ram,TeamGroup,"TEAMGROUP Elite Plus 8 GB",TPRD48G3200HC22026,high
ram,TeamGroup,"TEAMGROUP Elite Plus 16 GB",TPRD416G2133HC15DC01,high
ram,TeamGroup,"TEAMGROUP Elite Plus 16 GB",TPRD416G3200HC2202,high
ram,TeamGroup,"TEAMGROUP Elite Plus 32 GB",TPRD432G3200HC2202,high
ram,TeamGroup,"TEAMGROUP Elite Plus 32 GB",TPRD432G2133HC15DC01,high
ram,TeamGroup,"TEAMGROUP Elite Plus 16 GB",TPRD416G2133HC15QC01,high
ram,TeamGroup,"TEAMGROUP Elite Plus 32 GB",TPRD432G2400HC16DC01,high
ram,TeamGroup,"TEAMGROUP Elite Plus 32 GB",TPRD432G2400HC16QC01,high
ram,TeamGroup,"TEAMGROUP Elite Plus 16 GB",TPRD416G2666HC19DC016,high
ram,TeamGroup,"TEAMGROUP Elite Plus 32 GB",TPRD432G2666HC19DC01,high
ram,TeamGroup,"TEAMGROUP Elite Plus 64 GB",TPRD464G2666HC19DC01,high
ram,TeamGroup,"TEAMGROUP Elite Plus 16 GB",TPRD416G2666HC19QC01,high
ram,TeamGroup,"TEAMGROUP Elite Plus 32 GB",TPRD432G2666HC19QC01,high
ram,TeamGroup,"TEAMGROUP Elite Plus 16 GB",TPRD416G3200HC22DC01,high
ram,TeamGroup,"TEAMGROUP Elite Plus 64 GB",TPRD464G2400HC16DC02,high
ram,TeamGroup,"TEAMGROUP Elite Plus 64 GB",TPRD464G3200HC22DC01,high
ram,TeamGroup,"TEAMGROUP Elite Plus 8 GB",TPRD48G2400HC16DC02,high
ram,TeamGroup,"TEAMGROUP Elite Plus 16 GB",TPRD416G2666HC19DC026,high
ram,TeamGroup,"TEAMGROUP Elite Plus 32 GB",TPRD432G2666HC19DC02,high
ram,TeamGroup,"TEAMGROUP Elite Plus 64 GB",TPRD464G2666HC19DC02,high
ram,TeamGroup,"TEAMGROUP Elite Plus 8 GB",TPRD48G3200HC22DC02,high
ram,TeamGroup,"TEAMGROUP Elite Plus 32 GB",TPRD432G2400HC16DC02,high
ram,TeamGroup,"TEAMGROUP Elite Plus 16 GB",TPRD416G3200HC22DC02,high
ram,TeamGroup,"TEAMGROUP Elite Plus 64 GB",TPRD464G3200HC22DC02,high
ram,Patriot,"Patriot Signature Line 4 GB",PSD44G240082S,high
ram,G.SKILL,"G.Skill Trident Z Royal 32 GB",F4-4266C19D-32GTRS,high
ram,GeIL,"GeIL EVO X II AMD 4 GB",GAEXSY44GB2400C16SC,high
ram,GeIL,"GeIL EVO X II AMD 8 GB",GAEXSY48GB2400C16SC,high
ram,GeIL,"GeIL EVO X II AMD 8 GB",GAEXSY48GB2400C17SC,high
ram,GeIL,"GeIL EVO X II AMD 4 GB",GAEXSY44GB2666C19SC,high
ram,GeIL,"GeIL EVO X II AMD 8 GB",GAEXSY48GB2666C19SC,high
ram,GeIL,"GeIL EVO X II AMD 4 GB",GAEXSY44GB3000C16ASC,high
ram,GeIL,"GeIL EVO X II AMD 8 GB",GAEXSY48GB3000C16ASC,high
ram,GeIL,"GeIL EVO X II AMD 16 GB",GAEXSY416GB3000C16ASC,high
ram,GeIL,"GeIL EVO X II AMD 8 GB",GAEXSY48GB3000C18ASC,high
ram,GeIL,"GeIL EVO X II AMD 4 GB",GAEXSY44GB3200C16ASC,high
ram,GeIL,"GeIL EVO X II AMD 16 GB",GAEXSY416GB3200C16ASC,high
ram,GeIL,"GeIL EVO X II AMD 16 GB",GAEXSY416GB3200C16BSC,high
ram,GeIL,"GeIL EVO X II AMD 8 GB",GAEXSY48GB3200C18ASC,high
ram,GeIL,"GeIL EVO X II AMD 16 GB",GAEXSY416GB3200C18ASC,high
ram,GeIL,"GeIL EVO X II AMD 4 GB",GAEXSY44GB3200C22SC,high
ram,GeIL,"GeIL EVO X II AMD 8 GB",GAEXSY48GB3200C22SC,high
ram,GeIL,"GeIL EVO X II AMD 16 GB",GAEXSY416GB3200C22SC,high
ram,GeIL,"GeIL EVO X II AMD 4 GB",GAEXSY44GB3600C14ASC,high
ram,GeIL,"GeIL EVO X II AMD 8 GB",GAEXSY48GB3600C14ASC,high
ram,GeIL,"GeIL EVO X II AMD 4 GB",GAEXSY44GB3600C16ASC,high
ram,GeIL,"GeIL EVO X II AMD 8 GB",GAEXSY48GB3600C16ASC,high
ram,GeIL,"GeIL EVO X II AMD 4 GB",GAEXSY44GB3600C16BSC,high
ram,GeIL,"GeIL EVO X II AMD 8 GB",GAEXSY48GB3600C16BSC,high
ram,GeIL,"GeIL EVO X II AMD 4 GB",GAEXSY44GB3600C18ASC,high
ram,GeIL,"GeIL EVO X II AMD 8 GB",GAEXSY48GB3600C18ASC,high
ram,GeIL,"GeIL EVO X II AMD 16 GB",GAEXSY416GB3600C18ASC,high
ram,GeIL,"GeIL EVO X II AMD 4 GB",GAEXSY44GB3600C18BSC,high
ram,GeIL,"GeIL EVO X II AMD 8 GB",GAEXSY48GB3600C18BSC,high
ram,GeIL,"GeIL EVO X II AMD 16 GB",GAEXSY416GB3600C18BSC,high
ram,GeIL,"GeIL EVO X II AMD 32 GB",GAEXSY432GB3600C18BSC,high
ram,GeIL,"GeIL EVO X II AMD 4 GB",GAEXSY44GB4000C18ASC,high
ram,GeIL,"GeIL EVO X II AMD 8 GB",GAEXSY48GB4000C18ASC,high
ram,GeIL,"GeIL EVO X II AMD 4 GB",GAEXSW44GB2400C16SC,high
ram,GeIL,"GeIL EVO X II AMD 8 GB",GAEXSW48GB2400C16SC,high
ram,GeIL,"GeIL EVO X II AMD 16 GB",GAEXSW416GB2400C16SC,high
ram,GeIL,"GeIL EVO X II AMD 4 GB",GAEXSW44GB2400C17SC,high
ram,GeIL,"GeIL EVO X II AMD 8 GB",GAEXSW48GB2400C17SC,high
ram,GeIL,"GeIL EVO X II AMD 16 GB",GAEXSW416GB2400C17SC,high
ram,GeIL,"GeIL EVO X II AMD 4 GB",GAEXSW44GB2666C19SC,high
ram,GeIL,"GeIL EVO X II AMD 8 GB",GAEXSW48GB2666C19SC,high
ram,GeIL,"GeIL EVO X II AMD 16 GB",GAEXSW416GB2666C19SC,high
ram,GeIL,"GeIL EVO X II AMD 4 GB",GAEXSW44GB3000C16ASC,high
ram,GeIL,"GeIL EVO X II AMD 8 GB",GAEXSW48GB3000C16ASC,high
ram,GeIL,"GeIL EVO X II AMD 16 GB",GAEXSW416GB3000C16ASC,high
ram,GeIL,"GeIL EVO X II AMD 8 GB",GAEXSW48GB3000C18ASC,high
ram,GeIL,"GeIL EVO X II AMD 4 GB",GAEXSW44GB3200C16ASC,high
ram,GeIL,"GeIL EVO X II AMD 8 GB",GAEXSW48GB3200C16ASC,high
ram,GeIL,"GeIL EVO X II AMD 16 GB",GAEXSW416GB3200C16ASC,high
ram,GeIL,"GeIL EVO X II AMD 16 GB",GAEXSW416GB3200C16BSC,high
ram,GeIL,"GeIL EVO X II AMD 8 GB",GAEXSW48GB3200C18ASC,high
ram,GeIL,"GeIL EVO X II AMD 4 GB",GAEXSW44GB3200C22SC,high
ram,GeIL,"GeIL EVO X II AMD 8 GB",GAEXSW48GB3200C22SC,high
ram,GeIL,"GeIL EVO X II AMD 16 GB",GAEXSW416GB3200C22SC,high
ram,GeIL,"GeIL EVO X II AMD 4 GB",GAEXSW44GB3600C16ASC,high
ram,GeIL,"GeIL EVO X II AMD 8 GB",GAEXSW48GB3600C16ASC,high
ram,GeIL,"GeIL EVO X II AMD 4 GB",GAEXSW44GB3600C18ASC,high
ram,GeIL,"GeIL EVO X II AMD 8 GB",GAEXSW48GB3600C18ASC,high
ram,GeIL,"GeIL EVO X II AMD 16 GB",GAEXSW416GB3600C18ASC,high
ram,GeIL,"GeIL EVO X II AMD 4 GB",GAEXSW44GB3600C18BSC,high
ram,GeIL,"GeIL EVO X II AMD 8 GB",GAEXSW48GB3600C18BSC,high
ram,GeIL,"GeIL EVO X II AMD 8 GB",GAEXSW48GB4000C20ASC,high
ram,GeIL,"GeIL EVO X II AMD 8 GB",GAEXSY48GB2400C16DC,high
ram,GeIL,"GeIL EVO X II AMD 16 GB",GAEXSY416GB2400C16DC,high
ram,GeIL,"GeIL EVO X II AMD 32 GB",GAEXSY432GB2400C16DC,high
ram,GeIL,"GeIL EVO X II AMD 8 GB",GAEXSY48GB2400C17DC,high
ram,GeIL,"GeIL EVO X II AMD 32 GB",GAEXSY416GB2666C19DC,high
ram,GeIL,"GeIL EVO X II AMD 16 GB",GAEXSY416GB2400C17DC,high
ram,GeIL,"GeIL EVO X II AMD 8 GB",GAEXSY48GB3000C16ADC,high
ram,GeIL,"GeIL EVO X II AMD 32 GB",GAEXSY432GB2400C17DC,high
ram,GeIL,"GeIL EVO X II AMD 64 GB",GAEXSY432GB2666C19DC,high
ram,GeIL,"GeIL EVO X II AMD 16 GB",GAEXSY416GB3000C18ADC,high
ram,GeIL,"GeIL EVO X II AMD 16 GB",GAEXSY416GB3200C16BDC,high
ram,GeIL,"GeIL EVO X II AMD 32 GB",GAEXSY432GB3200C16BDC,high
ram,GeIL,"GeIL EVO X II AMD 16 GB",GAEXSY416GB3200C18ADC,high
ram,GeIL,"GeIL EVO X II AMD 64 GB",GAEXSY464GB3200C18BDC,high
ram,GeIL,"GeIL EVO X II AMD 8 GB",GAEXSY48GB3200C22DC,high
ram,GeIL,"GeIL EVO X II AMD 16 GB",GAEXSY416GB3200C22DC,high
ram,GeIL,"GeIL EVO X II AMD 32 GB",GAEXSY432GB3200C22DC,high
ram,GeIL,"GeIL EVO X II AMD 8 GB",GAEXSY48GB3600C14ADC,high
ram,GeIL,"GeIL Super Luce 16 GB",GLWS416GB3200C16ADC,high
ram,GeIL,"GeIL EVO X II AMD 16 GB",GAEXSY416GB3600C14ADC,high
ram,GeIL,"GeIL EVO X II AMD 16 GB",GAEXSY416GB3600C16ADC,high
ram,GeIL,"GeIL EVO X II AMD 8 GB",GAEXSY48GB3600C16BDC,high
ram,GeIL,"GeIL EVO X II AMD 16 GB",GAEXSY416GB3600C16BDC,high
ram,GeIL,"GeIL EVO X II AMD 8 GB",GAEXSY48GB3600C18ADC,high
ram,GeIL,"GeIL EVO X II AMD 32 GB",GAEXSY432GB3600C18ADC,high
ram,GeIL,"GeIL EVO X II AMD 8 GB",GAEXSY48GB3600C18BDC,high
ram,GeIL,"GeIL EVO X II AMD 32 GB",GAEXSY432GB3600C18BDC,high
ram,GeIL,"GeIL EVO X II AMD 64 GB",GAEXSY464GB3600C18BDC,high
ram,GeIL,"GeIL Super Luce 16 GB",GLR416GB3000C15ADC,high
ram,GeIL,"GeIL EVO X II AMD 8 GB",GAEXSY48GB4000C18ADC,high
ram,GeIL,"GeIL EVO X II AMD 16 GB",GAEXSY416GB4000C18BDC,high
ram,GeIL,"GeIL EVO X II AMD 32 GB",GAEXSY432GB4000C18BDC,high
ram,GeIL,"GeIL EVO X II AMD 64 GB",GAEXSY464GB4000C18BDC,high
ram,GeIL,"GeIL EVO X II AMD 16 GB",GAEXSY416GB4266C18ADC,high
ram,GeIL,"GeIL EVO X II AMD 16 GB",GAEXSY416GB4000C20ADC,high
ram,GeIL,"GeIL EVO X II AMD 8 GB",GAEXSW48GB2400C16DC,high
ram,GeIL,"GeIL EVO X II AMD 16 GB",GAEXSW416GB2400C16DC,high
ram,GeIL,"GeIL EVO X II AMD 32 GB",GAEXSW432GB2400C16DC,high
ram,GeIL,"GeIL EVO X II AMD 8 GB",GAEXSW48GB2400C17DC,high
ram,GeIL,"GeIL EVO X II AMD 16 GB",GAEXSY416GB4400C18ADC,high
ram,GeIL,"GeIL EVO X II AMD 16 GB",GAEXSW416GB2400C17DC,high
ram,GeIL,"GeIL EVO X II AMD 32 GB",GAEXSW432GB2666C19DC,high
ram,GeIL,"GeIL EVO X II AMD 8 GB",GAEXSW48GB3000C16ADC,high
ram,GeIL,"GeIL EVO X II AMD 8 GB",GAEXSW48GB2666C19DC,high
ram,GeIL,"GeIL EVO X II AMD 16 GB",GAEXSW416GB3000C18ADC,high
ram,GeIL,"GeIL EVO X II AMD 8 GB",GAEXSW48GB3200C16ADC,high
ram,GeIL,"GeIL EVO X II AMD 32 GB",GAEXSW432GB3200C16ADC,high
ram,GeIL,"GeIL EVO X II AMD 32 GB",GAEXSW432GB3200C16BDC,high
ram,GeIL,"GeIL EVO X II AMD 16 GB",GAEXSW416GB3200C18ADC,high
ram,GeIL,"GeIL EVO X II AMD 8 GB",GAEXSW48GB3200C22DC,high
ram,GeIL,"GeIL EVO X II AMD 16 GB",GAEXSW416GB3200C22DC,high
ram,GeIL,"GeIL EVO X II AMD 32 GB",GAEXSW432GB3000C16ADC,high
ram,GeIL,"GeIL EVO X II AMD 8 GB",GAEXSW48GB3600C16ADC,high
ram,GeIL,"GeIL EVO X II AMD 16 GB",GAEXSW416GB3600C16ADC,high
ram,GeIL,"GeIL EVO X II AMD 8 GB",GAEXSW48GB3600C18ADC,high
ram,GeIL,"GeIL EVO X II AMD 16 GB",GAEXSW416GB3600C18ADC,high
ram,GeIL,"GeIL EVO X II AMD 32 GB",GAEXSW432GB3600C18ADC,high
ram,GeIL,"GeIL EVO X II AMD 8 GB",GAEXSW48GB3600C18BDC,high
ram,GeIL,"GeIL EVO X II AMD 32 GB",GAEXSW432GB3200C22DC,high
ram,GeIL,"GeIL EVO X II AMD 16 GB",GAEXSW416GB3600C18BDC,high
ram,Corsair,"Corsair Vengeance LPX 16 GB",CMK16GX4M4B3466C16,high
ram,GeIL,"GeIL EVO X II AMD 32 GB",GAEXSW432GB3600C18BDC,high
ram,Corsair,"Corsair Vengeance LPX 8 GB",CMK8GX4M2B4000C19,high
ram,GeIL,"GeIL EVO X II AMD 64 GB",GAEXSW464GB3600C18BDC,high
ram,GeIL,"GeIL EVO X II AMD 16 GB",GAEXSW416GB4000C20ADC,high
ram,G.SKILL,"G.Skill Ripjaws 16 GB",F42133C15S16GRS,high
ram,G.SKILL,"G.Skill Ripjaws 32 GB",F42133C15D32GRS,high
ram,G.SKILL,"G.Skill Ripjaws 8 GB",F42400C16D8GRS,high
ram,AMD,"AMD R7 Performance 4 GB",R744G2400U1S,high
ram,G.SKILL,"G.Skill Trident Z Neo 64 GB",F4-2666C18D-64GTZN,high
ram,G.SKILL,"G.Skill Trident Z Royal Elite 16 GB",F4-4800C20D-32GTEG,high
ram,GeIL,"GeIL Orion RGB AMD Edition 8 GB",GAOSG48GB3600C18BSC,high
ram,GeIL,"GeIL Orion RGB AMD Edition 16 GB",GAOSG416GB3600C18BSC,high
ram,GeIL,"GeIL Orion RGB AMD Edition 32 GB",GAOSG432GB3600C18BSC,high
ram,GeIL,"GeIL Orion RGB AMD Edition 8 GB",GAOSG48GB4000C18BSC,high
ram,GeIL,"GeIL Orion RGB AMD Edition 16 GB",GAOSG416GB4000C18BSC,high
ram,GeIL,"GeIL Orion RGB AMD Edition 16 GB",GAOSR416GB2666C19DC,high
ram,GeIL,"GeIL Orion RGB AMD Edition 32 GB",GAOSR432GB2666C19DC,high
ram,GeIL,"GeIL Orion RGB AMD Edition 64 GB",GAOSR464GB2666C19DC,high
ram,GeIL,"GeIL Orion RGB AMD Edition 16 GB",GAOSR416GB3000C16ADC,high
ram,GeIL,"GeIL Orion RGB AMD Edition 32 GB",GAOSR432GB3200C16ADC,high
ram,GeIL,"GeIL Orion RGB AMD Edition 64 GB",GAOSR464GB3200C16BDC,high
ram,GeIL,"GeIL Orion RGB AMD Edition 64 GB",GAOSR464GB3200C18ADC,high
ram,GeIL,"GeIL Orion RGB AMD Edition 64 GB",GAOSR464GB3200C18BDC,high
ram,GeIL,"GeIL Orion RGB AMD Edition 16 GB",GAOSR416GB3200C22DC,high
ram,GeIL,"GeIL Orion RGB AMD Edition 32 GB",GAOSR432GB3200C22DC,high
ram,GeIL,"GeIL Orion RGB AMD Edition 64 GB",GAOSR464GB3200C22DC,high
ram,GeIL,"GeIL Orion RGB AMD Edition 32 GB",GAOSR432GB3600C18ADC,high
ram,GeIL,"GeIL Orion RGB AMD Edition 32 GB",GAOSR432GB3600C18BDC,high
ram,GeIL,"GeIL Orion RGB AMD Edition 64 GB",GAOSR464GB3600C18BDC,high
ram,GeIL,"GeIL Orion RGB AMD Edition 16 GB",GAOSR416GB4000C16ADC,high
ram,GeIL,"GeIL Orion RGB AMD Edition 32 GB",GAOSR432GB4000C18BDC,high
ram,GeIL,"GeIL Orion RGB AMD Edition 64 GB",GAOSR464GB4000C18BDC,high
ram,GeIL,"GeIL Orion RGB AMD Edition 16 GB",GAOSR416GB4266C18ADC,high
ram,GeIL,"GeIL Orion RGB AMD Edition 32 GB",GAOSR432GB4266C18ADC,high
ram,GeIL,"GeIL Orion RGB AMD Edition 16 GB",GAOSR416GB4400C18ADC,high
ram,GeIL,"GeIL Orion RGB AMD Edition 16 GB",GAOSR416GB4400C19ADC,high
ram,GeIL,"GeIL Orion RGB AMD Edition 16 GB",GAOSG416GB2666C19DC,high
ram,GeIL,"GeIL Orion RGB AMD Edition 32 GB",GAOSG432GB2666C19DC,high
ram,GeIL,"GeIL Orion RGB AMD Edition 64 GB",GAOSG464GB2666C19DC,high
ram,GeIL,"GeIL Orion RGB AMD Edition 32 GB",GAOSG432GB3200C16ADC,high
ram,GeIL,"GeIL Orion RGB AMD Edition 64 GB",GAOSG464GB3200C16BDC,high
ram,GeIL,"GeIL Orion RGB AMD Edition 64 GB",GAOSG464GB3200C18ADC,high
ram,GeIL,"GeIL Orion RGB AMD Edition 32 GB",GAOSG432GB3200C18BDC,high
ram,GeIL,"GeIL Orion RGB AMD Edition 32 GB",GAOSG432GB3200C22DC,high
ram,GeIL,"GeIL Orion RGB AMD Edition 64 GB",GAOSG464GB3200C18BDC,high
ram,GeIL,"GeIL Orion RGB AMD Edition 16 GB",GAOG416GB3600C18ADC,high
ram,GeIL,"GeIL Orion RGB AMD Edition 32 GB",GAOSG432GB3600C18ADC,high
ram,GeIL,"GeIL Orion RGB AMD Edition 64 GB",GAOSG464GB3600C18BDC,high
ram,GeIL,"GeIL Orion RGB AMD Edition 16 GB",GAOSG416GB4000C16ADC,high
ram,GeIL,"GeIL Orion RGB AMD Edition 32 GB",GAOSG432GB4000C18BDC,high
ram,GeIL,"GeIL Orion RGB AMD Edition 64 GB",GAOSG464GB4000C18BDC,high
ram,GeIL,"GeIL Orion RGB AMD Edition 32 GB",GAOSG432GB4266C18ADC,high
ram,GeIL,"GeIL Orion RGB AMD Edition 16 GB",GAOSG416GB4400C18ADC,high
ram,GeIL,"GeIL Orion RGB AMD Edition 16 GB",GAOSG416GB4400C19ADC,high
ram,GeIL,"GeIL Orion RGB AMD Edition 16 GB",GAOSG416GB4266C18ADC,high
ram,GeIL,"GeIL Orion RGB AMD Edition 32 GB",GAOSR432GB2666C19QC,high
ram,GeIL,"GeIL Orion RGB AMD Edition 64 GB",GAOSR464GB2666C19QC,high
ram,GeIL,"GeIL Orion RGB AMD Edition 128 GB",GAOSR4128GB2666C19QC,high
ram,GeIL,"GeIL Orion RGB AMD Edition 32 GB",GAOSR432GB3000C16AQC,high
ram,GeIL,"GeIL Orion RGB AMD Edition 64 GB",GAOSR464GB3000C16AQC,high
ram,GeIL,"GeIL Orion RGB AMD Edition 32 GB",GAOSR432GB3200C16AQC,high
ram,GeIL,"GeIL Orion RGB AMD Edition 64 GB",GAOSR464GB3200C16AQC,high
ram,GeIL,"GeIL Orion RGB AMD Edition 32 GB",GAOSR432GB3200C16BQC,high
ram,GeIL,"GeIL Orion RGB AMD Edition 64 GB",GAOSR464GB3200C16BQC,high
ram,GeIL,"GeIL Orion RGB AMD Edition 128 GB",GAOSR4128GB3200C16BQC,high
ram,GeIL,"GeIL Orion RGB AMD Edition 128 GB",GAOSR4128GB3200C18AQC,high
ram,GeIL,"GeIL Orion RGB AMD Edition 64 GB",GAOSR464GB3200C18BQC,high
ram,GeIL,"GeIL Orion RGB AMD Edition 128 GB",GAOSR4128GB3200C18BQC,high
ram,GeIL,"GeIL Orion RGB AMD Edition 32 GB",GAOSR432GB3200C22QC,high
ram,GeIL,"GeIL Orion RGB AMD Edition 64 GB",GAOSR464GB3200C22QC,high
ram,GeIL,"GeIL Orion RGB AMD Edition 128 GB",GAOSR4128GB3200C22QC,high
ram,GeIL,"GeIL Orion RGB AMD Edition 32 GB",GAOSR432GB3600C18BQC,high
ram,GeIL,"GeIL Orion RGB AMD Edition 64 GB",GAOSR464GB3600C18BQC,high
ram,GeIL,"GeIL Orion RGB AMD Edition 128 GB",GAOSR4128GB3600C18BQC,high
ram,GeIL,"GeIL Orion RGB AMD Edition 32 GB",GAOSR432GB4000C18BQC,high
ram,GeIL,"GeIL Orion RGB AMD Edition 64 GB",GAOSG464GB2666C19QC,high
ram,GeIL,"GeIL Orion RGB AMD Edition 128 GB",GAOSG4128GB2666C19QC,high
ram,GeIL,"GeIL Orion RGB AMD Edition 32 GB",GAOSG432GB3000C16AQC,high
ram,GeIL,"GeIL Orion RGB AMD Edition 64 GB",GAOSG464GB3000C16AQC,high
ram,GeIL,"GeIL Orion RGB AMD Edition 32 GB",GAOSG432GB3200C16AQC,high
ram,GeIL,"GeIL Orion RGB AMD Edition 64 GB",GAOSG464GB3200C16AQC,high
ram,GeIL,"GeIL Orion RGB AMD Edition 32 GB",GAOSG432GB3200C16BQC,high
ram,GeIL,"GeIL Orion RGB AMD Edition 64 GB",GAOSG464GB3200C16BQC,high
ram,GeIL,"GeIL Orion RGB AMD Edition 128 GB",GAOSG4128GB3200C16BQC,high
ram,GeIL,"GeIL Orion RGB AMD Edition 64 GB",GAOSG464GB3200C18AQC,high
ram,GeIL,"GeIL Orion RGB AMD Edition 128 GB",GAOSG4128GB3200C18AQC,high
ram,GeIL,"GeIL Orion RGB AMD Edition 64 GB",GAOSG464GB3200C18BQC,high
ram,GeIL,"GeIL Orion RGB AMD Edition 128 GB",GAOSG4128GB3200C18BQC,high
ram,GeIL,"GeIL Orion RGB AMD Edition 64 GB",GAOSG464GB3200C22QC,high
ram,GeIL,"GeIL Orion RGB AMD Edition 128 GB",GAOSG4128GB3200C22QC,high
ram,GeIL,"GeIL Orion RGB AMD Edition 32 GB",GAOSG432GB3600C18BQC,high
ram,GeIL,"GeIL Orion RGB AMD Edition 64 GB",GAOSG464GB3600C18BQC,high
ram,GeIL,"GeIL Orion RGB AMD Edition 128 GB",GAOSG4128GB3600C18BQC,high
ram,GeIL,"GeIL Orion AMD Edition 16 GB",GAOR416GB2666C19DC,high
ram,GeIL,"GeIL Orion AMD Edition 32 GB",GAOR432GB2666C19DC,high
ram,GeIL,"GeIL Orion AMD Edition 64 GB",GAOR464GB2666C19DC,high
ram,GeIL,"GeIL Orion AMD Edition 16 GB",GOR416GB3200C16BDC,high
ram,GeIL,"GeIL Orion AMD Edition 64 GB",GAOR464GB3200C16BDC,high
ram,GeIL,"GeIL Orion AMD Edition 32 GB",GAOR432GB3200C22DC,high
ram,GeIL,"GeIL Orion AMD Edition 16 GB",GAOR416GB3200C22DC,high
ram,GeIL,"GeIL Orion AMD Edition 64 GB",GAOR464GB3200C22DC,high
ram,GeIL,"GeIL Orion AMD Edition 16 GB",GAOR416GB3600C18ADC,high
ram,GeIL,"GeIL Orion AMD Edition 32 GB",GAOR432GB3600C18ADC,high
ram,GeIL,"GeIL Orion AMD Edition 64 GB",GAOR464GB3600C18BDC,high
ram,GeIL,"GeIL Orion AMD Edition 16 GB",GAOR416GB4000C16ADC,high
ram,GeIL,"GeIL Orion AMD Edition 32 GB",GAOR432GB4000C18BDC,high
ram,GeIL,"GeIL Orion AMD Edition 64 GB",GAOR464GB4000C18BDC,high
ram,GeIL,"GeIL Orion AMD Edition 16 GB",GAOR416GB4266C18ADC,high
ram,GeIL,"GeIL Orion AMD Edition 32 GB",GAOR432GB4266C18ADC,high
ram,GeIL,"GeIL Orion AMD Edition 16 GB",GAOR416GB4400C18ADC,high
ram,G.SKILL,"G.Skill Trident Z RGB 32 GB",F4-4000C17D-32GTZRB,high
ram,TeamGroup,"TEAMGROUP Delta 16 GB",TDTRD416G3000HC16ADC,high
ram,TeamGroup,"TEAMGROUP Delta 16 GB",TDTRD416G2400HC15ADC,high
ram,Corsair,"Corsair Vengeance LPX 8 GB",CMK8GX4M2B4266C19,high
ram,Corsair,"Corsair Vengeance LPX 8 GB",CMK8GX4M2B4266C19R,high
ram,Corsair,"Corsair Dominator Platinum 64 GB",CMD64GX4M4B3466C16,high
ram,G.SKILL,"G.Skill Ripjaws V 16 GB",F4-4000C16D-16GVKA,high
ram,GeIL,"GeIL Super Luce 16 GB",GLB416GB3000C15ADC,high
ram,Corsair,"Corsair Vengeance LPX 16 GB",CMK16GX4M4B3866C18,high
ram,GeIL,"GeIL Super Luce 8 GB",GLR48GB2400C15DC,high
ram,GeIL,"GeIL Super Luce 8 GB",GLR48GB3000C15ADC,high
ram,GeIL,"GeIL Super Luce 8 GB",GLB48GB3000C15ADC,high
ram,GeIL,"GeIL Super Luce 16 GB",GLW416GB3000C15ADC,high
ram,GeIL,"GeIL Super Luce 8 GB",GLW48GB3000C15ADC,high
ram,TeamGroup,"TEAMGROUP T-Force Vulcan TUF Gaming Alliance 32 GB",TLTYD432G3000HC16CDC01,high
ram,Corsair,"Corsair Dominator Platinum RGB 16 GB",CMT16GX4M2G4000C16,high
ram,Corsair,"Corsair Dominator Platinum RGB 32 GB",CMT32GX4M2Z4000C18,high
ram,G.SKILL,"G.Skill Trident Z Royal 16 GB",F4-3600C14D-16GTRSA,high
ram,G.SKILL,"G.Skill Trident Z Neo 64 GB",F4-3600C14Q2-64GTZNA,high
ram,Corsair,"Corsair Vengeance LED 32 GB",CMU32GX4M4A2666C16R,high
ram,Corsair,"Corsair Vengeance LED 32 GB",CMU32GX4M4C3466C16R,high
ram,Corsair,"Corsair Vengeance LED 64 GB",CMU64GX4M4C3000C15R,high
ram,G.SKILL,"G.Skill Trident Z Royal Elite 16 GB",F4-4600C20D-32GTEG,high
ram,Corsair,"Corsair Vengeance LED 64 GB",CMU64GX4M4C3200C16R,high
ram,Corsair,"Corsair Vengeance LED 32 GB",CMU32GX4M4A2666C16,high
ram,Corsair,"Corsair Vengeance LED 64 GB",CMU64GX4M4A2666C16,high
ram,Corsair,"Corsair Vengeance LED 32 GB",CMU32GX4M4C3400C16,high
ram,Corsair,"Corsair Vengeance LPX 16 GB",CMK16GX4M2G4000C16,high
ram,TeamGroup,"TEAMGROUP T-Force Vulcan Z 8 GB",TLZGD48G2666HC18HDC01,high
ram,Crucial,"Crucial Ballistix Sport LT 64 GB",BLS4K16G4D240FSB,high
ram,Patriot,"Patriot Viper Elite 16 GB",PVE416G266C5KBL,high
ram,TeamGroup,"TEAMGROUP Dark 16 GB",TDKED416G3000HC16ADC01,high
ram,TeamGroup,"TEAMGROUP T-Force Vulcan Z 4 GB",TLZRD44G2666HC18H01,high
ram,TeamGroup,"TEAMGROUP Night Hawk 32 GB",THRD432G3000HC16CDC01,high
ram,TeamGroup,"TEAMGROUP Night Hawk 32 GB",THWD432G3000HC16CDC01,high
ram,TeamGroup,"TEAMGROUP Night Hawk 32 GB",THBD432G3000HC16CDC01,high
ram,TeamGroup,"TEAMGROUP Night Hawk 32 GB",THBD432G3200HC16CDC01,high
ram,G.SKILL,"G.Skill Trident Z 32 GB",F4-3200C16Q-32GTZKY,high
ram,GeIL,"GeIL Orion RGB AMD Edition 16 GB",GAOSG416GB3000C16ADC,high
ram,G.SKILL,"G.Skill Trident Z 16 GB",F4-3200C14D-16GTZKO,high
ram,G.SKILL,"G.Skill Trident Z 64 GB",F4-3200C14Q-64GTZSW,high
ram,G.SKILL,"G.Skill Trident Z 64 GB",F4-3200C14Q2-64GTZSW,high
ram,G.SKILL,"G.Skill Trident Z Royal 16 GB",F4-4000C17D-16GTRS,high
ram,G.SKILL,"G.Skill Trident Z Royal 64 GB",F4-3600C14Q2-64GTRGB,high
ram,G.SKILL,"G.Skill Trident Z Royal 64 GB",F4-3600C14Q2-64GTRSB,high
ram,G.SKILL,"G.Skill Trident Z Neo 64 GB",F4-3600C14Q2-64GTZNB,high
ram,G.SKILL,"G.Skill Trident Z Royal 16 GB",F4-4000C15D-16GTRG,high
ram,G.SKILL,"G.Skill Trident Z Royal 32 GB",F4-4000C15Q-32GTRG,high
ram,G.SKILL,"G.Skill F4-4000C15Q-32GTRS 64 GB",F4-4000C15Q2-64GTRG,high
ram,Crucial,"Crucial Ballistix Elite 8 GB",BLE8G4D40BEEAK,high
ram,G.SKILL,"G.Skill Trident Z Royal 16 GB",F4-4266C19D-16GTRGC,high
ram,GeIL,"GeIL EVO SPEAR 16 GB",GASB416GB2666C19DC,high
ram,Corsair,"Corsair Vengeance LED 16 GB",CMU16GX4M2D3200C16,high
ram,Corsair,"Corsair Vengeance LED 16 GB",CMU16GX4M2D3200C16B,high
ram,Corsair,"Corsair Vengeance LED 16 GB",CMU32GX4M2C3000C16,high
ram,Corsair,"Corsair Vengeance LED 32 GB",CMU32GX4M2D3200C16R,high
ram,G.SKILL,"G.Skill Sniper X 16 GB",F4-3600C19D-32GSXF,high
ram,G.SKILL,"G.Skill Sniper X 64 GB",F4-3600C19Q-64GSXK,high
ram,G.SKILL,"G.Skill Trident Z 32 GB",F4-3733C17Q-32GTZSW,high
ram,G.SKILL,"G.Skill Trident Z 64 GB",F4-3733C17Q2-64GTZKK,high
ram,G.SKILL,"G.Skill Trident Z 64 GB",F4-4000C18Q2-64GTZSW,high
ram,G.SKILL,"G.Skill Trident Z 16 GB",F4-4500C19D-16GTZSWE,high
ram,G.SKILL,"G.Skill Trident Z 16 GB",F4-4600C19D-16GTZSWC,high
ram,G.SKILL,"G.Skill Trident Z Royal 32 GB",F4-3600C17Q-32GTRS,high
ram,GeIL,"GeIL EVO FORZA 8 GB",GAFR48GB2666C16ADC,high
ram,GeIL,"GeIL Super Luce 16 GB",GALR416GB2133C15DC,high
ram,GeIL,"GeIL Super Luce 16 GB",GALR416GB2400C16DC,high
ram,GeIL,"GeIL Super Luce 32 GB",GALR432GB2133C15DC,high
ram,GeIL,"GeIL Super Luce 16 GB",GALW416GB2133C15DC,high
ram,GeIL,"GeIL Super Luce 32 GB",GALW432GB2133C15DC,high
ram,GeIL,"GeIL Super Luce 32 GB",GALW432GB2400C16DC,high
ram,GeIL,"GeIL Super Luce 8 GB",GALW48GB2133C15DC,high
ram,GeIL,"GeIL Super Luce 32 GB",GALWR432GB2133C15DC,high
ram,GeIL,"GeIL Super Luce 32 GB",GALWR432GB2400C16DC,high
ram,GeIL,"GeIL Super Luce 8 GB",GALWR48GB2133C15DC,high
ram,GeIL,"GeIL Super Luce 8 GB",GALWR48GB2400C16DC,high
ram,GeIL,"GeIL SUPER LUCE RGB 16 GB",GALWS416GB2133C15DC,high
ram,GeIL,"GeIL SUPER LUCE RGB 16 GB",GALWS416GB2400C16DC,high
ram,GeIL,"GeIL SUPER LUCE RGB 16 GB",GALWS416GB2666C16ADC,high
ram,GeIL,"GeIL SUPER LUCE RGB 16 GB",GALWS416GB3000C16ADC,high
ram,GeIL,"GeIL SUPER LUCE RGB 8 GB",GALWS48GB2133C15DC,high
ram,GeIL,"GeIL SUPER LUCE RGB 8 GB",GALWS48GB2400C16DC,high
ram,GeIL,"GeIL EVO FORZA 16 GB",GFR416GB2666C16ADC,high
ram,GeIL,"GeIL SUPER LUCE RGB 16 GB",GLS416GB3200C16ADC,high
ram,GeIL,"GeIL SUPER LUCE RGB 16 GB",GLWS416GB2666C16ADC,high
ram,GeIL,"GeIL SUPER LUCE RGB 8 GB",GLWS48GB2133C15DC,high
ram,Patriot,"Patriot Signature Line 16 GB",PSD416G21332S,high
ram,Patriot,"Patriot Signature Line 4 GB",PSD44G240041S,high
ram,TeamGroup,"TEAMGROUP T-Force Dark 16 GB",TDRED416G2666HC15B01,high
ram,TeamGroup,"TEAMGROUP T-Force Dark 4 GB",TDRED44G2666HC15B01,high
ram,TeamGroup,"TEAMGROUP T-Force Vulcan 16 GB",TLRED416G2666HC15B01,high
ram,TeamGroup,"TEAMGROUP Elite 64 GB",TED464G2666C19DC01,high
ram,Crucial,"Crucial Ballistix Sport LT 32 GB",BLS4K8G4D26BFSCK,high
ram,Corsair,"Corsair Vengeance LED 16 GB",CMU16GX4M2D3200C16R,high
ram,Corsair,"Corsair Vengeance LED 32 GB",CMU32GX4M2C3000C16B,high
ram,Corsair,"Corsair Vengeance LED 32 GB",CMU32GX4M2D3200C16,high
ram,G.SKILL,"G.Skill Flare X 32 GB",F4-2933C16Q-32GFX,high
ram,G.SKILL,"G.Skill Flare X 64 GB",F4-2933C16Q2-64GFX,high
ram,G.SKILL,"G.Skill Sniper X 64 GB",F4-3000C16Q-64GSXFB,high
ram,G.SKILL,"G.Skill Trident Z 64 GB",F4-3200C15Q2-64GTZ,high
ram,G.SKILL,"G.Skill Sniper X 32 GB",F4-3200C16D-32GSXFB,high
ram,G.SKILL,"G.Skill Sniper X 32 GB",F4-3200C16Q-32GSXFB,high
ram,G.SKILL,"G.Skill Sniper X 64 GB",F4-3200C16Q-64GSXKB,high
ram,G.SKILL,"G.Skill Trident Z 128 GB",F4-3466C16Q2128GTZSW,high
ram,GeIL,"GeIL EVO POTENZA 16 GB",GAPR416GB2133C15DC,high
ram,GeIL,"GeIL SUPER LUCE RGB 16 GB",GLS416GB2666C16ADC,high
ram,TeamGroup,"TEAMGROUP TDGED416G3200HC16CDC01 16 GB",TDGED416G3200HC16CDC01,low
ram,TeamGroup,"TEAMGROUP T-Force Dark Z 16 GB",TDZGD416G2666HC15B01,high
ram,TeamGroup,"TEAMGROUP T-Force Dark Z 16 GB",TDZGD416G2666HC15BDC01,high
ram,TeamGroup,"TEAMGROUP T-Force Dark Z 16 GB",TDZGD416G3000HC16C01,high
ram,TeamGroup,"TEAMGROUP T-Force Dark Z 8 GB",TDZGD48G3000HC16C01,high
ram,TeamGroup,"TEAMGROUP T-Force Dark Z 8 GB",TDZGD48G3200HC16C01,high
cpu,AMD,"AMD Ryzen 5 5600",100-100000927BOX,high
cpu,AMD,"AMD Ryzen 7 9800X3D",100-1000001084WOF,high
cpu,AMD,"AMD Ryzen 7 7800X3D",100-100000910WOF,high
cpu,AMD,"AMD Ryzen 5 9600X",100-100001405WOF,high
cpu,AMD,"AMD Ryzen 5 7600X",100-100000593WOF,high
cpu,AMD,"AMD Ryzen 5 5500",100-100000457BOX,high
cpu,AMD,"AMD Ryzen 9 9950X3D",100-100000719WOF,high
cpu,AMD,"AMD Ryzen 7 7700X",100-100000591WOF,high
cpu,AMD,"AMD Ryzen 5 5600X",100-100000065BOX,high
cpu,AMD,"AMD Ryzen 7 9700X",100-100001404WOF,high
cpu,AMD,"AMD Ryzen 7 9850X3D",100-100001973WOF,high
cpu,AMD,"AMD Ryzen 7 5800X",100-100000063WOF,high
cpu,AMD,"AMD Ryzen 9 9950X3D2",100-100001978WOF,high
cpu,AMD,"AMD Ryzen 5 7500F",100-000000597,high
cpu,Intel,"Intel Core Ultra 7 270K Plus",BX80768270K,high
cpu,AMD,"AMD Ryzen 5 7600X3D",100-100001721WOF,high
cpu,AMD,"AMD Ryzen 7 5700X",100-100000926WOF,high
cpu,AMD,"AMD Ryzen 9 9900X",100-100000662WOF,high
cpu,Intel,"Intel Core i5-12400F",BX8071512400F,high
cpu,AMD,"AMD Ryzen 5 7500X3D",100-100001904WOF,high
cpu,AMD,"AMD Ryzen 5 3600",100-100000031BOX,high
cpu,AMD,"AMD Ryzen 5 7600",100-100001015BOX,high
cpu,AMD,"AMD Ryzen 7 5800X3D",100-100000651WOF,high
cpu,Intel,"Intel Core i7-14700K",BX8071514700K,high
cpu,AMD,"AMD Ryzen 7 5700",100-000000743BOX,high
cpu,Intel,"Intel Core i5-14400F",BX8071514400F,high
cpu,AMD,"AMD Ryzen 7 5800XT",100-100001582BOX,high
cpu,Intel,"Intel Core i9-14900K",BX8071514900K,high
cpu,Intel,"Intel Core Ultra 9 285K",BX80768285K,high
cpu,AMD,"AMD Ryzen 9 9950X",100-100001277WOF,high
cpu,AMD,"AMD Ryzen 7 5800X3D 10th Anniversary Edition",100-100000651POF,high
cpu,Intel,"Intel Core i5-12600KF",BX8071512600KF,high
cpu,AMD,"AMD Ryzen 9 7900X",100-100000589WOF,high
cpu,Intel,"Intel Core Ultra 5 250K Plus",BX80768250K,high
cpu,AMD,"AMD Ryzen 5 5600G",100-100000252BOX,high
cpu,AMD,"AMD Ryzen 7 5700X3D",100-100001503WOF,high
cpu,AMD,"AMD Ryzen 5 8400F",100-100001591BOX,high
cpu,Intel,"Intel Core i5-14600K",BX8071514600K,high
cpu,AMD,"AMD Ryzen 9 5900XT",100-100001581WOF,high
cpu,Intel,"Intel Core i7-12700KF",BX8071512700KF,high
cpu,AMD,"AMD Ryzen 5 8500G",100-100000931BOX,high
cpu,Intel,"Intel Core Ultra 7 265KF",BX80768265KF,high
cpu,AMD,"AMD Ryzen 7 5700G",100-100000263BOX,high
cpu,AMD,"AMD Ryzen 7 3700X",100-100000071BOX,high
cpu,AMD,"AMD Ryzen 9 9900X3D",100-1000001368WOF,high
cpu,AMD,"AMD Ryzen 7 7800X3D",100-000000910,high
cpu,AMD,"AMD Ryzen 5 7500F",100-100000597BOX,high
cpu,AMD,"AMD Threadripper 3970X",100-100000011WOF,high
cpu,AMD,"AMD Ryzen 5 5600XT",100-100001585BOX,high
cpu,AMD,"AMD Ryzen 9 5950X",100-100000059WOF,high
cpu,AMD,"AMD Ryzen 9 5900X",100-100000061WOF,high
cpu,Intel,"Intel Core Ultra 5 245K",BX80768245K,high
cpu,AMD,"AMD Ryzen 7 7700",100-100000592BOX,high
cpu,Intel,"Intel Core i3-12100F",BX8071512100F,high
cpu,Intel,"Intel Core Ultra 5 250KF Plus",BX80768250KF,high
cpu,Intel,"Intel Core Ultra 7 265K",BX80768265K,high
cpu,Intel,"Intel Core i7-14700KF",BX8071514700KF,high
cpu,Intel,"Intel Core i5-14600KF",BX8071514600KF,high
cpu,Intel,"Intel Core Ultra 5 225F",BX80768225F,high
cpu,AMD,"AMD Ryzen 7 8700F",100-100001590BOX,high
cpu,AMD,"AMD Ryzen 7 8700G",100-100001236BOX,high
cpu,Intel,"Intel Core i7-12700K",BX8071512700K,high
cpu,Intel,"Intel Core i9-14900KF",BX8071514900KF,high
cpu,AMD,"AMD Ryzen 5 5600GT",100-100001488BOX,high
cpu,Intel,"Intel Core i7-14700F",BX8071514700F,high
cpu,AMD,"AMD Ryzen 5 8600G",100-100001237BOX,high
cpu,AMD,"AMD Ryzen 5 2600",YD2600BBAFBOX,high
cpu,Intel,"Intel Core i3-14100F",BX8071514100F,high
cpu,AMD,"AMD Ryzen 5 4500",100-100000644BOX,high
cpu,AMD,"AMD Ryzen 9 7950X3D",100-100000908WOF,high
cpu,Intel,"Intel Core Ultra 5 245KF",BX80768245KF,high
cpu,Intel,"Intel Core i5-10400F",BX8070110400F,high
cpu,Intel,"Intel Core i7-9700K",BX80684I79700K,high
cpu,Intel,"Intel Core i9-12900K",BX8071512900K,high
cpu,Intel,"Intel Core i5-12600K",BX8071512600K,high
cpu,Intel,"Intel Core i5-13400F",BX8071513400F,high
cpu,AMD,"AMD Ryzen 5 3600X",100-100000022BOX,high
cpu,Intel,"Intel Core i7-13700K",BX8071513700K,high
cpu,AMD,"AMD Threadripper 3990X",100-100000163WOF,high
cpu,Intel,"Intel Core i5-13600K",BX8071513600K,high
cpu,AMD,"AMD Ryzen 7 7700",100-000000592,high
cpu,AMD,"AMD Ryzen 7 2700X",YD270XBGAFBOX,high
cpu,AMD,"AMD Ryzen 5 5500X3D",100-000001504,high
cpu,Intel,"Intel Core Ultra 5 225",BX80768225,high
cpu,AMD,"AMD Ryzen 3 4100",100-100000510BOX,high
cpu,Intel,"Intel Core i9-9900K",BX80684I99900K,high
cpu,Intel,"Intel Core i7-10700K",BX8070110700K,high
cpu,AMD,"AMD Ryzen 9 3900X",100-100000023BOX,high
cpu,Intel,"Intel Core i7-8700K",BX80684I78700K,high
cpu,Intel,"Intel Core i5-14400",BX8071514400,high
cpu,Intel,"Intel Core i9-13900K",BX8071513900K,high
cpu,AMD,"AMD Ryzen 3 3200G",YD3200C5FHBOX,high
cpu,AMD,"AMD Ryzen 7 3800X",100-100000025BOX,high
cpu,Intel,"Intel Core i7-7700K",BX80677I77700K,high
cpu,Intel,"Intel Core i9-14900KS",BX8071514900KS,high
cpu,AMD,"AMD Ryzen 9 7950X",100-100000514WOF,high
cpu,Intel,"Intel Core i5-12400",BX8071512400,high
cpu,Intel,"Intel Core i3-12100T",CM8071504651106,high
cpu,AMD,"AMD Ryzen 3 1200 (12nm)",YD1200BBAFBOX,high
cpu,Intel,"Intel Core i3-9300",BX80684I39300,high
cpu,Intel,"Intel Core i7-7820X",BX80673I77820X,high
cpu,AMD,"AMD Ryzen 5 5600T",100-000001584BOX,high
cpu,Intel,"Intel Core i9-10920X",BX8069510920X,high
cpu,AMD,"AMD EPYC 4465P",100-100001558WOF,high
cpu,Intel,"Intel Core i5-7600",BX80677I57600,high
cpu,AMD,"AMD Ryzen 5 7400",100-000001900,high
cpu,Intel,"Intel Core i9-7900X",BX80673I97900X,high
cpu,AMD,"AMD Threadripper 2990WX",YD299XAZAFWOF,high
cpu,Intel,"Intel Core i7-9700K",CM8068403874212,high
cpu,Intel,"Intel Core i9-12900",BX8071512900,high
cpu,Intel,"Intel Core i5-8600",BX80684I58600,high
cpu,Intel,"Intel Core i5-8400T",CM8068403358913,high
cpu,AMD,"AMD EPYC 4564P",100-100001476WOF,high
cpu,Intel,"Intel Core i5-7400T",CM8067702867915,high
cpu,Intel,"Intel Core i5-10600",BX8070110600,high
cpu,Intel,"Intel Celeron G6900",BX80715G6900,high
cpu,Intel,"Intel Pentium Gold G6600",BX80701G6600,high
cpu,AMD,"AMD Ryzen 7 3800X",100-000000025,high
cpu,AMD,"AMD Ryzen 9 3900",100-000000070,high
cpu,Intel,"Intel Xeon E-2276G",CM8068404227703,high
cpu,Intel,"Intel Core i5-14500T",CM8071505092904,high
cpu,Intel,"Intel Core i7-10700K Avengers Collector's Edition",BX8070110700KA,high
cpu,Intel,"Intel Core i3-10320",BX8070110320,high
cpu,Intel,"Intel Core i9-11900F",BX8070811900F,high
cpu,Intel,"Intel Core i7-7700K",CM8067702868535,high
cpu,Intel,"Intel Core i9-9940X",BX80673I99940X,high
cpu,Intel,"Intel Core i9-13900T",CM8071504820403,high
cpu,AMD,"AMD Ryzen 3 1300X",YD130XBBAEBOX,high
cpu,Intel,"Intel Core i5-9600K",CM8068403874404,high
cpu,Intel,"Intel Core i9-7920X",BX80673I97920X,high
cpu,Intel,"Intel Core i9-10900F",BX8070110900F,high
cpu,AMD,"AMD Threadripper 1900X",YD190XA8AEWOF,high
cpu,AMD,"AMD Athlon 3000G (14nm)",YD3000C6M2OFH,high
cpu,Intel,"Intel Pentium Gold G6400",BX80701G6400,high
cpu,AMD,"AMD Ryzen 5 3600X",100-000000022,high
cpu,AMD,"AMD A6-7480",AD7480ACABBOX,high
cpu,Intel,"Intel Core i7-7800X",BX80673I77800X,high
cpu,AMD,"AMD Ryzen 5 2600X",YD260XBCM6IAF,high
cpu,Intel,"Intel Core i9-9900X",CD8067304126200,high
cpu,Intel,"Intel Core i7-8700T",CM8068403358413,high
cpu,Intel,"Intel Core i7-13700T",CM8071504820903,high
cpu,Intel,"Intel Core i9-11900",BX8070811900,high
cpu,Intel,"Intel Xeon E3-1245 V6",BX80677E31245V6,high
cpu,Intel,"Intel Core i5-9600KF",CM8068403874410,high
cpu,Intel,"Intel Core i9-7980XE",CD8067303734902,high
cpu,Intel,"Intel Core i5-3570",CM8063701093103,high
cpu,AMD,"AMD FX-8350",FD8350FRHKHBX,high
cpu,AMD,"AMD Ryzen 5 5600T",100-000001584,high
cpu,Intel,"Intel Core i7-9700T",CM8068403874912,high
cpu,Intel,"Intel Pentium G4560",BX80677G4560,high
cpu,Intel,"Intel Core Ultra 5 245",AT8076806775,high
cpu,Intel,"Intel Core i5-9500T",CM8068403362510,high
cpu,Intel,"Intel Core i7-9700",CM8068403874521,high
cpu,Intel,"Intel Core i9-13900F",BX8071513900F,high
cpu,Intel,"Intel Core i5-13600",BX8071513600,high
cpu,AMD,"AMD EPYC 4565P",100-100001559WOF,high
cpu,Intel,"Intel Core i9-10940X",BX8069510940X,high
cpu,Intel,"Intel Core i5-9600",BX80684I59600,high
cpu,Intel,"Intel 300",BX80715300,high
cpu,Intel,"Intel Celeron G3930",BX80677G3930,high
cpu,Intel,"Intel Core i7-9700F",CM8068403874523,high
cpu,AMD,"AMD Ryzen 5 2400G",YD2400C5M4MFB,high
cpu,AMD,"AMD Ryzen 5 5600F",100-000001903,high
cpu,Intel,"Intel Xeon E3-1285 V6",CM8067702870937,high
cpu,Intel,"Intel Core i5-11600",BX8070811600,high
cpu,AMD,"AMD Ryzen 5 PRO 7645",100-000000600,high
cpu,AMD,"AMD A10-9700",AD9700AGABBOX,high
cpu,Intel,"Intel Core i5-8600K",CM8068403358508,high
cpu,Intel,"Intel Core i7-7700T",BX80677I77700T,high
cpu,AMD,"AMD A6-9500E",AD9500AHABBOX,high
cpu,Intel,"Intel Core i7-7740X",BX80677I77740X,high
cpu,AMD,"AMD Athlon 200GE",YD200GC6FBBOX,high
cpu,Intel,"Intel Core i3-7100",CM8067703014612,high
cpu,Intel,"Intel Xeon E-2176G",BX80684E2176G,high
cpu,AMD,"AMD Ryzen 9 3950X",100-000000051,high
cpu,Intel,"Intel Core i3-8350K",BX80684I38350K,high
cpu,AMD,"AMD Threadripper 2920X",YD292XA8AFWOF,high
cpu,Intel,"Intel Celeron G4900",CM8068403378112,high
cpu,Intel,"Intel Pentium Gold G5400",BX80684G5400,high
cpu,Intel,"Intel Core i7-9800X",BX80673I79800X,high
cpu,AMD,"AMD Ryzen 7 1700X",YD170XBCAEMPK,high
cpu,Intel,"Intel Core i5-7600",CM8067702868011,high
cpu,Intel,"Intel Core i7-7740X",CM8067702868631,high
cpu,AMD,"AMD Ryzen 3 1200 (12nm)",YD1200BBM4KAF,high
cpu,Intel,"Intel Core i5-7500T",BX80677I57500T,high
cpu,Intel,"Intel Core i9-9900T",CM8068403874122,high
cpu,Intel,"Intel Core i3-13100T",CM8071505092101,high
cpu,Intel,"Intel Core i7-7700T",CM8067702868416,high
cpu,AMD,"AMD Ryzen 7 PRO 7745",100-000000599,high
cpu,AMD,"AMD EPYC 4244P",100-100001480WOF,high
cpu,Intel,"Intel Core i9-9960X",CD8067304126500,high
cpu,Intel,"Intel Core i9-9980XE",BX80673I99980X,high
cpu,Intel,"Intel Core i5-7500",CM8067702868012,high
cpu,Intel,"Intel Xeon E5-1620 V4",CM8066002044103,high
cpu,Intel,"Intel Xeon E5-2698 V4",CM8066002024000,high
cpu,Intel,"Intel Xeon E5-1630 V4",CM8066002395300,high
cpu,AMD,"AMD A8-9600",AD9600AGABBOX,high
cpu,Intel,"Intel Core i5-7400",CM8067702867050,high
cpu,Intel,"Intel Core i3-10100T",CM8070104291412,high
cpu,AMD,"AMD A12-9800E",AD9800AHABBOX,high
cpu,Intel,"Intel Core i3-7350K",BX80677I37350K,high
cpu,Intel,"Intel Xeon E5-2643 V4",CM8066002041500,high
cpu,Intel,"Intel Core i5-9500F",BX80684I59500F,high
cpu,Intel,"Intel Pentium Gold G6405",BX80701G6405,high
cpu,AMD,"AMD EPYC 4464P",100-100001478WOF,high
cpu,Intel,"Intel Core i5-8500",CM8068403362607,high
cpu,AMD,"AMD Threadripper 2990WX",YD299XAZUIHAF,high
cpu,Intel,"Intel Xeon E-2288G",CM8068404224102,high
cpu,Intel,"Intel Core i5-6402P",BX80662I56402P,high
cpu,AMD,"AMD A8-7650K",AD765KXBJASBX,high
cpu,Intel,"Intel Xeon E5-2650L V4",CM8066002033006,high
cpu,Intel,"Intel Core i9-9820X",BX80673I99820X,high
cpu,Intel,"Intel Core i9-9900",CM8068403874032,high
cpu,AMD,"AMD Ryzen 7 PRO 9745",100-000001408,high
cpu,AMD,"AMD Athlon 220GE",YD220GC6FBBOX,high
cpu,Intel,"Intel Core i5-9400",CM8068403875504,high
cpu,AMD,"AMD Ryzen 7 2700",YD2700BBM88AF,high
cpu,AMD,"AMD Ryzen 3 2200G",YD2200C4M4MFB,high
cpu,Intel,"Intel Core i5-9600K",CM8068403874405,high
cpu,Intel,"Intel Core i3-10300",BX8070110300,high
cpu,Intel,"Intel Celeron G5925",BX80701G5925,high
cpu,Intel,"Intel Core i3-8100",CM8068403377308,high
cpu,AMD,"AMD EPYC 4345P",100-100001556WOF,high
cpu,Intel,"Intel Core i5-7600K",CM8067702868219,high
cpu,AMD,"AMD Ryzen 5 PRO 7445",100-000001899,high
cpu,AMD,"AMD Ryzen 5 PRO 9645",100-000001409,high
cpu,Intel,"Intel Core i9-7960X",BX80673I97960X,high
cpu,Intel,"Intel Pentium Gold G5420",BX80684G5420,high
cpu,AMD,"AMD A6-9500",AD9500AGABBOX,high
cpu,Intel,"Intel Celeron G3920",CM8066201938000,high
cpu,Intel,"Intel Core i3-7320",CM8067703014425,high
cpu,Intel,"Intel Core i3-7300",CM8067703014426,high
cpu,Intel,"Intel Pentium G4560T",CM8067703016117,high
cpu,Intel,"Intel Pentium G4600T",CM8067703016014,high
cpu,Intel,"Intel Core i3-7100T",BXC80677I37100T,high
cpu,Intel,"Intel Core i3-7300T",CM8067703015810,high
cpu,Intel,"Intel Core i7-7700T",BXC80677I77700T,high
cpu,Intel,"Intel Core i7-7820X",BXC80673I77820X,high
cpu,AMD,"AMD A8-7670K",AD767KXBJCSBX,high
cpu,AMD,"AMD Ryzen 7 1800X",YD180XBCAEMPK,high
cpu,AMD,"AMD Athlon X4 970",AD970XAUM44AB,high
cpu,AMD,"AMD A6-9550",AD9550AGABBOX,high
cpu,AMD,"AMD Athlon X4 940",AD940XAGM44AB,high
cpu,AMD,"AMD Athlon X4 940",AD940XAGABBOX,high
cpu,Intel,"Intel Celeron G4920",CM8068403378011,high
cpu,Intel,"Intel Pentium Gold G5600",CM8068403377513,high
cpu,Intel,"Intel Pentium Gold G5500T",CM8068403377713,high
cpu,Intel,"Intel Core i3-4360",CM8064601482461,high
cpu,Intel,"Intel Core i9-7940X",CD8067303734701,high
cpu,AMD,"AMD Athlon 220GE",YD220GC6M2OFB,high
cpu,Intel,"Intel Xeon E5-2665",CM8062101143101,high
cpu,Intel,"Intel Xeon E5-2660",SR0GZ,high
cpu,Intel,"Intel Xeon E5-2660",SR0KK,high
cpu,Intel,"Intel Xeon E-2144G",CM8068403654220,high
cpu,Intel,"Intel Xeon E-2126G",CM8068403380219,high
cpu,Intel,"Intel Xeon E-2174G",BX80684E2174G,high
cpu,Intel,"Intel Xeon E-2134",BX80684E2134,high
cpu,Intel,"Intel Xeon E-2146G",CM8068403380116,high
cpu,Intel,"Intel Xeon E-2274G",BX80684E2274G,high
cpu,Intel,"Intel Xeon E-2124",BX80684E2124,high
cpu,Intel,"Intel Celeron G5925",CM8070104292013,high
cpu,Intel,"Intel Celeron G5905T",CM8070104292213,high
cpu,Intel,"Intel Pentium Gold G6600",CM8070104291510,high
cpu,Intel,"Intel Core i3-3240T",CM8063701194400,high
cpu,Intel,"Intel Xeon E3-1240 V6",CM8067702870649,high
cpu,Intel,"Intel Core i9-7920X",CD8067303753300,high
cpu,Intel,"Intel Pentium E2200",HH80557PG0491M,high
cpu,AMD,"AMD A4-3300",AD3300OJZ22GX,high
cpu,Intel,"Intel Xeon E3-1270 V6",CM8067702870648,high
cpu,Intel,"Intel Pentium Gold G5400T",CM8068403360212,high
cpu,Intel,"Intel Core i9-9920X",CD8067304126300,high
cpu,AMD,"AMD Athlon X4 870K",AD870KXBJCSBX,high
cpu,Intel,"Intel Celeron G3950",CM8067703015716,high
cpu,Intel,"Intel Core i5-7500T",CM8067702868115,high
cpu,Intel,"Intel Core i5-7640X",CM8067702868730,high
cpu,AMD,"AMD Threadripper 2950X",YD295XA8UGAAF,high
cpu,Intel,"Intel Core i3-9350K",BX80684I39350K,high
cpu,Intel,"Intel Core i5-9400",CM8068403875505,high
cpu,Intel,"Intel Xeon E-2146G",BX80684E2146G,high
cpu,Intel,"Intel Core i3-10325",BX8070110325,high
cpu,Intel,"Intel Xeon E3-1275 V6",BX80677E31275V6,high
cpu,Intel,"Intel Xeon E5-2643 V3",CM8064401724501,high
cpu,Intel,"Intel Xeon E5-2420V2",BX80634E52420V2,high
cpu,Intel,"Intel Core i5-8600",CM8068403358607,high
cpu,Intel,"Intel Pentium Gold G5400",CM8068403360112,high
cpu,Intel,"Intel Pentium Gold G5500",CM8068403377611,high
cpu,Intel,"Intel Core i9-9920X",BX80673I99920X,high
cpu,Intel,"Intel Core i9-9820X",CD8067304126901,high
cpu,Intel,"Intel Core i5-9400",CM8068403358816,high
cpu,Intel,"Intel Core i5-9600T",CM8068403358709,high
cpu,Intel,"Intel Celeron G4930",BX80684G4930,high
cpu,Intel,"Intel Pentium Gold G6605",BX80701G6605,high
cpu,Intel,"Intel Pentium G4600",CM8067703015525,high
cpu,Intel,"Intel Celeron G3930T",CM8067703016211,high
cpu,AMD,"AMD Athlon 240GE",YD240GC6FBBOX,high
cpu,Intel,"Intel Pentium Gold G5500",BX80684G5500,high
cpu,AMD,"AMD Athlon X4 860K",AD860KXBJASBX,high
cpu,Intel,"Intel Core i3-7300",BX80677I37300,high
cpu,Intel,"Intel Core i3-7100T",BX80677I37100T,high
cpu,Intel,"Intel Core i5-7600T",BX80677I57600T,high
cpu,Intel,"Intel Core i7-7820X",CD8067303611000,high
cpu,Intel,"Intel Core i7-7740X",BXC80677I77740X,high
cpu,Intel,"Intel Xeon E5-2430V2",BX80634E52430V2,high
cpu,Intel,"Intel Xeon E3-1220 V6",BX80677E31220V6,high
cpu,Intel,"Intel Xeon E3-1270 V6",BX80677E31270V6,high
cpu,Intel,"Intel Core i9-7960X",CD8067303734802,high
cpu,Intel,"Intel Core i3-8350K",CM8068403376809,high
cpu,AMD,"AMD Athlon X4 970",AD970XAUABBOX,high
cpu,Intel,"Intel Core i3-8300T",CM8068403377212,high
cpu,AMD,"AMD Ryzen 7 1800X",YD180XBCM88AE,high
cpu,Intel,"Intel Core i7-9800X",CD8067304126100,high
cpu,Intel,"Intel Core i5-9500F",CM8068403875414,high
cpu,Intel,"Intel Xeon E-2124G",BX80684E2124G,high
cpu,Intel,"Intel Pentium G3240",CM8064601562018,high
cpu,Intel,"Intel Pentium G4620",BX80677G4620,high
cpu,Intel,"Intel Xeon E3-1275 V6",CM8067702870931,high
cpu,Intel,"Intel Pentium Gold G6500",BX80701G6500,high
cpu,Intel,"Intel Xeon E5-2683 V3",CM8064401609728,high
cpu,Intel,"Intel Core i3-7350K",CM8067703014431,high
cpu,Intel,"Intel Core i5-7600T",BXC80677I57600T,high
cpu,Intel,"Intel Core i9-7900X",BXC80673I97900X,high
cpu,Intel,"Intel Core i7-7800X",BXC80673I77800X,high
cpu,Intel,"Intel Xeon E5-2440V2",BX80634E52440V2,high
cpu,Intel,"Intel Xeon E3-1220 V6",CM8067702870812,high
cpu,Intel,"Intel Xeon E3-1225 V6",BX80677E31225V6,high
cpu,Intel,"Intel Xeon E3-1225 V6",CM8067702871024,high
cpu,Intel,"Intel Core i5-3550S",CM8063701095203,high
cpu,Intel,"Intel Core i7-870S",BV80605004494AB,high
cpu,Intel,"Intel Core i7-870S",BX80605I7870S,high
cpu,Intel,"Intel Core i3-8300",CM8068403377111,high
cpu,AMD,"AMD Athlon 240GE",YD240GC6M2OFB,high
cpu,Intel,"Intel Xeon E5-2620",SR0KW,high
cpu,Intel,"Intel Core i3-9320",BX80684I39320,high
cpu,Intel,"Intel Core i3-9320",CM8068403376914,high
cpu,Intel,"Intel Core i3-9350K",CM8068403376821,high
cpu,Intel,"Intel Xeon E-2176G",CM8068403380018,high
cpu,Intel,"Intel Xeon E-2136",BX80684E2136,high
cpu,Intel,"Intel Xeon E-2236",BX80684E2236,high
cpu,Intel,"Intel Xeon E-2104G",CM8068403653917,high
cpu,Intel,"Intel Xeon E-2134",CM8068403654319,high
cpu,Intel,"Intel Xeon E-2244G",CM8068404175105,high
cpu,Intel,"Intel Xeon E-2274G",CM8068404174407,high
cpu,Intel,"Intel Xeon E-2278G",CM8068404225303,high
cpu,Intel,"Intel Pentium G3420",CM8064601482522,high
cpu,Intel,"Intel Celeron G5920",BX80701G5920,high
cpu,Intel,"Intel Core i5-4670T",CM8064601466003,high
cpu,Intel,"Intel Core i3-7101TE",CM8067702867061,high
cpu,Intel,"Intel Core i3-7300T",BX80677I37300T,high
cpu,Intel,"Intel Core i3-7300T",BXC80677I37300T,high
cpu,Intel,"Intel Core i5-7400T",BXC80677I57400T,high
cpu,Intel,"Intel Core i5-7500T",BXC80677I57500T,high
cpu,Intel,"Intel Core i5-7640X",BXC80677I57640X,high
cpu,Intel,"Intel Xeon E3-1240 V6",BX80677E31240V6,high
cpu,Intel,"Intel Xeon E3-1245 V6",CM8067702870932,high
cpu,AMD,"AMD A6-9550",AD9550AGM23AB,high
cpu,Intel,"Intel Xeon E-2124",CM8068403654414,high
storage,Crucial,"Crucial P310",CT1000P310SSD8,high
storage,Crucial,"Crucial P310",CT2000P310SSD8,high
storage,Western Digital,"Western Digital WD_Black SN850X",WDS200T2X0E,high
storage,Patriot,"Patriot P300",P300P512GM28,high
storage,Western Digital,"Western Digital WD_Black SN850X",WDS100T2X0E,high
storage,Western Digital,"Western Digital WD_BLACK SN7100",WDS200T4X0E-00CJA0,high
storage,Western Digital,"Western Digital WD_BLACK SN7100",WDS100T4X0E-00CJA0,high
storage,Western Digital,"Western Digital WD_Black SN850X",WDS400T2X0E,high
storage,Crucial,"Crucial P510",CT1000P510SSD8,high
storage,Patriot,"Patriot P400 Lite",P400LP1KGM28H,high
storage,Western Digital,"Western Digital Caviar Blue",WD10EZEX,high
storage,Crucial,"Crucial P510",CT2000P510SSD8,high
storage,Patriot,"Patriot P300",P300P256GM28,high
storage,TeamGroup,"TEAMGROUP T-Force Vulcan Z",T253TZ001T0C101,high
storage,Lexar,"Lexar NM790",LNM790X002T-RNNNG,high
storage,Western Digital,"Western Digital WD_Black SN850X",WDS800T2X0E,high
storage,TeamGroup,"TEAMGROUP T-FORCE G50",TM8FFE512G0C129,high
storage,Crucial,"Crucial P3 Plus",CT1000P3PSSD8,high
storage,Lexar,"Lexar NM790",LNM790X001T-RNNNG,high
storage,Crucial,"Crucial E100",CT2000E100SSD8,high
storage,Western Digital,"Western Digital Black SN770",WDS100T3X0E,high
storage,Western Digital,"Western Digital WD_BLACK SN8100",WDS400T1X0M,high
storage,Intel,"Intel D3-S4510",SSDSC2KB076T801,high
storage,Patriot,"Patriot P320",P320P1TBM28,high
storage,Western Digital,"Western Digital Blue",WD20EZBX,high
storage,Crucial,"Crucial T710",CT4000T710SSD8,high
storage,Western Digital,"Western Digital WD_BLACK SN8100",WDS200T1X0M,high
storage,Sabrent,"Sabrent Rocket 4 Plus",SB-RKT4P-8TB,high
storage,Crucial,"Crucial BX500",CT1000BX500SSD1,high
storage,Western Digital,"Western Digital Blue SN580",WDS100T3B0E,high
storage,Crucial,"Crucial T500",CT2000T500SSD8,high
storage,Crucial,"Crucial P3 Plus",CT2000P3PSSD8,high
storage,Crucial,"Crucial E100",CT1000E100SSD8,high
storage,Kioxia,"KIOXIA EXCERIA PLUS G4",LVD10Z002TG8,high
storage,TeamGroup,"TEAMGROUP MP44L",TM8FPK001T0C101,high
storage,Crucial,"Crucial T710",CT2000T710SSD8,high
storage,Western Digital,"Western Digital AV-GP",WD1600AVCS,high
storage,Patriot,"Patriot P410",P410P1TBM28H,high
storage,Intel,"Intel DC P3608",SSDPECME040T401,high
storage,Patriot,"Patriot Burst Elite",PBE120GS25SSDR,high
storage,TeamGroup,"TEAMGROUP MP33",TM8FP6001T0C101,high
storage,Intel,"Intel 670p",SSDPEKNU512GZX1,high
storage,Western Digital,"Western Digital Black SN770",WDS200T3X0E,high
storage,Crucial,"Crucial MX500",CT1000MX500SSD1,high
storage,Crucial,"Crucial P3",CT1000P3SSD8,high
storage,Western Digital,"Western Digital WD_BLACK SN7100",WDS400T4X0E-00CJA0,high
storage,Netac,"Netac NV3000",NT01NV3000-1T0-E4X,high
storage,SanDisk,"SanDisk Optimus GX PRO 8100",SDSP82800TAN-000E0,high
storage,Sabrent,"Sabrent Rocket 4",SB-RKT4L-2TB,high
storage,PNY,"PNY CS900",SSD7CS900-500-RB,high
storage,Crucial,"Crucial P310 w/ Acronis Data Recovery",CT1000P310SSD801,high
storage,Western Digital,"Western Digital WD_Black SN850X w/Heatsink",WDS200T2XHE,high
storage,Kioxia,"KIOXIA EXCERIA",LRC10Z001TG8,high
storage,Western Digital,"Western Digital Blue",WDS100T2B0A,high
storage,Crucial,"Crucial T700 W/Heatsink",CT4000T700SSD5,high
storage,Western Digital,"Western Digital WD_BLACK SN7100",WDS500G4X0E-00CJA0,high
storage,Patriot,"Patriot P320",P320P512GM28,high
storage,TeamGroup,"TEAMGROUP T-FORCE G50",TM8FFE002T0C129,high
storage,Western Digital,"Western Digital WD Blue SN5000",WDS500G4B0E,high
storage,Western Digital,"Western Digital Blue SN570",WDS100T3B0C,high
storage,Western Digital,"Western Digital RE",WD2004FBYZ,high
storage,TeamGroup,"TEAMGROUP T-Force Vulcan Z",T253TZ002T0C101,high
storage,Sabrent,"Sabrent Rocket 5",SB-RKT5-1TB,high
storage,TeamGroup,"TEAMGROUP T-Force Vulcan Z",T253TY004T0C101,high
storage,Lexar,"Lexar EQ790",LEQ790X001T-RNNNG,high
storage,Western Digital,"Western Digital Black SN750",WDS100T3X0C,high
storage,Crucial,"Crucial P510 W/Heatsink",CT2000P510SSD5,high
storage,Lexar,"Lexar NQ780",LNQ780X001T-RNNNU,high
storage,Western Digital,"Western Digital WD Green SN3000",WDS200T4G0E-00CPS0,high
storage,Western Digital,"Western Digital WD_Black SN850X w/Heatsink",WDS400T2XHE,high
storage,Crucial,"Crucial P310 w/Heatsink",CT1000P310SSD5,high
storage,Western Digital,"Western Digital Blue",WD10EZRZ,high
storage,Kioxia,"KIOXIA EXCERIA G3",LVC10Z001TG8,high
storage,Western Digital,"Western Digital Black SN770",WDS500G3X0E,high
storage,Lexar,"Lexar EQ790",LEQ790X002T-RNNNG,high
storage,Western Digital,"Western Digital WD_Black SN850X w/Heatsink",WDS100T2XHE,high
storage,Netac,"Netac NV3000",NT01NV3000-500-E4X,high
storage,Western Digital,"Western Digital Blue",WDS500G2B0A,high
storage,Lexar,"Lexar NQ700",LNQ700X002T-RNNNG,high
storage,Crucial,"Crucial MX500",CT500MX500SSD1,high
storage,Lexar,"Lexar NQ790",LNQ790X001T-RNNNU,high
storage,Patriot,"Patriot Burst Elite",PBE480GS25SSDR,high
storage,Western Digital,"Western Digital Green SN350",WDS100T3G0C,high
storage,Western Digital,"Western Digital Blue SN580",WDS200T3B0E,high
storage,Kioxia,"KIOXIA EXCERIA PLUS G3",LSD10Z001TG8,high
storage,Crucial,"Crucial P5 Plus",CT2000P5PSSD8,high
storage,Crucial,"Crucial BX500",CT4000BX500SSD1,high
storage,Netac,"Netac NV7000-t",NT01NV7000T-1T0-E4X,high
storage,TeamGroup,"TEAMGROUP NV5000",TM8FGM002T0C101,high
storage,Western Digital,"Western Digital Blue",WD40EZAZ,high
storage,Western Digital,"Western Digital Blue SN570",WDS500G3B0C,high
storage,Crucial,"Crucial T700",CT4000T700SSD3,high
storage,PNY,"PNY CS2230",M280CS2230-1TB-RB,high
storage,Crucial,"Crucial P3 Plus",CT4000P3PSSD8,high
storage,Western Digital,"Western Digital Green",WD40EZRX,high
storage,Western Digital,"Western Digital AV-25",WD10JUCT,high
storage,Western Digital,"Western Digital Red Plus",WD80EFPX,high
storage,Corsair,"Corsair MP700 Elite",CSSD-F2000GBMP700ENH,high
storage,TeamGroup,"TEAMGROUP MP33",TM8FP6256G0C101,high
storage,Western Digital,"Western Digital Blue SA510",WDS100T3B0A,high
storage,PNY,"PNY CS1030",M280CS1030-500-RB,high
storage,Corsair,"Corsair MP700 PRO",CSSD-F2000GBMP700PNH,high
storage,Western Digital,"Western Digital Blue SN550",WDS500G2B0C,high
storage,Patriot,"Patriot Viper VP4300 Lite",VP4300L2TBM28H,high
storage,Western Digital,"Western Digital Black SN750",WDS500G3X0C,high
storage,Patriot,"Patriot Viper VP4300 Lite",VP4300L1TBM28H,high
storage,PNY,"PNY CS900",SSD7CS900-250-RB,high
storage,Crucial,"Crucial T705",CT1000T705SSD3,high
storage,Western Digital,"Western Digital WD_BLACK SN8100 w/Heatsink",WDS800T1XHM-00CMT0,high
storage,Western Digital,"Western Digital Blue SA510",WDS200T3B0A,high
storage,Patriot,"Patriot P400 V4",P400VP1TBM28H,high
storage,TeamGroup,"TEAMGROUP QX",T253X74000G0C101,high
storage,Corsair,"Corsair MP700 PRO SE",CSSD-F4000GBMP700PNHS,high
storage,SanDisk,"SanDisk Extreme",SDSSDX3N-1T00-G26,high
storage,PNY,"PNY CS1030",M280CS1030-1TB-RB,high
storage,Intel,"Intel D3-S4620",SSDSC2KG038TZ01,high
storage,Crucial,"Crucial P1",CT1000P1SSD8,high
storage,Lexar,"Lexar NM790",LNM790X512G-RNNNG,high
storage,Western Digital,"Western Digital Red Plus",WD40EFPX,high
storage,SanDisk,"SanDisk SSD PLUS",SDSSDA-1T00-G26,high
storage,Lexar,"Lexar Professional NM1090 PRO",LNM109P002T-RNNNU,high
storage,TeamGroup,"TEAMGROUP T-FORCE G70 PRO Graphene",TM8FFH002T0C129,high
storage,Crucial,"Crucial BX500",CT240BX500SSD1,high
storage,PNY,"PNY CS2150",M280CS2150-1TB-TB,high
storage,Intel,"Intel 660p",SSDPEKNW020T8X1,high
storage,Crucial,"Crucial MX500",CT2000MX500SSD1,high
storage,Corsair,"Corsair MP700 PRO XT",CSSD-F20GBMP700PXNH,high
storage,Crucial,"Crucial P310 w/ Acronis Data Recovery",CT4000P310SSD801,high
storage,Western Digital,"Western Digital Black SN770",WDS250G3X0E,high
storage,Corsair,"Corsair MP600 PRO XT",CSSD-F1000GBMP600PXT,high
storage,Lexar,"Lexar NS100",LNS100-1TRBNA,high
storage,Patriot,"Patriot P310",P310P240GM28,high
storage,Western Digital,"Western Digital Caviar Blue",WD5000AAKX,high
storage,Crucial,"Crucial P2",CT1000P2SSD8,high
storage,Western Digital,"Western Digital Black",WD4003FZEX,high
storage,Crucial,"Crucial P3",CT2000P3SSD8,high
storage,Lexar,"Lexar NM710",LNM710X001T-RNNNG,high
storage,Western Digital,"Western Digital WD Red Pro",WD260KFGX,high
storage,Western Digital,"Western Digital Blue",WDS100T2B0B,high
storage,SanDisk,"SanDisk WD Blue SN5100",WDS500G5B0E-00CPE0,high
storage,Lexar,"Lexar NM620",LNM620X512G-RNNNG,high
storage,Corsair,"Corsair MP600 CORE XT R2",CSSD-F2000GBMP600CXTR2,high
storage,Crucial,"Crucial T705 W/Heatsink",CT4000T705SSD5,high
storage,TeamGroup,"TEAMGROUP MP44Q",TM8FFD001T0C101,high
storage,TeamGroup,"TEAMGROUP T-Force Vulcan Z",T253TZ256G0C101,high
storage,Crucial,"Crucial P5 Plus",CT1000P5PSSD8,high
storage,Western Digital,"Western Digital Green",WDS240G2G0A,high
storage,Netac,"Netac NV3000",NT01NV3000-2T0-E4X,high
storage,Crucial,"Crucial P310 w/ Acronis Data Recovery",CT500P310SSD801,high
storage,Crucial,"Crucial P3 Plus",CT500P3PSSD8,high
storage,Western Digital,"Western Digital VelociRaptor",WD1000CHTZ,high
storage,Crucial,"Crucial BX500",CT500BX500SSD1,high
storage,Lexar,"Lexar Professional NM1090 PRO",LNM109P001T-RNNNU,high
storage,Kioxia,"KIOXIA EXCERIA PLUS G3",LSD10Z002TG8,high
storage,Lexar,"Lexar NM790",LNM790X008T-RNNNU,high
storage,Crucial,"Crucial P2",CT500P2SSD8,high
storage,Western Digital,"Western Digital Green",WDS120G2G0A,high
storage,Western Digital,"Western Digital WD_BLACK",WD1003FZEX,high
storage,Western Digital,"Western Digital Blue SN580",WDS500G3B0E,high
storage,Lexar,"Lexar NM620",LNM620X256G-RNNNG,high
storage,PNY,"PNY CS3150 RGB",M280CS3150XHS-1TB-RB,high
storage,Western Digital,"Western Digital Red Plus",WD60EFPX,high
storage,Corsair,"Corsair MP600 PRO LPX",CSSD-F1000GBMP600PLP,high
storage,Western Digital,"Western Digital Black SN850",WDS100T1X0E,high
storage,TeamGroup,"TEAMGROUP T-Force Cardea A440 Pro",TM8FPR002T0C129,high
storage,Patriot,"Patriot P320",P320P256GM28,high
storage,Lexar,"Lexar Professional NM1090 PRO",LNM109P004T-RNNNU,high
storage,Patriot,"Patriot P220",P220S128G25,high
storage,Patriot,"Patriot P400 Lite",P400LP500GM28H,high
storage,Western Digital,"Western Digital WD_BLACK",WD6004FZBX,high
storage,PNY,"PNY CS2140",M280CS2140-1TB-RB,high
storage,Western Digital,"Western Digital WD_BLACK",WD8002FZBX,high
storage,Lexar,"Lexar NM620",LNM620X002T-RNNNG,high
storage,Sabrent,"Sabrent Rocket 4",SB-RKT4L-4TB,high
storage,Western Digital,"Western Digital WD Red Pro",WD8005FFBX,high
storage,Crucial,"Crucial P3",CT500P3SSD8,high
storage,SanDisk,"SanDisk Optimus GX 7100",SDSP71500GAN-000E0,high
storage,Western Digital,"Western Digital WD_BLACK SN850P for PS5",WDBBYV0020BNC-WRSN,high
storage,Western Digital,"Western Digital WD Green SN3000",WDS500G4G0E-00CPS0,high
storage,Kioxia,"KIOXIA EXCERIA",LTC10Z960GG8,high
storage,SanDisk,"SanDisk Extreme",SDSSDX3N-500G-G26,high
storage,SanDisk,"SanDisk SSD PLUS",SDSSDA-240G-G26,high
storage,Western Digital,"Western Digital WD_BLACK",WD2003FZEX,high
storage,Western Digital,"Western Digital WD Blue",WD80EAAZ,high
storage,TeamGroup,"TEAMGROUP MP44",TM8FPW004T0C101,high
storage,Lexar,"Lexar NM990",LNM990X002T-RNNNG,high
storage,Corsair,"Corsair MP700 Elite",CSSD-F1000GBMP700ENH,high
storage,Western Digital,"Western Digital Blue",WDS500G2B0B,high
storage,Western Digital,"Western Digital WD Red Pro",WD241KFGX,high
storage,PNY,"PNY CS900",SSD7CS900-2TB-RB,high
storage,Patriot,"Patriot Burst Elite",PBE240GS25SSDR,high
storage,Crucial,"Crucial T500",CT4000T500SSD3,high
storage,SanDisk,"SanDisk SSD PLUS",SDSSDA3N-250G-G26,high
storage,PNY,"PNY CS2241",M280CS2241-2TB-CL,high
storage,Western Digital,"Western Digital Scorpio Blue",WD2500BPVT,high
storage,Corsair,"Corsair MP600 ELITE",CSSD-F2000GBMP600ENH,high
storage,Western Digital,"Western Digital AV-GP",WD10EURX,high
storage,Corsair,"Corsair MP600 Force Series Gen4",CSSD-F1000GBMP600,high
storage,Lexar,"Lexar NM610PRO",LNM610P001T-RNNNG,high
storage,Corsair,"Corsair MP600 PRO XT",CSSD-F2000GBMP600PXT,high
storage,Intel,"Intel 660p",SSDPEKNW512G8XT,high
storage,Crucial,"Crucial T700",CT2000T700SSD3,high
storage,TeamGroup,"TEAMGROUP T-Force Cardea Z540",TM8FF1004T0C129,high
storage,PNY,"PNY CS2241",M280CS2241-1TB-CL,high
storage,Western Digital,"Western Digital WDBSLA0040HNC-NRSN",WDBSLA0040HNC-NRSN,low
storage,Kioxia,"KIOXIA EXCERIA PLUS G4",LVD10Z001TG8,high
storage,Patriot,"Patriot P220",P220S512G25,high
storage,Western Digital,"Western Digital WD Blue",WD40EZAX,high
storage,Western Digital,"Western Digital Blue",WDS200T2B0A,high
storage,Western Digital,"Western Digital Black SN850",WDS500G1XHE,high
storage,Intel,"Intel D3-S4610",SSDSC2KG076T801,high
storage,TeamGroup,"TEAMGROUP T-FORCE G70 PRO Graphene",TM8FFH004T0C129,high
storage,Western Digital,"Western Digital WD Red Pro",WD181KFGX,high
storage,Patriot,"Patriot Viper VP4300 Lite",VP4300L500GM28H,high
storage,Western Digital,"Western Digital Red Plus",WD120EFBX,high
storage,PNY,"PNY CS1030",M280CS1030-250-RB,high
storage,Western Digital,"Western Digital WD Blue",WD60EZAX,high
storage,Western Digital,"Western Digital WD Red Pro",WD161KFGX,high
storage,Lexar,"Lexar NM990",LNM990X001T-RNNNG,high
storage,Crucial,"Crucial T700",CT1000T700SSD3,high
storage,Lexar,"Lexar NM790 w/Heatsink",LNM790X002T-RN9NU,high
storage,Western Digital,"Western Digital Gold",WD261KRYZ,high
storage,TeamGroup,"TEAMGROUP T-Force GC PRO",TM8FFL004T0C129,high
storage,Crucial,"Crucial T500 W/Heatsink",CT1000T500SSD5,high
storage,Patriot,"Patriot P210",P210S1TB25,high
storage,Western Digital,"Western Digital Blue",WDBH2D0010HNC-NRSN,high
storage,TeamGroup,"TEAMGROUP T-FORCE G70 PRO Graphene",TM8FFH001T0C129,high
storage,TeamGroup,"TEAMGROUP MP44",TM8FPW002T0C101,high
storage,Kioxia,"KIOXIA EXCERIA G3",LVC10Z002TG8,high
storage,Corsair,"Corsair MP700 PRO XT",CSSD-F40GBMP700PXNH,high
storage,Crucial,"Crucial T700 W/Heatsink",CT2000T700SSD5,high
storage,Crucial,"Crucial BX500",CT480BX500SSD1,high
storage,Lexar,"Lexar NM610PRO",LNM610P500G-RNNNG,high
storage,Crucial,"Crucial T705 W/Heatsink",CT2000T705SSD5,high
storage,TeamGroup,"TEAMGROUP MP33 PRO",TM8FPD001T0C101,high
storage,Patriot,"Patriot P400 V4",P400VP4TBM28H,high
storage,Intel,"Intel SSDPEDMD020T401",SSDPEDMD020T401,low
storage,TeamGroup,"TEAMGROUP AX2",T253A3001T0C101,high
storage,Corsair,"Corsair MP600 CORE XT",CSSD-F1000GBMP600CXT,high
storage,Western Digital,"Western Digital WD Red Pro",WD122KFBX,high
storage,Lexar,"Lexar NM990",LNM990X004T-RNNNG,high
storage,Western Digital,"Western Digital SN530",SDBPNPZ-512G,high
storage,Western Digital,"Western Digital Red Plus",WD20EFPX,high
storage,Patriot,"Patriot P220",P220S256G25,high
storage,Patriot,"Patriot P320",P320P128GM28,high
storage,SanDisk,"SanDisk SSD PLUS",SDSSDA3N-1T00-G26,high
storage,Western Digital,"Western Digital Blue",WDS250G2B0A,high
storage,SanDisk,"SanDisk Optimus 5100",SDSP51500GAN-000E0,high
storage,Intel,"Intel 670p",SSDPEKNU010TZX1,high
storage,SanDisk,"SanDisk Ultra 3D",SDSSDH3-500G-G25,high
storage,Western Digital,"Western Digital WD Blue",WD120EAGZ,high
storage,Crucial,"Crucial P310 w/Heatsink",CT4000P310SSD5,high
storage,Sabrent,"Sabrent Rocket 4.0",SB-ROCKET-NVME4-1TB,high
storage,Kioxia,"KIOXIA EXCERIA",LTC10Z480GG8,high
storage,SanDisk,"SanDisk Optimus GX PRO 850X (w/Heatsink)",SDSP81800TAH-000E0,high
storage,Western Digital,"Western Digital WD Red Pro",WD4005FFBX,high
storage,Patriot,"Patriot P410",P410P2TBM28H,high
storage,Western Digital,"Western Digital Blue",WDBH2D0020HNC-NRSN,high
storage,TeamGroup,"TEAMGROUP CX2",T253X6001T0C101,high
storage,Corsair,"Corsair MP700 Elite w/Heatsink",CSSD-F1000GBMP700EHS,high
storage,TeamGroup,"TEAMGROUP MS30",TM8PS7002T0C101,high
storage,TeamGroup,"TEAMGROUP MP44",TM8FPW001T0C101,high
storage,Western Digital,"Western Digital Blue",WD20EZAZ,high
storage,Netac,"Netac NV7000-t",NT01NV7000T-2T0-E4X,high
storage,TeamGroup,"TEAMGROUP MS30",TM8PS7001T0C101,high
storage,Western Digital,"Western Digital WD Red Pro",WD202KFGX,high
storage,Crucial,"Crucial T500",CT500T500SSD8,high
storage,Crucial,"Crucial P1",CT500P1SSD8,high
storage,Western Digital,"Western Digital WD_BLACK SN850P for PS5",WDBBYV0010BNC-WRSN,high
storage,Western Digital,"Western Digital AV-GP",WD5000AVDS,high
storage,Western Digital,"Western Digital WD_BLACK SN8100 w/Heatsink",WDS400T1XHM,high
storage,Corsair,"Corsair MP600 PRO LPX",CSSD-F2000GBMP600PLP,high
storage,Western Digital,"Western Digital Gold",WD241KRYZ,high
storage,Western Digital,"Western Digital PC SN730",SDBPNTY-256G,high
storage,Western Digital,"Western Digital Blue SA510",WDS400T3B0A,high
storage,Crucial,"Crucial MX500",CT250MX500SSD1,high
storage,Corsair,"Corsair MP400",CSSD-F8000GBMP400,high
storage,TeamGroup,"TEAMGROUP QX",T253X7002T0C101,high
storage,Corsair,"Corsair MP600 PRO LPX",CSSD-F8000GBMP600PLP,high
storage,Western Digital,"Western Digital Caviar Green",WD10EADS,high
storage,TeamGroup,"TEAMGROUP MP44Q",TM8FFD002T0C101,high
storage,Crucial,"Crucial P2",CT250P2SSD8,high
storage,Western Digital,"Western Digital Ultrastar DC HC560",0F48155,high
storage,Western Digital,"Western Digital Blue",WD5000AZLX,high
storage,TeamGroup,"TEAMGROUP T-Force Z44A7Q",TM8FFW002T0C129,high
storage,Crucial,"Crucial T705 W/Heatsink Limited Edition",CT2000T705SSD5A,high
storage,TeamGroup,"TEAMGROUP NV10000",TM8FGP001T0C101,high
storage,PNY,"PNY CS1031",M280CS1031-500-CL,high
storage,Corsair,"Corsair MP600 CORE XT",CSSD-F4000GBMP600CXT,high
storage,Corsair,"Corsair MP700 PRO",CSSD-F1000GBMP700PNH,high
storage,Sabrent,"Sabrent Rocket Q",SB-RKTQ-1TB,high
storage,Western Digital,"Western Digital Blue",WDS250G2B0B,high
storage,Crucial,"Crucial MX500",CT4000MX500SSD1,high
storage,Western Digital,"Western Digital Green",WDS240G3G0A,high
storage,Western Digital,"Western Digital Green",WDS100T3G0A,high
storage,Western Digital,"Western Digital Caviar Green",WD10EACS,high
storage,Patriot,"Patriot P400 V4",P400VP2TBM28H,high
storage,Crucial,"Crucial T500 W/Heatsink",CT4000T500SSD5,high
storage,Western Digital,"Western Digital Black SN850",WDS200T1X0E,high
storage,Western Digital,"Western Digital Ultrastar DC HC520",0F30144,high
storage,TeamGroup,"TEAMGROUP T-Force GE PRO AirFlow",TM8FG3004T0C133,high
storage,Western Digital,"Western Digital Blue SA510",WDS500G3B0A,high
storage,Sabrent,"Sabrent Rocket 4 Plus",SB-RKT4P-4TB,high
storage,SanDisk,"SanDisk Optimus GX 7100",SDSP71100TAN-000E0,high
storage,Western Digital,"Western Digital Blue SN570",WDS200T3B0C,high
storage,Western Digital,"Western Digital Red Plus",WD40EFZX,high
storage,Western Digital,"Western Digital Black AN1500",WDS400T1X0L,high
storage,Lexar,"Lexar NM790 w/Heatsink",LNM790X004T-RN9NU,high
storage,Patriot,"Patriot P310",P310P192TM28,high
storage,PNY,"PNY CS2230",M280CS2230-500-RB,high
storage,SanDisk,"SanDisk Optimus GX PRO 850X",SDSP81800TAN-000E0,high
storage,Western Digital,"Western Digital WD Red Pro",WD103KFBX,high
storage,Crucial,"Crucial T700 W/Heatsink",CT1000T700SSD5,high
storage,Intel,"Intel 665p",SSDPEKNW010T9X1,high
storage,TeamGroup,"TEAMGROUP MS30",TM8PS7512G0C101,high
storage,Western Digital,"Western Digital Green",WDS480G3G0A,high
storage,Western Digital,"Western Digital WD_BLACK SN8100 w/Heatsink",WDS100T1XHM,high
storage,Western Digital,"Western Digital WD_BLACK",WD4006FZBX,high
storage,Western Digital,"Western Digital WD Red Pro",WD142KFGX,high
storage,Crucial,"Crucial P3",CT4000P3SSD8,high
storage,Crucial,"Crucial T500 W/Heatsink",CT2000T500SSD5,high
storage,TeamGroup,"TEAMGROUP MP33 PRO",TM8FPD512G0C101,high
storage,TeamGroup,"TEAMGROUP MP44Q",TM8FFD004T0C101,high
storage,SanDisk,"SanDisk SSD PLUS",SDSSDA-480G-G26,high
storage,Sabrent,"Sabrent Rocket 5",SB-RKT5-4TB,high
storage,SanDisk,"SanDisk Extreme",SDSSDX3N-2T00-G26,high
storage,TeamGroup,"TEAMGROUP T-FORCE GA PRO",TM8FFJ001T0C129,high
storage,PNY,"PNY CS2140",M280CS2140-500-RB,high
storage,Western Digital,"Western Digital Black SN750 SE",WDS100T1B0E,high
storage,Patriot,"Patriot P310",P310P960GM28,high
storage,Corsair,"Corsair MP600 PRO NH",CSSD-F1000GBMP600PNH,high
storage,Corsair,"Corsair MP600 ELITE",CSSD-F1000GBMP600ENH,high
storage,Kioxia,"KIOXIA EXCERIA G2",LRC20Z001TG8,high
storage,Western Digital,"Western Digital Purple",WD43PURZ,high
storage,Intel,"Intel 670p",SSDPEKNU020TZX1,high
storage,Crucial,"Crucial T705 W/Heatsink",CT1000T705SSD5,high
storage,Intel,"Intel Optane 905P",SSDPED1D015TAX1,high
storage,Crucial,"Crucial P2",CT2000P2SSD8,high
storage,Western Digital,"Western Digital Ultrastar DC HC550",0F38459,high
storage,Intel,"Intel 660p",SSDPEKNW512G801,high
storage,Western Digital,"Western Digital DC HC530",WUH721414ALE6L4,high
storage,Lexar,"Lexar NQ710",LNQ710X001T-RNNNU,high
storage,Western Digital,"Western Digital WD Blue",WD10EARZ,high
storage,Corsair,"Corsair MP600 PRO NH",CSSD-F8000GBMP600PNH,high
storage,SanDisk,"SanDisk SSD PLUS",SDSSDA3N-2T00-G26,high
storage,Intel,"Intel Optane 905P",SSDPE21D015TAX1,high
storage,Western Digital,"Western Digital Blue Mobile",WD10SPZX,high
storage,Intel,"Intel 660p",SSDPEKNW010T801,high
storage,PNY,"PNY CS3140",M280CS3140-1TB-RB,high
storage,Western Digital,"Western Digital WD_BLACK SN8100 w/Heatsink",WDS200T1XHM,high
storage,Western Digital,"Western Digital Black SN750",WDS200T3X0C,high
storage,Western Digital,"Western Digital Black SN750 SE",WDS500G1B0E,high
storage,Western Digital,"Western Digital PC SN730",SDBPNTY-512G,high
storage,PNY,"PNY CS2150",M280CS2150-2TB-TB,high
storage,PNY,"PNY CS1031",M280CS1031-256-CL,high
storage,Western Digital,"Western Digital Red",WD30EFRX,high
storage,Western Digital,"Western Digital VelociRaptor",WD1000DHTZ,high
storage,Corsair,"Corsair MP700 PRO",CSSD-F4000GBMP700PNH,high
storage,Western Digital,"Western Digital Blue",WD40EZRZ,high
storage,Crucial,"Crucial P5",CT1000P5SSD8,high
storage,SanDisk,"SanDisk Ultra 3D",SDSSDH3-1T00-G25,high
storage,Western Digital,"Western Digital AV-GP",WD20EURS,high
storage,TeamGroup,"TEAMGROUP CX2",T253X6002T0C101,high
storage,TeamGroup,"TEAMGROUP MP34",TM8FP4004T0C101,high
storage,TeamGroup,"TEAMGROUP EX2",T253E2016T0C101,high
storage,Western Digital,"Western Digital Black",WDS512G1X0C,high
storage,SanDisk,"SanDisk WD Blue SN5100",WDS400T5B0E-00CPE0,high
storage,Corsair,"Corsair MP700 PRO SE with Air Cooler",CSSD-F4000GBMP700PROS,high
storage,Western Digital,"Western Digital Red",WD40EFRX,high
storage,Western Digital,"Western Digital WD Red Pro",WD221KFGX,high
storage,Western Digital,"Western Digital Blue",WD10SPCX,high
storage,Corsair,"Corsair MP700 PRO XT",CSSD-F10GBMP700PXNH,high
storage,Western Digital,"Western Digital Caviar Green",WD5000AADS,high
storage,Western Digital,"Western Digital AV-GP",WD20EURX,high
storage,Western Digital,"Western Digital WD_BLACK SN850P for PS5",WDBBYV0040BNC-WRSN,high
storage,Western Digital,"Western Digital WD Red Pro",WD6005FFBX,high
storage,TeamGroup,"TEAMGROUP GX2",T253X2512G0C101,high
storage,Corsair,"Corsair MP600 CORE XT",CSSD-F2000GBMP600CXT,high
storage,Sabrent,"Sabrent Rocket",SB-ROCKET-1TB,high
storage,PNY,"PNY CS2241",M280CS2241-500-CL,high
storage,Lexar,"Lexar NM790 w/Heatsink",LNM790X001T-RN9NU,high
storage,Western Digital,"Western Digital Black",WD10SPSX,high
storage,Western Digital,"Western Digital Blue",WD20EZRZ,high
storage,Lexar,"Lexar EQ790",LEQ790X004T-RNNNG,high
storage,Lexar,"Lexar NS100",LNS100-128RB,high
storage,Western Digital,"Western Digital Red SN700",WDS400T1R0C,high
storage,SanDisk,"SanDisk Optimus GX 7100",SDSP71200TAN-000E0,high
storage,Western Digital,"Western Digital RE3",WD2502ABYS,high
storage,Crucial,"Crucial P5 Plus",CT500P5PSSD8,high
storage,Western Digital,"Western Digital PC SN730",SDBPNTY-1TOO,high
storage,Western Digital,"Western Digital Blue",WD80EAZZ,high
storage,Western Digital,"Western Digital Gold",WD221KRYZ,high
storage,Lexar,"Lexar NS100",LNS100-256RBNA,high
storage,Western Digital,"Western Digital WDBSLA0020HNC-NRSN",WDBSLA0020HNCNRSN,high
storage,Sabrent,"Sabrent Rocket 4 Plus",SB-RKT4P-2TB,high
storage,Western Digital,"Western Digital Blue SN550",WDS250G2B0C,high
storage,Patriot,"Patriot Burst Elite",PBE960GS25SSDR,high
storage,TeamGroup,"TEAMGROUP T-Force Cardea Z540",TM8FF1001T0C129,high
storage,Crucial,"Crucial MX500",CT1000MX500SSD4,high
storage,SanDisk,"SanDisk Optimus GX PRO 8100 (w/Heatsink)",SDSP82400TAH-000E0,high
storage,Western Digital,"Western Digital Scorpio Blue",WD800BEVS,high
storage,Western Digital,"Western Digital RE4",WD1003FBYX,high
storage,TeamGroup,"TEAMGROUP T-Force GC PRO",TM8FFL002T0C129,high
storage,Corsair,"Corsair MP600 PRO XT",CSSD-F8000GBMP600PXT,high
storage,SanDisk,"SanDisk SSD PLUS",SDSSDA-2T00-G26,high
storage,Corsair,"Corsair MP600 PRO LPX",CSSD-F2000GBMP600PLPW,high
storage,PNY,"PNY CS900",SSD7CS900-120-PB,high
storage,Sabrent,"Sabrent Rocket 4",SB-RKT4L-1TB,high
storage,Kioxia,"KIOXIA EXCERIA PRO",LSE10Z001TG8,high
storage,Western Digital,"Western Digital Black PCIe",WDS256G1X0C,high
storage,Western Digital,"Western Digital WD_BLACK SN770M",WDBDNH0010BBK-WRSN,high
storage,Western Digital,"Western Digital Red",WD40EFAX,high
storage,TeamGroup,"TEAMGROUP GX2",T253X2001T0C101,high
storage,Western Digital,"Western Digital Caviar Black",WD2002FAEX,high
storage,Western Digital,"Western Digital WD_BLACK",WD101FZBX,high
storage,Netac,"Netac NV3000",NT01NV3000-250-E4X,high
storage,Crucial,"Crucial MX300",CT525MX300SSD1,high
storage,Corsair,"Corsair MP600 Force Series Gen4",CSSD-F2000GBMP600,high
storage,Western Digital,"Western Digital Green SN350",WDS480G2G0C,high
storage,Kioxia,"KIOXIA BG5",KBG50ZNV512G,high
storage,Lexar,"Lexar NM1090 w/ Heatsink",LNM1090002T-RNANU,high
storage,Western Digital,"Western Digital RE",WD3000FYYZ,high
storage,Western Digital,"Western Digital Caviar Black",WD1002FAEX,high
storage,Intel,"Intel 660p",SSDPEKNW512G8X1,high
storage,SanDisk,"SanDisk Ultra II",SDSSDHII480GG25,high
storage,Crucial,"Crucial MX500",CT500MX500SSD4,high
storage,Western Digital,"Western Digital SN520",SDAPNUW-512G,high
storage,Western Digital,"Western Digital WD Blue",WDBNCE5000PNC-WRSN,high
storage,Western Digital,"Western Digital Blue SN570",WDS250G3B0C,high
storage,Corsair,"Corsair MP510",CSSD-F960GBMP510,high
storage,Western Digital,"Western Digital WD_BLACK SN770M",WDBDNH5000ABK-WRSN,high
storage,Intel,"Intel X25-V",SSDSA2MP040G2K5,high
storage,SanDisk,"SanDisk Optimus 5100",SDSP51100TAN-000E0,high
storage,Corsair,"Corsair MP600 PRO NH",CSSD-F2000GBMP600PNH,high
storage,Western Digital,"Western Digital Caviar Green",WD20EADS,high
storage,Lexar,"Lexar NM710",LNM710X002T-RNNNG,high
storage,SanDisk,"SanDisk Optimus 5100",SDSP51200TAN-000E0,high
storage,TeamGroup,"TEAMGROUP Cardea A440",TM8FPZ002T0C327,high
storage,Kioxia,"KIOXIA EXCERIA PRO G2",LVE10Z2T04G8,high
storage,TeamGroup,"TEAMGROUP QX",T253X7512G0C101,high
storage,TeamGroup,"TEAMGROUP T-FORCE Z44A7",TM8FPV002T0C129,high
storage,Western Digital,"Western Digital WD_BLACK SN770M",WDBDNH0020BBK-WRSN,high
storage,Kioxia,"KIOXIA EXCERIA PRO G2",LVE10Z1T02G8,high
storage,Lexar,"Lexar NS100",LNS100-128RBNA,high
storage,Crucial,"Crucial MX100",CT512MX100SSD1,high
storage,PNY,"PNY CS900",SSD7CS900-240-RB,high
storage,Sabrent,"Sabrent Rocket",SB-1342-512,high
storage,Western Digital,"Western Digital Red",WD80EFAX,high
storage,Western Digital,"Western Digital AV-GP",WD2500AVCS,high
storage,Western Digital,"Western Digital Red",WD20EFRX,high
storage,SanDisk,"SanDisk SSD PLUS",SDSSDA3N-500G-G26,high
storage,TeamGroup,"TEAMGROUP T-FORCE G70 PRO Aluminum",TM8FFH002T0C128,high
storage,Western Digital,"Western Digital Gold",WD142KRYZ,high
storage,Corsair,"Corsair MP400",CSSD-F1000GBMP400R2,high
storage,Western Digital,"Western Digital Blue SN550",WDBA3V5000ANC-WRSN,high
storage,Corsair,"Corsair MP600 PRO NH",CSSD-F4000GBMP600PNH,high
storage,Western Digital,"Western Digital Black AN1500",WDS100T1X0L-00AUJ0,high
storage,TeamGroup,"TEAMGROUP MP44",TM8FPW008T0C101,high
storage,Western Digital,"Western Digital VelociRaptor",WD3000HLFS,high
storage,Western Digital,"Western Digital Green",WDS200T2G0A,high
storage,Western Digital,"Western Digital Green SN350",WDS960G2G0C,high
storage,Lexar,"Lexar NS100",LNS100-2TRB,high
storage,Corsair,"Corsair MP700 PRO w/Heatsink",CSSD-F2000GBMP700PRO,high
storage,Western Digital,"Western Digital Scorpio Blue",WD10TPVT,high
storage,SanDisk,"SanDisk Solid State Drive",SDSSDP128GG25,high
storage,Corsair,"Corsair Neutron NX500",CSSD-N800GBNX500,high
storage,Sabrent,"Sabrent Rocket",SB-ROCKET-256,high
storage,Sabrent,"Sabrent Rocket",SB-ROCKET-2TB,high
storage,Intel,"Intel Optane P1600X",SSDPEK1A058GA01,high
storage,Netac,"Netac NV7000",NT01NV7000-1T0-E4X,high
storage,Patriot,"Patriot VPN100",VPN100-2TBM28H,high
storage,Western Digital,"Western Digital Black",WD5000BPKX,high
storage,Western Digital,"Western Digital Caviar Green",WD10EARS,high
storage,Kioxia,"KIOXIA EXCERIA G2",LRC20Z002TG8,high
storage,TeamGroup,"TEAMGROUP QX",T253X7001T0C101,high
storage,TeamGroup,"TEAMGROUP T-Force Cardea Z44L",TM8FPL001T0C127,high
storage,PNY,"PNY CS3140",M280CS3140-8TB-RB,high
storage,Western Digital,"Western Digital VelociRaptor",WD1500HLFS,high
storage,Western Digital,"Western Digital Caviar Blue",WD5000LPVX,high
storage,Corsair,"Corsair MP600 PRO XT",CSSD-F4000GBMP600PXT,high
storage,AMD,"AMD RADEON-R7SSD-480G",RADEONR7SSD480G,high
storage,Crucial,"Crucial MX300",CT1050MX300SSD1,high
storage,TeamGroup,"TEAMGROUP QX",T253X7153T0C101,high
storage,Patriot,"Patriot P410",P410P4TBM28H,high
storage,Western Digital,"Western Digital WDBMYH0010BNC-NRSN",WDBMYH0010BNCNRSN,high
storage,Western Digital,"Western Digital Gold",WD122KRYZ,high
storage,Western Digital,"Western Digital Red SN700",WDS200T1R0C,high
storage,Western Digital,"Western Digital Blue",WD30EZRZ,high
storage,Western Digital,"Western Digital Black SN750",WDS400T3X0C,high
storage,Western Digital,"Western Digital Caviar Green",WD20EARX,high
storage,Patriot,"Patriot P400",P400P1TBM28H,high
storage,Corsair,"Corsair MP600 PRO LPX",CSSD-F4000GBMP600PLPW,high
storage,Crucial,"Crucial M500",CT240M500SSD1,high
storage,Sabrent,"Sabrent Rocket 4.0",SB-ROCKET-NVME4-2TB,high
storage,SanDisk,"SanDisk X400",SD8SN8U-256G-2000,high
storage,Western Digital,"Western Digital PC SN740 Opal",SDDQNQD-512G,high
storage,TeamGroup,"TEAMGROUP MP44S",TM5FF3002T0C101,high
storage,TeamGroup,"TEAMGROUP MS30",TM8PS7256G0C101,high
storage,Western Digital,"Western Digital WD Red Pro",WD2002FFSX,high
storage,Patriot,"Patriot P220",P220S1TB25,high
storage,Western Digital,"Western Digital Caviar Black",WD1001FALS,high
storage,SanDisk,"SanDisk Ultra 3D",SDSSDH3-4T00-G25,high
storage,Western Digital,"Western Digital Blue",WD3200LPVX,high
storage,Lexar,"Lexar NQ100",LNQ100X480G-RNNNG,high
storage,Corsair,"Corsair MP600 PRO LPX",CSSD-F1000GBMP600PLPW,high
storage,Western Digital,"Western Digital Green",WDS120G1G0B,high
storage,Corsair,"Corsair MP600 MINI",CSSD-F2000GBMP600MNR2,high
storage,Western Digital,"Western Digital Ultrastar DC HC550",0F38462,high
storage,Corsair,"Corsair MP600 ELITE PS5",CSSD-F1000GBMP600ECS,high
storage,TeamGroup,"TEAMGROUP T-Create Classic C47",TM8FFC002T0C129,high
storage,SanDisk,"SanDisk Optimus GX PRO 850X",SDSP81100TAN-000E0,high
storage,PNY,"PNY XLR8 CS3030",M280CS3030-500-RB,high
storage,Intel,"Intel DC P3700",SSDPEDMD800G401,high
storage,Lexar,"Lexar NQ780",LNQ780X002T-RNNNU,high
storage,Corsair,"Corsair MP700 PRO w/Heatsink",CSSD-F4000GBMP700PRO,high
storage,Crucial,"Crucial BX500",CT960BX500SSD1,high
storage,Intel,"Intel Optane 900P",SSDPED1D480GASX,high
storage,Patriot,"Patriot Viper VPN110",VPN110-512GM28H,high
storage,PNY,"PNY CS2241",M280CS2241-4TB-CL,high
storage,Western Digital,"Western Digital PC SN740 Pyrite",SDDPNQD-256G,high
storage,Western Digital,"Western Digital WD Red Pro",WD6002FFWX,high
storage,Western Digital,"Western Digital Gold",WD161KRYZ,high
storage,Western Digital,"Western Digital Blue",WD60EZRZ,high
storage,Western Digital,"Western Digital Gold",WD181KRYZ,high
storage,Corsair,"Corsair MP700 MICRO",CSSD-F4000GBMP700MCR,high
storage,Intel,"Intel 660p",SSDPEKNW020T801,high
storage,Corsair,"Corsair MP700 PRO w/Heatsink",CSSD-F1000GBMP700PRO,high
storage,Western Digital,"Western Digital Red Plus",WD10EFRX,high
storage,Western Digital,"Western Digital Blue",WD7500BPVX,high
storage,SanDisk,"SanDisk Optimus GX PRO 850X",SDSP81400TAN-000E0,high
storage,Western Digital,"Western Digital Caviar Blue",WD5000AAKS,high
storage,SanDisk,"SanDisk Optimus GX PRO 8100 (w/Heatsink)",SDSP82100TAH-000E0,high
storage,Crucial,"Crucial M4",CT064M4SSD2,high
storage,SanDisk,"SanDisk Ultra II",SDSSDHII240GG25,high
storage,SanDisk,"SanDisk X400",SD8SN8U128G1122,high
storage,Intel,"Intel 600p",SSDPEKKW512G7X1,high
storage,Crucial,"Crucial MX300",CT525MX300SSD4,high
storage,Western Digital,"Western Digital Green",WDS240G1G0B,high
storage,Intel,"Intel 545s",SSDSC2KW512G8X1,high
storage,Corsair,"Corsair MP510",CSSD-F1920GBMP510,high
storage,TeamGroup,"TEAMGROUP T-Force Cardea Zero Z330",TM8FP8002T0C311,high
storage,SanDisk,"SanDisk Ultra",SDSSDH3N-1T00-G25,high
storage,Western Digital,"Western Digital Blue SN550",WDBA3V0010BNC-WRSN,high
storage,Western Digital,"Western Digital Black AN1500",WDS200T1X0L,high
storage,Netac,"Netac NV2000",NT01NV2000-512-E4X,high
storage,Western Digital,"Western Digital PC SN740 Pyrite",SDDPNQD-512G,high
storage,Lexar,"Lexar PLAY",LNMPLY8002T-RNNNU,high
storage,Lexar,"Lexar NQ700",LNQ700X001T-RNNNG,high
storage,Patriot,"Patriot VP4000 Mini",VP4000M1TBM23,high
storage,Western Digital,"Western Digital Red Plus",WD80EFZZ,high
storage,Western Digital,"Western Digital Red SA500",WDS100T1R0B,high
storage,Lexar,"Lexar NQ100",LNQ100X1920-RNNNG,high
storage,Western Digital,"Western Digital Caviar Blue",WD1600AAJS,high
storage,Western Digital,"Western Digital Blue",WDS250G1B0A,high
storage,Western Digital,"Western Digital Red Plus",WD60EFZX,high
storage,TeamGroup,"TEAMGROUP T-Force Cardea Z44L",TM8FPL500G0C127,high
storage,Western Digital,"Western Digital Blue",WDS100T1B0A,high
storage,Western Digital,"Western Digital Gold",WD121KRYZ,high
storage,Western Digital,"Western Digital WD_BLACK",WD5003AZEX,high
storage,Western Digital,"Western Digital Black",WD3003FZEX,high
storage,Corsair,"Corsair Force MP500",CSSD-F240GBMP500,high
storage,Western Digital,"Western Digital Gold",WD201KRYZ,high
storage,Crucial,"Crucial M4",CT128M4SSD2,high
storage,Western Digital,"Western Digital VelociRaptor",WD5000HHTZ,high
storage,Western Digital,"Western Digital Black NVMe",WDS500G2X0C,high
storage,Crucial,"Crucial MX500",CT250MX500SSD4,high
storage,Patriot,"Patriot Burst",PBU240GS25SSDR,high
storage,Sabrent,"Sabrent Rocket Q4",SB-RKTQ4-2TB,high
storage,TeamGroup,"TEAMGROUP T-Force Cardea A440 Pro",TM8FPR004T0C129,high
storage,Kioxia,"KIOXIA EXCERIA",LTC10Z240GG8,high
storage,Corsair,"Corsair MP600",CSSD-F500GBMP600R2,high
storage,Lexar,"Lexar Professional NM800PRO",LNM800P001T-RNNNG,high
storage,Netac,"Netac NV2000",NT01NV2000-1T0-E4X,high
storage,Western Digital,"Western Digital SN720",SDAPNTW-256G,high
storage,SanDisk,"SanDisk Optimus GX PRO 850X (w/Heatsink)",SDSP81400TAH-000E0,high
storage,PNY,"PNY CS2140",M280CS2140-2TB-RB,high
storage,Western Digital,"Western Digital Red",WD80EFZX,high
storage,Western Digital,"Western Digital Purple",WD20PURX,high
storage,Western Digital,"Western Digital WD Red Pro",WD102KFBX,high
storage,Patriot,"Patriot Viper VP4300",VP4300-1TBM28H,high
storage,Intel,"Intel DC P4510",SSDPE2KX010T801,high
storage,Western Digital,"Western Digital Red SA500",WDS100T1R0A,high
storage,Western Digital,"Western Digital Red SN700",WDS250G1R0C,high
storage,Western Digital,"Western Digital Caviar Blue",WD6400AAKS,high
storage,TeamGroup,"TEAMGROUP NV10000",TM8FGP002T0C101,high
storage,Western Digital,"Western Digital Scorpio Blue",WD3200BPVT,high
storage,Intel,"Intel 320",SSDSA2BT040G301,high
storage,Western Digital,"Western Digital Ultrastar DC HC330",0B42266,high
storage,Western Digital,"Western Digital RE",WD1003FBYZ,high
storage,Patriot,"Patriot P300",P300P1TBM28US,high
storage,Corsair,"Corsair MP600 ELITE w/Heatsink",CSSD-F2000GBMP600EHS,high
storage,Western Digital,"Western Digital Caviar Black",WD5002AALX,high
storage,Intel,"Intel X25-M",SSDSA2MH080G2K5,high
storage,Crucial,"Crucial M500",CT960M500SSD1,high
storage,Crucial,"Crucial MX100",CT128MX100SSD1,high
storage,Crucial,"Crucial MX200",CT250MX200SSD1,high
storage,PNY,"PNY CS1311",SSD7CS1311120RB,high
storage,TeamGroup,"TEAMGROUP MP34",TM8FP4256G0C101,high
storage,Western Digital,"Western Digital SN520",SDAPNUW-256G,high
storage,PNY,"PNY XLR8 CS3030",M280CS3030-250-RB,high
storage,SanDisk,"SanDisk X600",SD9TB8W-256G-1122,high
storage,PNY,"PNY CS2130",M280CS2130-500-RB,high
storage,PNY,"PNY XLR8 CS3040",M280CS3040-2TB-RB,high
storage,Western Digital,"Western Digital SN520",SDAPMUW-256G,high
storage,PNY,"PNY CS1031",M280CS1031-512-CL,high
storage,TeamGroup,"TEAMGROUP EX2",T253E2008T0C101,high
storage,Crucial,"Crucial P5 Plus W/Heatsink",CT1000P5PSSD5,high
storage,SanDisk,"SanDisk Optimus GX 7100",SDSP71400TAN-000E0,high
storage,Patriot,"Patriot VP4000 Mini",VP4000M500GM23,high
storage,Western Digital,"Western Digital Black",WD4001FAEX,high
storage,Western Digital,"Western Digital Scorpio Black",WD3200BEKT,high
storage,Kioxia,"KIOXIA BG4",KBG40ZNS256G,high
storage,Intel,"Intel Pro 6000p",SSDPEKKF128G7X1,high
storage,Western Digital,"Western Digital VelociRaptor",WD6000BLHX,high
storage,Intel,"Intel DC P3600",SSDPEDME016T401,high
storage,Western Digital,"Western Digital Red Plus",WD20EFZX,high
storage,Western Digital,"Western Digital WD_BLACK",WD6004FZWX,high
storage,Intel,"Intel 320",SSDSA2CW300G3K5,high
storage,Corsair,"Corsair MP600 PRO",CSSD-F4000GBMP600PRO,high
storage,Western Digital,"Western Digital Ultrastar DC HC550",0F38458,high
storage,Patriot,"Patriot Viper PV553",PV553P2TBM28H,high
storage,Western Digital,"Western Digital Caviar Blue",WD2500AAKS,high
storage,Western Digital,"Western Digital Caviar Green",WD15EARS,high
storage,Western Digital,"Western Digital Blue",WDS250G1B0B,high
storage,Western Digital,"Western Digital Red",WD60EFAX,high
storage,SanDisk,"SanDisk X600",SD9SN8W-128G-1122,high
storage,SanDisk,"SanDisk X600",SD9SB8W-128G-1122,high
storage,Western Digital,"Western Digital Red",WD30EFAX,high
storage,TeamGroup,"TEAMGROUP EX2",T253E2001T0C101,high
storage,Western Digital,"Western Digital Black SN750 Rev2",WDBRPG0010BNC-WRSN,high
storage,Western Digital,"Western Digital Red Plus",WDBAVV0040HNC-WRSN,high
storage,Western Digital,"Western Digital Gold",WD6004FRYZ,high
storage,Western Digital,"Western Digital WD Red Pro",WD4001FFSX,high
storage,Corsair,"Corsair MP600 ELITE w/Heatsink",CSSD-F4000GBMP600EHS,high
storage,Western Digital,"Western Digital Purple",WD30PURX,high
storage,Western Digital,"Western Digital BLACK SN850 Call of Duty Edition",WDBB2F0010BNC-WRSN,high
storage,Western Digital,"Western Digital Blue Mobile",WD5000LPZX,high
storage,SanDisk,"SanDisk Optimus GX PRO 850X (w/Heatsink)",SDSP81100TAH-000E0,high
storage,Western Digital,"Western Digital Scorpio Black",WD5000BEKT,high
storage,PNY,"PNY CS2130",M280CS2130-1TB-RB,high
storage,PNY,"PNY XLR8 CS3040 w/Heatsink",M280CS3040HS-2TB-RB,high
storage,Patriot,"Patriot Viper VPN110",VPN110-2TBM28H,high
storage,Western Digital,"Western Digital AV-GP",WD15EVDS,high
storage,Intel,"Intel DC P3608",SSDPECME016T401,high
storage,Corsair,"Corsair Force LE",CSSDF480GBLEB,high
storage,Crucial,"Crucial MX300",CT2050MX300SSD1,high
storage,PNY,"PNY CS2030",M280CS2030-240-RB,high
storage,Western Digital,"Western Digital RE",WD6001FSYZ,high
storage,Western Digital,"Western Digital Black SN750 SE",WDS250G1B0E,high
storage,Corsair,"Corsair MP700",CSSD-F2000GBMP700R2,high
storage,TeamGroup,"TEAMGROUP T-Create Classic C47",TM8FFC001T0C129,high
storage,Western Digital,"Western Digital Caviar Blue",WD2500AAJS,high
storage,Western Digital,"Western Digital AV-GP",WD10EUCX,high
storage,Intel,"Intel 320",SSDSA2BW600G301,high
storage,Western Digital,"Western Digital Caviar Green",WD30EZRS,high
storage,Intel,"Intel 520",SSDSC2CW180A310,high
storage,Crucial,"Crucial V4",CT256V4SSD2,high
storage,SanDisk,"SanDisk Solid State Drive",SDSSDP256GG25,high
storage,Crucial,"Crucial M500",CT120M500SSD1,high
storage,Western Digital,"Western Digital Blue",WD10J31X,high
storage,PNY,"PNY CS1311",SSD7CS1311480RB,high
storage,SanDisk,"SanDisk X400",SD8SB8U512G1122,high
storage,SanDisk,"SanDisk X400",SD8SN8U512G1122,high
storage,Crucial,"Crucial MX300",CT1050MX300SSD4,high
storage,TeamGroup,"TEAMGROUP L3 EVO",T253LE240GTC101,high
storage,PNY,"PNY CS900",SSD7CS900-960-PB,high
storage,SanDisk,"SanDisk EXTREME PRO",SDSSDXPM2-1T00-G25,high
storage,Intel,"Intel Optane 905P",SSDPEL1D380GAX1,high
storage,TeamGroup,"TEAMGROUP GX1",T253X1480G0C101,high
storage,Crucial,"Crucial P5",CT250P5SSD8,high
storage,Western Digital,"Western Digital PC SN730",SDBQNTY-1TOO,high
storage,Patriot,"Patriot Viper VP4300",VP4300-2TBM28H,high
storage,Sabrent,"Sabrent Rocket 4 Plus G",SB-RKTG-2TB,high
storage,Lexar,"Lexar NM700",LNM700-256RBNA,high
storage,Western Digital,"Western Digital Purple",WD40PURZ,high
storage,Kioxia,"KIOXIA BG4",KBG40ZNS512G,high
storage,Western Digital,"Western Digital Black",WD6001FZWX,high
storage,Western Digital,"Western Digital Blue",WDBH2D0060HNC-NRSN,high
storage,Patriot,"Patriot P410",P410P500GM28H,high
storage,Western Digital,"Western Digital RE3",WD7502ABYS,high
storage,Intel,"Intel 540s",SSDSC2KW240H6X1,high
storage,Patriot,"Patriot VPN100",VPN100-256GM28H,high
storage,Western Digital,"Western Digital Caviar Green",WD10EARX,high
storage,Intel,"Intel 530",SSDSCKGW080A401,high
storage,Intel,"Intel DC P3500",SSDPE2MX020T401,high
storage,Lexar,"Lexar Professional NM800PRO w/Heatsink",LNM800P002T-RN8NG,high
storage,Kioxia,"KIOXIA EXCERIA w/Heatsink",LSC11K2T04G8,high
storage,SanDisk,"SanDisk Optimus GX PRO 850X (w/Heatsink)",SDSP81200TAH-000E0,high
storage,Western Digital,"Western Digital AV-GP",WD5000AVCS,high
storage,Western Digital,"Western Digital Raptor",WD1500ADFS,high
storage,Western Digital,"Western Digital Black",WD7500BPKX,high
storage,Intel,"Intel 530",SSDSC2BW180A401,high
storage,Corsair,"Corsair Force LS",CSSDF120GBLS,high
storage,Western Digital,"Western Digital Purple",WD10PURX,high
storage,Crucial,"Crucial BX100",CT500BX100SSD1,high
storage,SanDisk,"SanDisk SSD PLUS",SDSSDA240GG25,high
storage,Western Digital,"Western Digital Black",WD5001FZWX,high
storage,Crucial,"Crucial MX300",CT275MX300SSD4,high
storage,TeamGroup,"TEAMGROUP L5 LITE 3D",T253TD480G3C101,high
storage,TeamGroup,"TEAMGROUP L5 LITE 3D",T253TD001T3C101,high
storage,Corsair,"Corsair MP300",CSSD-F240GBMP300,high
storage,Western Digital,"Western Digital Blue SN500",WDS250G1B0C,high
storage,Western Digital,"Western Digital Gold",WD102KRYZ,high
storage,Patriot,"Patriot Burst",PBU960GS25SSDR,high
storage,Western Digital,"Western Digital WD Blue",WDBNCE2500PNC-WRSN,high
storage,Sabrent,"Sabrent Rocket Q",SB-RKTQ-500,high
storage,TeamGroup,"TEAMGROUP EX2",T253E2002T0C101,high
storage,Western Digital,"Western Digital Black",WD8001FZBX,high
storage,Western Digital,"Western Digital Black AN1500",WDS400T1X0L-00AUJ0,high
storage,Western Digital,"Western Digital Ultrastar DC HC550",0F38461,high
storage,PNY,"PNY XLR8 CS3140 w/Heatsink",M280CS3140HS-2TB-RB,high
storage,TeamGroup,"TEAMGROUP T-Force Delta Max White RGB Lite",T253TM001T0C425,high
storage,Sabrent,"Sabrent Rocket 4 Plus G",SB-RKTG-1TB,high
storage,Western Digital,"Western Digital WD Blue",WDBNCE0010PNC-WRSN,high
storage,Western Digital,"Western Digital WD Blue",WDBNCE0020PNC-WRSN,high
storage,Intel,"Intel Optane DC P4801X",SSDPEL1C100GA01,high
storage,Western Digital,"Western Digital SN530",SDBPMPZ-512G,high
storage,PNY,"PNY CS1031",M280CS1031-1TB-CL,high
storage,Netac,"Netac NV5000-t",NT01NV5000T-1T0-E4X,high
storage,Sabrent,"Sabrent Rocket nano 2242",SB-2142-1TB,high
storage,Western Digital,"Western Digital Gold",WD8005FRYZ,high
storage,Western Digital,"Western Digital Red",WD50EFRX,high
storage,Western Digital,"Western Digital WD Green",WDS240G3G0B,high
storage,Western Digital,"Western Digital Black",WD5000LPSX,high
storage,Western Digital,"Western Digital AV-25",WD5000LUCT,high
storage,Western Digital,"Western Digital Red",WD101EFAX,high
storage,Western Digital,"Western Digital Purple",WD84PURZ,high
storage,Western Digital,"Western Digital RE4-GP",WD2002FYPS,high
storage,Western Digital,"Western Digital Purple",WD100PURZ,high
storage,Western Digital,"Western Digital Gold",WD6003FRYZ,high
storage,Western Digital,"Western Digital Caviar Blue",WD10EALS,high
storage,Intel,"Intel 730",SSDSC2BP480G4R5,high
storage,Western Digital,"Western Digital Purple",WD82PURZ,high
storage,Intel,"Intel DC S3500",SSDSC2BB240G4K5,high
storage,Sabrent,"Sabrent Rocket",SB-1342-2TB,high
storage,Western Digital,"Western Digital Black SN750 Rev2",WDBRPG0020BNC-WRSN,high
storage,Western Digital,"Western Digital Black SN750 Rev2",WDBRPG5000ANC-WRSN,high
storage,Western Digital,"Western Digital Purple Pro",WD141PURP,high
storage,Western Digital,"Western Digital Caviar Green",WD5000AACS,high
storage,Western Digital,"Western Digital Scorpio Blue",WD1600BEVT,high
storage,Western Digital,"Western Digital SiliconEdge Blue",SSCD0256SC2100,high
storage,Crucial,"Crucial M4",CT256M4SSD2BAA,high
storage,Intel,"Intel 710",SSDSA2BZ200G301,high
storage,Crucial,"Crucial MX200",CT1000MX200SSD1,high
storage,SanDisk,"SanDisk Z400s",SD8SBAT128G1122,high
storage,AMD,"AMD Radeon R3",R3480GB,high
storage,Intel,"Intel 600p",SSDPEKKW128G7X1,high
storage,Western Digital,"Western Digital Gold",WD101KRYZ,high
storage,Western Digital,"Western Digital Gold",WD2005FBYZ,high
storage,Intel,"Intel Pro 6000p",SSDPEKKF256G7X1,high
storage,Crucial,"Crucial BX300",CT120BX300SSD1,high
storage,Intel,"Intel 760p",SSDPEKKW128G8XT,high
storage,Intel,"Intel 545s",SSDSCKKW256G8X1,high
storage,Corsair,"Corsair MP510",CSSD-F480GBMP510,high
storage,Intel,"Intel 545s",SSDSC2KW128G8X1,high
storage,Intel,"Intel DC S3610",SSDSC2BX800G4P,high
storage,TeamGroup,"TEAMGROUP T-Force Vulcan G",T253TG512G3C301,high
storage,Corsair,"Corsair MP600 CORE",CSSD-F1000GBMP600COR,high
storage,Corsair,"Corsair MP600 PRO",CSSD-F1000GBMP600PRO,high
storage,Lexar,"Lexar NM610",LNM610-250RBNA,high
storage,Western Digital,"Western Digital Purple",WD180PURZ,high
storage,Patriot,"Patriot P200",P200S1TB25,high
storage,PNY,"PNY CS900",SSD7CS900-4TB-RB,high
storage,TeamGroup,"TEAMGROUP T-Force Vulcan Z",T253TZ480G0C101,high
storage,Lexar,"Lexar Professional NM800PRO",LNM800P002T-RNNNG,high
storage,Lexar,"Lexar Professional NM800PRO",LNM800P512G-RNNNG,high
storage,Corsair,"Corsair MP600 PRO NH",CSSD-F0500GBMP600PNH,high
storage,Sabrent,"Sabrent Rocket 4 Plus G",SB-RKTG-4TB,high
storage,Corsair,"Corsair MP700",CSSD-F1000GBMP700R2,high
storage,Kioxia,"KIOXIA BG5 SED",KBG5AZNV256G,high
storage,Western Digital,"Western Digital PC SN740 Opal",SDDQNQD-256G,high
storage,TeamGroup,"TEAMGROUP T-Force Z44A7Q",TM8FFW001T0C129,high
storage,Western Digital,"Western Digital Purple",WD60PURX,high
storage,Intel,"Intel DC P3600",SSDPEDME012T401,high
storage,Western Digital,"Western Digital WD Red Pro",WD121KFBX,high
storage,Western Digital,"Western Digital WD Green",WDS480G3G0B,high
storage,Western Digital,"Western Digital Gold",WD202KRYZ,high
storage,Western Digital,"Western Digital Purple Pro",WD240PURP,high
storage,Western Digital,"Western Digital RE",WD5001F9YZ,high
storage,Western Digital,"Western Digital Gold",WD4002FYYZ,high
storage,Western Digital,"Western Digital Gold",WD141KRYZ,high
storage,Western Digital,"Western Digital SN530",SDBPTPZ-512G,high
storage,Western Digital,"Western Digital AV-GP",WD10EVDS,high
storage,Intel,"Intel X25-M",SSDSA2MH160G1,high
storage,Western Digital,"Western Digital Purple",WD80PURZ,high
storage,Western Digital,"Western Digital Black SN750",WDS200T3XHC,high
storage,Lexar,"Lexar NM600",LNM600-480RBNA,high
storage,Western Digital,"Western Digital Red SA500",WDS200T1R0A,high
storage,Western Digital,"Western Digital RE2-GP",WD1000FYPS,high
storage,Western Digital,"Western Digital Caviar Blue",WD5000AALX,high
storage,Western Digital,"Western Digital AV-GP",WD1600AVVS,high
storage,Western Digital,"Western Digital Caviar Green",WDBAAY0020HNCNRSN,high
storage,Western Digital,"Western Digital Caviar Black",WD6402AAEX,high
storage,Western Digital,"Western Digital Caviar Blue",WDBAAX5000ENCNRSN,high
storage,Intel,"Intel 520",SSDSC2CW240A3K5,high
storage,Western Digital,"Western Digital Caviar Green",WD5000AZRX,high
storage,Intel,"Intel 313",SSDSA2VP020G301,high
storage,SanDisk,"SanDisk Ultra Plus",SDSSDHP128GG25,high
storage,Crucial,"Crucial M550",CT1024M550SSD1,high
storage,PNY,"PNY Optima",SSD7SC240GOPTRB,high
storage,SanDisk,"SanDisk X210",SD6SB2M512G1022I,high
storage,Corsair,"Corsair Force LX",CSSDF512GBLX,high
storage,Crucial,"Crucial M550",CT256M550SSD4,high
storage,AMD,"AMD RADEON-R7SSD-240G",RADEONR7SSD240G,high
storage,Crucial,"Crucial BX100",CT1000BX100SSD1,high
storage,Crucial,"Crucial MX200",CT500MX200SSD6,high
storage,Intel,"Intel DC S3500",SSDSC2BB012T401,high
storage,Western Digital,"Western Digital RE",WD4001FDYG,high
storage,Intel,"Intel Pro 5400s",SSDSC2KF010X6X1,high
storage,Lexar,"Lexar NQ100",LNQ100X960G-RNNNG,high
storage,TeamGroup,"TEAMGROUP MP44",TM8FPW512G0C101,high
storage,Patriot,"Patriot Viper PV593",PV593P4TBM28H,high
storage,SanDisk,"SanDisk Optimus GX 7100M",SDSP71200TAT-000E0,high
storage,Intel,"Intel DC S3710",SSDSC2BA400G401,high
storage,Western Digital,"Western Digital Purple",WD60PURZ,high
storage,Western Digital,"Western Digital WD Red Pro",WD6003FFBX,high
storage,Western Digital,"Western Digital Purple Pro",WD121PURP,high
storage,Kioxia,"KIOXIA EXCERIA PLUS",LRD10Z002TG8,high
storage,PNY,"PNY CS1030",M280CS1030-2TB-RB,high
storage,Patriot,"Patriot Viper VPR400 RGB",VPR400-512GM28H,high
storage,Western Digital,"Western Digital Caviar Green",WD8000AARS,high
storage,Western Digital,"Western Digital Caviar Green",WD15EADS,high
storage,Western Digital,"Western Digital Scorpio Black",WD1600BEKT,high
storage,Western Digital,"Western Digital Scorpio Blue",WD800BEVT,high
storage,Intel,"Intel X25-M",SSDSA2MH160G101,high
storage,Intel,"Intel X25-M",SSDSA2MH120G2K5,high
storage,Intel,"Intel 320",SSDSA2CT040G3K5,high
storage,Western Digital,"Western Digital Scorpio Black",WD5000BPKT,high
storage,Western Digital,"Western Digital VelociRaptor",WD3000BLHX,high
storage,Intel,"Intel DC S3700",SSDSC2BA800G301,high
storage,Intel,"Intel DC S3500",SSDSC2BB300G401,high
storage,Western Digital,"Western Digital Green",WD20NPVX,high
storage,Intel,"Intel 530",SSDSC2BW240A401,high
storage,Western Digital,"Western Digital AV-GP",WD40EURX,high
storage,Intel,"Intel 730",SSDSC2BP240G4R5,high
storage,Corsair,"Corsair Force LX",CSSDF128GBLX,high
storage,SanDisk,"SanDisk X300S",SD7UB3Q256G1122,high
storage,Intel,"Intel X25-M Mainstream",SSDSA2M080G2GC,high
storage,Crucial,"Crucial BX100",CT120BX100SSD1,high
storage,Patriot,"Patriot Ignite",PI480GS25SSDR,high
storage,G.SKILL,"G.Skill Phoenix Blade",FMPCX8G2R4960G,high
storage,Intel,"Intel DC S3610",SSDSC2BX400G401,high
storage,PNY,"PNY CS1111",SSD7CS1111240RB,high
storage,Intel,"Intel 535",SSDSC2BW180H601,high
storage,Western Digital,"Western Digital Ae",WD6001F4PZ,high
storage,Patriot,"Patriot Ignite M2",PI480GSM280SSDR,high
storage,Zotac,"Zotac ZTSSD-A4P-120G",ZTSSDA4P120G,high
storage,SanDisk,"SanDisk SSD PLUS",SDSSDA480GG25,high
storage,Intel,"Intel Pro 5400s",SSDSC2KF360H6X1,high
storage,Western Digital,"Western Digital WD Red Pro",WD101KFBX,high
storage,SanDisk,"SanDisk SSD PLUS",SDSSDA-960G-G26,high
storage,TeamGroup,"TEAMGROUP GX1",T253X1960G0C101,high
storage,Corsair,"Corsair MP500",CSSD-F960GBMP500,high
storage,Intel,"Intel PRO 5450S",SSDSC2KF512G8X1,high
storage,Intel,"Intel 665p",SSDPEKNW020T9X1,high
storage,Corsair,"Corsair MP510",CSSD-F960GBMP510B,high
storage,Corsair,"Corsair MP510",CSSD-F4000GBMP510,high
storage,TeamGroup,"TEAMGROUP T-Create Expert",T253TE001T3C701,high
storage,TeamGroup,"TEAMGROUP T-Create Classic",TM8FPE001T0C611,high
storage,Sabrent,"Sabrent Rocket 4.0",SB-NVME4-HTSK-1TB,high
storage,Western Digital,"Western Digital Black AN1500",WDS200T1X0L-00AUJ0,high
storage,SanDisk,"SanDisk Ultra",SDSSDH3N-250G-G25,high
storage,PNY,"PNY CS3140",M280CS3140-4TB-RB,high
storage,Western Digital,"Western Digital Purple",WD22PURZ,high
storage,Corsair,"Corsair CSSD-F4000GBMP600PHX",CSSD-F4000GBMP600PHX,low
storage,TeamGroup,"TEAMGROUP T-Force Cardea Z44Q",TM8FPQ004T0C327,high
storage,Kioxia,"KIOXIA EXCERIA PLUS G2",LRD20Z001TG8,high
storage,Kioxia,"KIOXIA EXCERIA PLUS G2",LRD20Z002TG8,high
storage,TeamGroup,"TEAMGROUP T-Force Vulcan Z",T253TZ240G0C101,high
storage,TeamGroup,"TEAMGROUP T-Force Delta RGB Lite",T253TR001T3C323,high
storage,TeamGroup,"TEAMGROUP Cardea Z440 TUF Gaming Alliance",TM8FPC001T0C128,high
storage,Lexar,"Lexar NS100",LNS100-2TRBNA,high
storage,Patriot,"Patriot P400",P400P512GM28H,high
storage,Western Digital,"Western Digital easystore",WDBAGU4800ANC-WRBB,high
storage,Lexar,"Lexar Professional NM800PRO w/Heatsink",LNM800P001T-RN8NG,high
storage,Western Digital,"Western Digital SN530",SDBPMPZ-256G,high
storage,Intel,"Intel D3-S4510",SSDSC2KB480G801,high
storage,Intel,"Intel D3-S4610",SSDSC2KG960G801,high
storage,Lexar,"Lexar NM700",LNM700-1TRBNA,high
storage,G.SKILL,"G.Skill Ripjaws S3",FT-M8SI-120GRS3,high
storage,TeamGroup,"TEAMGROUP T-Force GE PRO AirFlow",TM8FG3008T0C133,high
storage,PNY,"PNY CS2340",M280CS2340-1TB-TB,high
storage,TeamGroup,"TEAMGROUP MP44S",TM5FF3001T0C101,high
storage,Western Digital,"Western Digital Green",WD60EZRX,high
storage,SanDisk,"SanDisk Optimus GX 7100M",SDSP71100TAT-000E0,high
storage,Kioxia,"KIOXIA BG4",KBG40ZNS1T02,high
storage,Western Digital,"Western Digital Black",WD3200BEKX,high
storage,Western Digital,"Western Digital Purple",WD81PURZ,high
storage,TeamGroup,"TEAMGROUP GX2",T253X2002T0C101,high
storage,Western Digital,"Western Digital Purple",WD62PURZ,high
storage,Corsair,"Corsair MP600 MINI",CSSD-F1000GBMP600MN,high
storage,Western Digital,"Western Digital Caviar Blue",WD1600AAJB,high
storage,Western Digital,"Western Digital AV-GP",WD5000AUDX,high
storage,Crucial,"Crucial V4",CT032V4SSD2,high
storage,Western Digital,"Western Digital Gold",WD8003FRYZ,high
storage,Intel,"Intel D3-S4510",SSDSC2KB038T801,high
storage,TeamGroup,"TEAMGROUP A440 Lite",TM8FFQ002T0C129,high
storage,PNY,"PNY CS2342",M230CS2342-2TB-TB,high
storage,Western Digital,"Western Digital VelociRaptor",WD4500HLHX,high
storage,Western Digital,"Western Digital RE2",WD4001ABYS,high
storage,Western Digital,"Western Digital Caviar Black",WD6401AALS,high
storage,Western Digital,"Western Digital Caviar Blue",WD6400AALX,high
storage,Western Digital,"Western Digital Caviar Blue",WD800AAJS,high
storage,Western Digital,"Western Digital Scorpio Blue",WD2500BEVT,high
storage,Intel,"Intel X25-M",SSDSA2MH160G2C1,high
storage,Western Digital,"Western Digital Caviar SE",WD5000JBRTL,high
storage,Western Digital,"Western Digital Caviar Black",WD1501FASS,high
storage,Western Digital,"Western Digital VelociRaptor",WD3000GLFS,high
storage,Western Digital,"Western Digital Caviar Green",WD5000AAVS,high
storage,Western Digital,"Western Digital RE4",WD5003ABYX,high
storage,Intel,"Intel 510",SSDSC2MH250A2K5,high
storage,Western Digital,"Western Digital Scorpio Blue",WD7500KPVT,high
storage,Intel,"Intel 320",SSDSA2BW160G301,high
storage,Western Digital,"Western Digital VelociRaptor",WD1500HLHX,high
storage,Intel,"Intel 313",SSDSA2VP024G301,high
storage,Intel,"Intel 330",SSDSC2CT060A3K5,high
storage,Western Digital,"Western Digital Scorpio Blue",WD3200LPVT,high
storage,Western Digital,"Western Digital AV",WD3200BVVT,high
storage,Intel,"Intel 330",SSDSC2CT240A3K5,high
storage,G.SKILL,"G.Skill Phoenix III",FM25S3120GBP3,high
storage,Western Digital,"Western Digital Green",WD20NPVT,high
storage,Corsair,"Corsair Force GS",CSSDF128GBGSBK,high
storage,SanDisk,"SanDisk Extreme II",SDSSDXP240GG25,high
storage,Western Digital,"Western Digital SE",WD3000F9YZ,high
storage,Intel,"Intel DC S3500",SSDSC2BB600G401,high
storage,Western Digital,"Western Digital Green",WD10EAVS,high
storage,Crucial,"Crucial M500",CT240M500SSD3,high
storage,Western Digital,"Western Digital Blue",WDBH2D0030HNC-NRSN,high
storage,Crucial,"Crucial M550",CT256M550SSD1,high
storage,Crucial,"Crucial M550",CT512M550SSD1,high
storage,SanDisk,"SanDisk EXTREME PRO",SDSSDXPS480GG25,high
storage,Western Digital,"Western Digital Xe",WD9001BKHG40PK,high
storage,Crucial,"Crucial MX200",CT500MX200SSD4,high
storage,SanDisk,"SanDisk SDSA6GM-128G-1122",SDSA6GM128G1122,high
storage,Patriot,"Patriot Ignite M2",PI240GSM280SSDR,high
storage,Intel,"Intel 750",SSDPEDMW800G4X1,high
storage,SanDisk,"SanDisk Z400s",SD8SNAT256G1122,high
storage,Zotac,"Zotac Premium Edition",ZTSSDA5P240GPE,high
storage,Intel,"Intel DC P3608",SSDPECME032T401,high
storage,Intel,"Intel DC P3500",SSDPEDMX020T410,high
storage,Crucial,"Crucial BX200",CT480BX200SSD1,high
storage,Corsair,"Corsair Force LE",CSSDF960GBLEB,high
storage,Intel,"Intel 540s",SSDSC2KW480H6X1,high
storage,Intel,"Intel 600p",SSDPEKKW010T7X1,high
storage,SanDisk,"SanDisk Z410",SD8SBBU-480G-1122,high
storage,Intel,"Intel Pro 6000p",SSDPEKKF010T7X1,high
storage,Corsair,"Corsair Force LE",CSSD-F120GBLEB,high
storage,Western Digital,"Western Digital Purple",WD30PURZ,high
storage,Intel,"Intel 545s",SSDSCKKW512G8X1,high
storage,TeamGroup,"TEAMGROUP MS30",TM4PS7512G0C101,high
storage,Lexar,"Lexar NS100",LNS100-120RBNA,high
storage,Lexar,"Lexar NS100",LNS100-240RBNA,high
storage,TeamGroup,"TEAMGROUP T-Force Vulcan",T253TV001T3C301,high
storage,Intel,"Intel DC P4511",SSDPELKX010T801,high
storage,Intel,"Intel 660p",SSDPEKNW010T8XT,high
storage,Patriot,"Patriot Viper Gaming VP4100",VP4100-1TBM28H,high
storage,Intel,"Intel D3-S4610",SSDSC2KG480G801,high
storage,Intel,"Intel DC S3500",SSDSC2BB160G4,high
storage,Corsair,"Corsair MP400",CSSD-F4000GBMP400,high
storage,TeamGroup,"TEAMGROUP T-Force Vulcan G",T253TG001T3C301,high
storage,Corsair,"Corsair MP600 CORE",CSSD-F4000GBMP600COR,high
storage,Sabrent,"Sabrent Rocket 4.0",SB-NVME4-HTSK-500,high
storage,Corsair,"Corsair MP400",CSSD-F2000GBMP400R2,high
storage,TeamGroup,"TEAMGROUP T-Force Cardea A440 Pro",TM8FPR002T0C128,high
storage,PNY,"PNY XLR8 CS3040 w/Heatsink",M280CS3040HS-500-RB,high
storage,Kioxia,"KIOXIA EXCERIA PLUS",LRD10Z001TG8,high
storage,PNY,"PNY CS900",SSD7CS9008TBRB,high
storage,TeamGroup,"TEAMGROUP T-Force Delta Max White RGB",T253TM001T3C402,high
storage,TeamGroup,"TEAMGROUP T-Force Cardea A440 Pro Special Series",TM8FPY002T0C129,high
storage,Western Digital,"Western Digital easystore",WDBAGU2400ANC-WRBB,high
storage,Western Digital,"Western Digital WD Blue",WDBNCE0040PNC-WRSN,high
storage,Western Digital,"Western Digital SN530",SDBPTPZ-1T00,high
storage,Intel,"Intel Optane 905P",SSDPE21D960GAM3,high
storage,Lexar,"Lexar NM760",LNM760X512G-RNNNG,high
storage,Kioxia,"KIOXIA BG5",KBG50ZNS512G,high
storage,Western Digital,"Western Digital PC SN740 Pyrite",SDDPTQD-512G,high
storage,G.SKILL,"G.Skill Ripjaws S3",FT-M8SI-240GRS3,high
storage,Lexar,"Lexar NQ790",LNQ790X500G-RNNNU,high
storage,Corsair,"Corsair MP600 CORE MINI",CSSD-F1000GBMP600CMN,high
storage,PNY,"PNY CS3150",M280CS3150HS-1TB-RB,high
storage,TeamGroup,"TEAMGROUP Z440 Lite",TM8FFT001T0C129,high
storage,Western Digital,"Western Digital Ultrastar DC HC530",0F31051,high
storage,Patriot,"Patriot Viper PV553",PV553P4TBM28H,high
storage,TeamGroup,"TEAMGROUP T-Force GE PRO AirFlow",TM8FG3002T0C133,high
storage,Patriot,"Patriot VP4000 Mini",VP4000M2TBM23,high
storage,TeamGroup,"TEAMGROUP T-FORCE Z44A5",TM8FPP002T0C129,high
storage,Western Digital,"Western Digital Ultrastar DC HC550",0F38357,high
storage,Lexar,"Lexar Professional NM800PRO w/Heatsink",LNM800P512G-RN8NG,high
storage,Zotac,"Zotac SONIX",ZTSSDPG3480GGE,high
storage,Western Digital,"Western Digital Gold",WD8002FRYZ,high
storage,Corsair,"Corsair Neutron XTi",CSSD-N1920GBXTI,high
storage,Western Digital,"Western Digital Green",WDS120G1G0A,high
storage,Intel,"Intel Pro 5400s",SSDSC2KF480H6X1,high
storage,Western Digital,"Western Digital WD Red Pro",WD8001FFWX,high
storage,Patriot,"Patriot Hellfire",PH240GPM280SSDR,high
storage,SanDisk,"SanDisk Z410",SD8SBBU-120G-1122,high
storage,SanDisk,"SanDisk Z410",SD8SBBU-240G-1122,high
storage,Crucial,"Crucial BX300",CT240BX300SSD1,high
storage,Patriot,"Patriot Scorch",PS256GPM280SSDR,high
storage,Patriot,"Patriot Scorch",PS512GPM280SSDR,high
storage,TeamGroup,"TEAMGROUP MP32",TM8FP3512G0C101,high
storage,Lexar,"Lexar NS200",LNS200-240RBNA,high
storage,Sabrent,"Sabrent Rocket 4.0 HTSK",SB-ROCKET-NVME4-HTSK-1TB,high
storage,TeamGroup,"TEAMGROUP GX1",T253X1120G0C101,high
storage,SanDisk,"SanDisk CloudSpeed Eco Gen. II",SDLF1CRR-019T-1HA1,high
storage,SanDisk,"SanDisk X600",SD9SN8W-512G-1122,high
storage,Lexar,"Lexar NM210",LNM210-128RBNA,high
storage,Patriot,"Patriot Viper Gaming VP4100",VP4100-2TBM28H,high
storage,Intel,"Intel D3-S4610",SSDSC2KG240G801,high
storage,Intel,"Intel 320",SSDSA2CW080G301,high
storage,Intel,"Intel D3-S4510",SSDSCKKB480G801,high
storage,Intel,"Intel DC S3520",SSDSCKJB150G701,high
storage,Intel,"Intel DC S3110",SSDSCKKI256G801,high
storage,Intel,"Intel DC P4510",SSDPE2KX020T801,high
storage,SanDisk,"SanDisk CloudSpeed Eco Gen. II",SDLF1DAR-960G-1HA2,high
storage,Western Digital,"Western Digital SN520",SDAPMUW-512G,high
storage,Western Digital,"Western Digital Ultrastar",0TS1654,high
storage,TeamGroup,"TEAMGROUP T-Force Cardea Zero Z340",TM8FP9001T0C311,high
storage,Western Digital,"Western Digital Ultrastar DC HC520",0F30141,high
storage,Western Digital,"Western Digital Red",WD120EFAX,high
storage,Kioxia,"KIOXIA EXCERIA PRO",LSE10Z002TG8,high
storage,Western Digital,"Western Digital Green",WDS100T2G0A,high
storage,Western Digital,"Western Digital Red Plus",WD140EFGX,high
storage,Western Digital,"Western Digital Red SN700",WDS500G1R0C,high
storage,TeamGroup,"TEAMGROUP AX2",T253A3512G0C101,high
storage,TeamGroup,"TEAMGROUP GX2",T253X2128G0C101,high
storage,Western Digital,"Western Digital Blue SN550",WDS200T2B0C,high
storage,Western Digital,"Western Digital SN530",SDBPNPZ-256G,high
storage,Western Digital,"Western Digital Caviar Green",WD10EZRX,high
storage,Western Digital,"Western Digital Black",WD6002FZWX,high
storage,Western Digital,"Western Digital Black SN850 w/Heatsink",WDS200T1XHE,high
storage,Western Digital,"Western Digital Ultrastar",HUS728T8TALE6L4,high
storage,Corsair,"Corsair MP600 CORE XT R2",CSSD-F1000GBMP600CXTR2,high
storage,Intel,"Intel Optane P1600X",SSDPEK1A118GA01,high
storage,Corsair,"Corsair MP510",CSSD-F480GBMP510B,high
storage,Western Digital,"Western Digital Blue",WD5000AZRZ,high
storage,Crucial,"Crucial P310",CT2000P310SSD2,high
storage,Corsair,"Corsair MP600 PRO LPX",CSSD-F4000GBMP600PLP,high
storage,SanDisk,"SanDisk Optimus GX PRO 8100",SDSP82100TAN-000E0,high
storage,TeamGroup,"TEAMGROUP T-FORCE G70 PRO Aluminum",TM8FFH001T0C128,high
storage,Intel,"Intel 545s",SSDSC2KW256G8X1,high
storage,Western Digital,"Western Digital Blue SN500",WDS500G1B0C,high
storage,Intel,"Intel Pro 7600p",SSDPEKKF512G8X1,high
storage,Western Digital,"Western Digital Gold",WD103KRYZ,high
storage,Western Digital,"Western Digital Red SN700",WDS100T1R0C,high
storage,Patriot,"Patriot P220",P220S2TB25,high
storage,Western Digital,"Western Digital Purple Pro",WD221PURP,high
storage,Western Digital,"Western Digital WD Blue",WD20EARZ,high
storage,Crucial,"Crucial MX300",CT275MX300SSD1,high
storage,Corsair,"Corsair MP600 Force Series Gen4",CSSD-F500GBMP600,high
storage,Western Digital,"Western Digital Black SN850",WDS500G1X0E,high
storage,Western Digital,"Western Digital SN530",SDBPNPZ-1T00,high
storage,Western Digital,"Western Digital RE4",WD2003FYYS,high
storage,Kioxia,"KIOXIA EXCERIA PRO G2",LVE10Z4T09G8,high
storage,Western Digital,"Western Digital Caviar Blue",WD3200AAJS,high
storage,Corsair,"Corsair MP400",CSSD-F1000GBMP400,high
storage,Western Digital,"Western Digital Blue",WD30EZAX,high
storage,Western Digital,"Western Digital WD Green",WDS120G2G0B,high
storage,TeamGroup,"TEAMGROUP T-Force GE PRO Graphene",TM8FFS002T0C129,high
storage,TeamGroup,"TEAMGROUP T-Force GE PRO Graphene",TM8FFS004T0C129,high
storage,TeamGroup,"TEAMGROUP A440 Lite",TM8FFQ001T0C129,high
storage,Western Digital,"Western Digital SN720",SDAPNTW-1T00,high
storage,Western Digital,"Western Digital SN720",SDAPNTW-2T00,high
storage,Lexar,"Lexar PLAY SE",LNMPL8S004T-RNNNU,high
storage,Western Digital,"Western Digital RE",WD6001F9YZ,high
storage,Kioxia,"KIOXIA BG5 SED",KBG5AZNS256G,high
storage,Western Digital,"Western Digital Purple NV",WD6NPURX,high
storage,Lexar,"Lexar PLAY",LNMPLAY001T-RNNNG,high
storage,Intel,"Intel 540s",SSDSCKKW240H6X1,high
storage,Intel,"Intel D3-S4510",SSDSC2KB240G801,high
storage,Intel,"Intel DC P4500",SSDPE2KX020T701,high
storage,Lexar,"Lexar PLAY",LNMPLY8004T-RNNNU,high
storage,Western Digital,"Western Digital Scorpio Blue",WD1600BPVT,high
storage,Western Digital,"Western Digital Caviar Green",WDBAAY0030HNCNRSN,high
storage,Western Digital,"Western Digital SE",WD4000F9YZ,high
storage,SanDisk,"SanDisk EXTREME PRO",SDSSDXPS960GG25,high
storage,Western Digital,"Western Digital Purple",WD05PURZ,high
storage,Western Digital,"Western Digital Red SA500",WDS500G1R0B,high
storage,Western Digital,"Western Digital Red SA500",WDS200T1R0B,high
storage,TeamGroup,"TEAMGROUP Z440 Lite",TM8FFT500G0C129,high
storage,Corsair,"Corsair MP700 MICRO",CSSD-F2000GBMP700MCR,high
storage,Western Digital,"Western Digital VelociRaptor",WD3000BLFS,high
storage,Western Digital,"Western Digital Caviar Black",WD7501AALS,high
storage,Western Digital,"Western Digital Caviar Blue",WD3200AALX,high
storage,Western Digital,"Western Digital Caviar Green",WD7500AACS,high
storage,Western Digital,"Western Digital Scorpio Black",WD800BJKT,high
storage,Western Digital,"Western Digital Scorpio Black",WD1200BEKT,high
storage,Western Digital,"Western Digital Scorpio Black",WD800BEKT,high
storage,Western Digital,"Western Digital Scorpio Blue",WD6400BEVT,high
storage,Western Digital,"Western Digital Scorpio Blue",WD4000BEVT,high
storage,Western Digital,"Western Digital Scorpio Blue",WD3200BEVT,high
storage,Western Digital,"Western Digital AV",WD3200AVJS,high
storage,Western Digital,"Western Digital AV-GP",WD5000AVVS,high
storage,Western Digital,"Western Digital AV-GP",WD3200AVVS,high
storage,Western Digital,"Western Digital AV-25",WD3200BUDT,high
storage,Intel,"Intel X25-M",SSDSA2MH160G1C1,high
storage,Intel,"Intel 320",SSDSA2BW300G301,high
storage,Corsair,"Corsair Performance Pro",CSSDP256GBPBK,high
storage,Crucial,"Crucial M4",CT512M4SSD2BAA,high
storage,Crucial,"Crucial M4",CT064M4SSD1CCA,high
storage,Crucial,"Crucial M4",CT512M4SSD1CCA,high
storage,Western Digital,"Western Digital Caviar Green",WD5000AZDX,high
storage,Intel,"Intel 520",SSDSC2CW120A3K5,high
storage,Corsair,"Corsair Accelerator",CSSDC60GB,high
storage,Intel,"Intel 330",SSDSC2CT120A3K5,high
storage,SanDisk,"SanDisk Solid State Drive",SDSSDP064GG25,high
storage,Corsair,"Corsair Force GS",CSSDF240GBGSBK,high
storage,PNY,"PNY Prevail Elite",SSD9SC120GEDAPB,high
storage,Crucial,"Crucial V4",CT256V4SSD2CCA,high
storage,Western Digital,"Western Digital VelociRaptor",WD5000BHTZ,high
storage,Western Digital,"Western Digital AV-GP",WD3200AVCS,high
storage,Intel,"Intel DC S3700",SSDSC2BA200G301,high
storage,Corsair,"Corsair Neutron",CSSDN256GB3BK,high
storage,Intel,"Intel DC S3700",SSDSC2BA400G301,high
storage,Intel,"Intel 525",SSDMCEAC030B301,high
storage,SanDisk,"SanDisk X110",SD6SB1M128G1022I,high
storage,Corsair,"Corsair Neutron GTX",CSSDN480GBGTXBBK,high
storage,SanDisk,"SanDisk Extreme II",SDSSDXP120GG25,high
storage,Western Digital,"Western Digital Green",WD15NPVT,high
storage,Western Digital,"Western Digital Scorpio Black",WDBABD5000ANCNRSN,high
storage,Western Digital,"Western Digital WDBMMA0020HNC-NRSN",WDBMMA0020HNCNRSN,high
storage,Western Digital,"Western Digital WDBMYH3200ANC-NRSN",WDBMYH3200ANCNRSN,high
storage,Intel,"Intel DC S3500",SSDSC2BB080G401,high
storage,Crucial,"Crucial BX100",CT250BX100SSD1,high
storage,PNY,"PNY CS1311",SSD7CS1311240RB,high
storage,PNY,"PNY CS900",SSD7CS900-480-PB,high
storage,Western Digital,"Western Digital Black SN750",WDS100T3XHC,high
storage,Lexar,"Lexar NM610",LNM610-1TRBNA,high
storage,Western Digital,"Western Digital Blue SN580",WDS250G3B0E,high
storage,TeamGroup,"TEAMGROUP T-Force Z44A7Q",TM8FFW004T0C129,high
storage,Western Digital,"Western Digital Blue Mobile",WD20SPZX,high
storage,Western Digital,"Western Digital WDBSLA0010HNC-NRSN",WDBSLA0010HNCNRSN,high
storage,Western Digital,"Western Digital Caviar Blue",WD10EALX,high
storage,Western Digital,"Western Digital Red Plus",WD60EFRX,high
storage,Patriot,"Patriot Hellfire",PH480GPM280SSDR,high
storage,TeamGroup,"TEAMGROUP T-Force Cardea Z540",TM8FF1002T0C129,high
storage,Western Digital,"Western Digital WD Red Pro",WD201KFGX,high
storage,Western Digital,"Western Digital Scorpio Blue",WD1600BEVS,high
storage,Corsair,"Corsair MP510",CSSD-F240GBMP510,high
storage,Crucial,"Crucial MX300",CT750MX300SSD1,high
storage,Western Digital,"Western Digital SE",WD1002F9YZ,high
storage,Western Digital,"Western Digital Caviar Green",WD20EARS,high
storage,Western Digital,"Western Digital Red Plus",WD101EFBX,high
storage,Western Digital,"Western Digital Red",WD140EFFX,high
storage,TeamGroup,"TEAMGROUP T-FORCE Z44A7",TM8FPV004T0C129,high
storage,Sabrent,"Sabrent Rocket",SB-ROCKET-4TB,high
storage,Intel,"Intel 760p",SSDPEKKW256G8XT,high
storage,Western Digital,"Western Digital Blue Mobile",WD5000LPCX,high
storage,Western Digital,"Western Digital Caviar Black",WDBAAZ0010HNCNRSN,high
storage,Corsair,"Corsair Force MP500",CSSD-F120GBMP500,high
storage,Crucial,"Crucial P310",CT1000P310SSD2,high
storage,TeamGroup,"TEAMGROUP T-FORCE G70 PRO Aluminum",TM8FFH004T0C128,high
storage,Western Digital,"Western Digital Blue SA510",WDS250G3B0B,high
storage,Western Digital,"Western Digital Scorpio Blue",WD7500BPVT,high
storage,SanDisk,"SanDisk Ultra Plus",SDSSDHP256GG25,high
storage,Western Digital,"Western Digital Ultrastar DC HC550",0F38581,high
storage,Western Digital,"Western Digital Blue",WDS500G1B0B,high
storage,Western Digital,"Western Digital Black SN750",WDS500G3XHC,high
storage,Western Digital,"Western Digital SN530",SDBPTPZ-256G,high
storage,TeamGroup,"TEAMGROUP Cardea A440",TM8FPZ001T0C327,high
storage,Lexar,"Lexar NS100",LNS100-256RB,high
storage,Western Digital,"Western Digital Caviar Blue",WD3200AAJB,high
storage,Western Digital,"Western Digital Blue",WDS100T1B0B,high
storage,Western Digital,"Western Digital Red",WD100EFAX,high
storage,PNY,"PNY CS900",M280CS900-1TB-RB,high
storage,Corsair,"Corsair MP700 PRO SE with Air Cooler",CSSD-F2000GBMP700PROS,high
storage,Lexar,"Lexar NQ710",LNQ710X500G-RNNNU,high
storage,Patriot,"Patriot P300",P300P512GM28US,high
storage,Lexar,"Lexar NS100",LNS100-512RBNA,high
storage,Intel,"Intel 710",SSDSA2BZ100G3,high
storage,Western Digital,"Western Digital Black",WD3200LPLX,high
storage,Crucial,"Crucial MX200",CT250MX200SSD3,high
storage,Crucial,"Crucial MX200",CT250MX200SSD6,high
storage,Patriot,"Patriot Ignite",PI960GS25SSDR,high
storage,Intel,"Intel DC S3610",SSDSC2BX200G401,high
storage,Intel,"Intel DC S3610",SSDSC2BX800G401,high
storage,SanDisk,"SanDisk SSD PLUS",SDSSDA120GG25,high
storage,PNY,"PNY CS2111",SSD7CS2111240RB,high
storage,PNY,"PNY CS2111",SSD7CS2111480RB,high
storage,Corsair,"Corsair Force LS",CSSDF60GBLSB,high
storage,SanDisk,"SanDisk X300S",SD7UB3Q256G1022,high
storage,Intel,"Intel 750",SSDPEDMW400G4R5,high
storage,Intel,"Intel 535",SSDSC2BW480H601,high
storage,Intel,"Intel 535",SSDSC2BW120H6R5,high
storage,Corsair,"Corsair Neutron XT",CSSDN240GBXTB,high
storage,Intel,"Intel SSDSC2BB240G601",SSDSC2BB240G601,low
storage,Intel,"Intel SSDSC2BB800G601",SSDSC2BB800G601,low
storage,Intel,"Intel 535",SSDSC2BW360H6R5,high
storage,Intel,"Intel SSDSCKJW240H601",SSDSCKJW240H601,low
storage,Western Digital,"Western Digital WD Red Pro",WD6001FFWX,high
storage,G.SKILL,"G.Skill Phoenix FTL",FM25S3240GPF,high
storage,Intel,"Intel 535",SSDSCKJW360H601,high
storage,Patriot,"Patriot Blast",PBT960GS25SSDBK,high
storage,SanDisk,"SanDisk Ultra II",SDMSATA256GG25,high
storage,TeamGroup,"TEAMGROUP Ultra L5",T253L5120GMC101,high
storage,SanDisk,"SanDisk Z400s",SD8SNAT064G1122,high
storage,SanDisk,"SanDisk Z400s",SD8SNAT128G1122,high
storage,Intel,"Intel 750",SSDPEDMW400G4X1,high
storage,Crucial,"Crucial BX200",CT960BX200SSD1,high
storage,Western Digital,"Western Digital Purple",WD05PURX,high
storage,SanDisk,"SanDisk X400",SD8SN8U1T001122,high
storage,SanDisk,"SanDisk X400",SD8SN8U256G1122,high
storage,Zotac,"Zotac T500",ZTSSDA5P120G,high
storage,Zotac,"Zotac T500",ZTSSDA5P240G,high
storage,Intel,"Intel 540s",SSDSC2KW010X6X1,high
storage,Intel,"Intel 540s",SSDSCKKW480H6X1,high
storage,Intel,"Intel 540s",SSDSCKKW360H6X1,high
storage,Corsair,"Corsair Neutron XTi",CSSD-N240GBXTI,high
storage,Intel,"Intel Pro 5400s",SSDSC2KF120H6X1,high
storage,Intel,"Intel Pro 5400s",SSDSC2KF180H6X1,high
storage,Patriot,"Patriot TORCH",PT60GS25SSDR,high
storage,TeamGroup,"TEAMGROUP L7 EVO",T253L7120GTC101,high
storage,Intel,"Intel Pro 6000p",SSDPEKKF512G7X1,high
storage,Western Digital,"Western Digital Red",WDBMMA0040HNC-NRSN,high
storage,TeamGroup,"TEAMGROUP T-Force Cardea",TM8FP2480G0C110,high
storage,Corsair,"Corsair Neutron NX500",CSSD-N400GBNX500,high
storage,Patriot,"Patriot Spark",PSK128GS25SSDR,high
storage,Patriot,"Patriot Spark",PSK256GS25SSDR,high
storage,Corsair,"Corsair Force LE",CSSD-F120GBLE200B,high
storage,Intel,"Intel 540 Series",SSDSC2KW120H6X1948800,high
storage,TeamGroup,"TEAMGROUP L5 LITE 3D",T253TD120G3C101,high
storage,TeamGroup,"TEAMGROUP P30",TM8FP2480G0C101,high
storage,TeamGroup,"TEAMGROUP T-Force Delta RGB",T253TR250G3C313,high
storage,TeamGroup,"TEAMGROUP T-Force Delta RGB",T253TR001T3C413,high
storage,TeamGroup,"TEAMGROUP T-Force Delta RGB",T253TR250G3C413,high
storage,TeamGroup,"TEAMGROUP L5 LITE",T2535T480G0C101,high
storage,Corsair,"Corsair MP300",CSSD-F960GBMP300,high
storage,TeamGroup,"TEAMGROUP T-Force Delta Phantom Gaming RGB",T253PG500G3C313,high
storage,TeamGroup,"TEAMGROUP T-Force Delta Phantom Gaming RGB",T253PG001T3C313,high
storage,Western Digital,"Western Digital Blue Mobile",WD3200LPCX,high
storage,Western Digital,"Western Digital AV",WD3200LUCT,high
storage,TeamGroup,"TEAMGROUP MS30",TM4PS7128G0C101,high
storage,Patriot,"Patriot Scorch",PS128GPM280SSDR,high
storage,Lexar,"Lexar NM500",LNM500-256RBNA,high
storage,Lexar,"Lexar NM600",LNM600-240RBNA,high
storage,Lexar,"Lexar NS100",LNS100-480RBNA,high
storage,Lexar,"Lexar NS200",LNS200-960RBNA,high
storage,TeamGroup,"TEAMGROUP T-Force Vulcan",T253TV250G3C301,high
storage,TeamGroup,"TEAMGROUP T-Force Cardea",TM8FP5001T0C119,high
storage,TeamGroup,"TEAMGROUP T-Force Cardea Liquid",TM8FP5512G0C119,high
storage,Corsair,"Corsair Force GT",CSSDF60GBGTBK,high
storage,Intel,"Intel 520",SSDSC2CW120A310,high
storage,Intel,"Intel 520",SSDSC2CW180A3K5,high
storage,Western Digital,"Western Digital AV-GP",WD25EURS,high
storage,Intel,"Intel DC S3500",SSDSC2BB240G401,high
storage,PNY,"PNY Prevail",SSD9SC240GEDEPB,high
storage,Western Digital,"Western Digital Ultrastar DC HC550",0F38352,high
storage,Intel,"Intel D3-S4520",SSDSC2KB960GZ01,high
storage,Intel,"Intel D3-S4520",SSDSCKKB480GZ01,high
storage,Patriot,"Patriot Viper PV573",PV573P4TBM28H,high
storage,Western Digital,"Western Digital VelociRaptor",WD1500BLFS,high
storage,Western Digital,"Western Digital RE4",WD1503FYYS,high
storage,Western Digital,"Western Digital RE2",WD7500AYYS,high
storage,Western Digital,"Western Digital RE2",WD5001ABYS,high
storage,Western Digital,"Western Digital RE2",WD3201ABYS,high
storage,Western Digital,"Western Digital RE2",WD1601ABYS,high
storage,Western Digital,"Western Digital RE2-GP",WD5000ABPS,high
storage,Western Digital,"Western Digital Caviar Green",WD6400AARS,high
storage,Western Digital,"Western Digital Caviar Green",WD7500AADS,high
storage,Western Digital,"Western Digital Caviar Green",WD6400AADS,high
storage,Western Digital,"Western Digital Scorpio Black",WD32000BJKT,high
storage,Western Digital,"Western Digital Scorpio Black",WD2500BJKT,high
storage,Western Digital,"Western Digital Scorpio Black",WD1200BJKT,high
storage,Western Digital,"Western Digital Scorpio Blue",WD6400BPVT,high
storage,Western Digital,"Western Digital AV",WD5000AVJS,high
storage,Western Digital,"Western Digital AV",WD2500AVJS,high
storage,Western Digital,"Western Digital AV",WD1600AVJS,high
storage,Western Digital,"Western Digital AV-GP",WD20EVDS,high
storage,Western Digital,"Western Digital AV-GP",WD7500AVDS,high
storage,Western Digital,"Western Digital AV-GP",WD10EVVS,high
storage,Western Digital,"Western Digital AV-GP",WD7500AVVS,high
storage,Western Digital,"Western Digital AV-GP",WD6400AVVS,high
storage,Western Digital,"Western Digital AV-25",WD2500BUDT,high
storage,Western Digital,"Western Digital AV-25",WD1600BUDT,high
storage,Intel,"Intel X25-E",SSDSA2SH032G1,high
storage,Intel,"Intel X25-E",SSDSA2SH032G101,high
storage,Intel,"Intel X25-E",SSDSA2SH064G1,high
storage,Intel,"Intel X25-M",SSDSA2MH080G1,high
storage,Intel,"Intel X25-M",SSDSA2MH080G101,high
storage,Intel,"Intel X25-M",SSDSA2MH080G1C1,high
storage,Intel,"Intel X25-M",SSDSA2MH080G2,high
storage,Intel,"Intel X25-M",SSDSA2MH080G2C1,high
storage,Intel,"Intel X25-M",SSDSA2MJ080G2C1,high
storage,Intel,"Intel X25-M",SSDSA2MH080G2R5,high
storage,Intel,"Intel X25-M",SSDSA2MH080G201,high
storage,Intel,"Intel X25-M",SSDSA2MJ080G201,high
storage,Intel,"Intel X25-M",SSDSA2MH160G2,high
storage,Intel,"Intel X25-M",SSDSA2MH160G2R5,high
storage,Intel,"Intel X25-M",SSDSA2MH160G201,high
storage,Intel,"Intel X25-V",SSDSA2MP040G2R5,high
storage,Western Digital,"Western Digital Caviar Black",WD10000LSRTL,high
storage,Western Digital,"Western Digital VelociRaptor",WD3000GLFSRTL,high
storage,Western Digital,"Western Digital Caviar SE",WD3200JBRTL,high
storage,Western Digital,"Western Digital AV",WD5000AVJB,high
storage,Western Digital,"Western Digital Caviar Green",WDBAAY0015HNCNRSN,high
storage,Western Digital,"Western Digital Caviar Blue",WDBAAX3200ENCNRSN,high
storage,Western Digital,"Western Digital VelociRaptor",WDBACN6000ANCNRSN,high
storage,Intel,"Intel X25-M",SSDSA2MH160G2XXX,high
storage,Crucial,"Crucial RealSSD C300",CTFDDAC064MAG1G1,high
storage,Crucial,"Crucial RealSSD C300",CTFDDAC128MAG1G1CCA,high
storage,Crucial,"Crucial RealSSD C300",CTFDDAC256MAG1G1CCA,high
storage,Corsair,"Corsair Force",CSSDF120GB2BRKT,high
storage,Corsair,"Corsair Force",CSSDF160GBP2BRKT,high
storage,Corsair,"Corsair Force",CSSDF180GBP2BRKT,high
storage,Corsair,"Corsair Force",CSSDF240GB2BRKT,high
storage,Corsair,"Corsair Force",CSSDF60GB2BRKT,high
storage,Corsair,"Corsair Force",CSSDF90GBP2BRKT,high
storage,Corsair,"Corsair Nova",CSSDV128GB2BRKT,high
storage,Corsair,"Corsair Nova",CSSDV64GB2BRKT,high
storage,Corsair,"Corsair Force",CSSDF40GB2,high
storage,G.SKILL,"G.Skill Phoenix",FM25S2S60GBP1,high
storage,G.SKILL,"G.Skill Sniper Gaming",FM25S2S120GBSR,high
storage,G.SKILL,"G.Skill Sniper Gaming",FM25S2S60GBSR,high
storage,G.SKILL,"G.Skill Phoenix Pro",FM25S2S240GBP2,high
storage,G.SKILL,"G.Skill Phoenix Pro",FM25S2S60GBP2,high
storage,G.SKILL,"G.Skill Phoenix Pro",FM25S2S120GBP2,high
storage,G.SKILL,"G.Skill Phoenix",FM25S2S120GBP1,high
storage,Western Digital,"Western Digital RE2",WD5000YS,high
storage,Western Digital,"Western Digital VelociRaptor",RFHWD3000HLFS,high
storage,Patriot,"Patriot Inferno",PI240GS25SSDR,high
storage,Patriot,"Patriot Torqx TRB",PT32GS25SSDR,high
storage,Patriot,"Patriot Torqx TRB",PT64GS25SSDR,high
storage,Corsair,"Corsair Performance 3",CSSDP364GB2BRKT,high
storage,Corsair,"Corsair Performance 3",CSSDP3128GB2BRKT,high
storage,Western Digital,"Western Digital Caviar GP",WD3200AACS,high
storage,Western Digital,"Western Digital RE4",WD2003FYYS02W0B0,high
storage,Intel,"Intel 510",SSDSC2MH120A2K5,high
storage,Western Digital,"Western Digital Caviar Green",WD30EZRSDTLSP,high
storage,Intel,"Intel 320",SSDSA2CW600G310,high
storage,Intel,"Intel 320",SSDSA2CW080G3K5,high
storage,G.SKILL,"G.Skill Phoenix Evo",FM25S2115GBPE,high
storage,Intel,"Intel 320",SSDSA2CW080G310,high
storage,Corsair,"Corsair Force",CSSDF180GB2BRKTA,high
storage,Intel,"Intel 320",SSDSA2CW160G3K5,high
storage,Crucial,"Crucial M4",CT128M4SSD2CCA,high
storage,Crucial,"Crucial M4",CT256M4SSD2CCA,high
storage,Patriot,"Patriot Torqx 2",PT2256GS25SSDR,high
storage,Patriot,"Patriot Torqx 2",PT2128GS25SSDR,high
storage,Patriot,"Patriot Torqx 2",PT264GS25SSDR,high
storage,Intel,"Intel 320",SSDSA2CW300G310,high
storage,Corsair,"Corsair Force",CSSDF40GB2A,high
storage,Western Digital,"Western Digital Caviar Black",WD1502FAEX20PK,high
storage,Western Digital,"Western Digital Caviar Blue",WD7500AALX20PK,high
storage,Intel,"Intel 320",SSDSA2CW080G3B5,high
storage,Western Digital,"Western Digital Caviar Green",WD15EARX,high
storage,Intel,"Intel 320",SSDSA2CT040G3B5,high
storage,Western Digital,"Western Digital AV-25",WD5000BUDT,high
storage,Intel,"Intel 320",SSDSA2CW160G3B5,high
storage,Intel,"Intel 320",SSDSA2CW300G3B5,high
storage,Corsair,"Corsair Force 3",CSSDF120GB3BK,high
storage,Western Digital,"Western Digital Scorpio Blue",WD3200BEVERTL,high
storage,Patriot,"Patriot Wildfire",PW240GS25SSDR,high
storage,Patriot,"Patriot Wildfire",PW120GS25SSDR,high
storage,Corsair,"Corsair Nova Series 2",CSSDV60GB2,high
storage,Corsair,"Corsair Force 3",CSSDF60GB3BK,high
storage,Western Digital,"Western Digital AV-GP",WD30EURS,high
storage,Western Digital,"Western Digital AV-25",WD2500BUDT50PK,high
storage,Patriot,"Patriot Pyro",PP120GS25SSDR,high
storage,Patriot,"Patriot Pyro",PP60GS25SSDR,high
storage,Western Digital,"Western Digital Caviar Green",WD7500AARX,high
storage,Patriot,"Patriot Pyro",PP240GS25SSDR,high
storage,Corsair,"Corsair Force GT",CSSDF240GBGTBK,high
storage,Corsair,"Corsair Force 3",CSSDF120GB3ABK,high
storage,Corsair,"Corsair Force 3",CSSDF90GB3BK,high
storage,Corsair,"Corsair Force 3",CSSDF180GB3BK,high
storage,Patriot,"Patriot Wildfire",PW480GS25SSDR,high
storage,Corsair,"Corsair Force GT",CSSDF480GBGTBK,high
storage,Corsair,"Corsair Force 3",CSSDF480GB3BK,high
storage,Western Digital,"Western Digital AV-25",WD3200BUCT,high
storage,Patriot,"Patriot Pyro SE",PPSE60GS25SSDR,high
storage,Intel,"Intel 320",SSDSA2CW600G3B5,high
storage,Intel,"Intel 320",SSDSA2BW080G301,high
storage,Corsair,"Corsair Performance Pro",CSSDP128GBPBK,high
storage,SanDisk,"SanDisk Ultra",SDSSDH060GG25,high
storage,Patriot,"Patriot Pyro SE",PPSE240GS25SSDR,high
storage,Crucial,"Crucial M4",CT064M4SSD2BAA,high
storage,Crucial,"Crucial M4",CT128M4SSD2BAA,high
storage,Crucial,"Crucial M4",CT256M4SSD1,high
storage,Crucial,"Crucial M4",CT064M4SSD1,high
storage,Crucial,"Crucial M4",CT128M4SSD1,high
storage,Crucial,"Crucial M4",CT256M4SSD1CCA,high
storage,Crucial,"Crucial M4",CT128M4SSD1CCA,high
storage,Intel,"Intel 520",SSDSC2CW060A3K5,high
storage,Intel,"Intel 520",SSDSC2CW480A310,high
storage,Intel,"Intel 520",SSDSC2CW240A310,high
storage,SanDisk,"SanDisk Extreme",SDSSDX240GG25,high
storage,Patriot,"Patriot Mac Series XT",PAXT240GS25SSDR,high
storage,Patriot,"Patriot Mac Series XT",PAXT60GS25SSDR,high
storage,Patriot,"Patriot Mac Series XT",PAXT120GS25SSDR,high
storage,Corsair,"Corsair Nova Series 2",CSSDV30GB2A,high
storage,Corsair,"Corsair Nova Series 2",CSSDV60GB2A,high
storage,Corsair,"Corsair Force 3",CSSDF240GB3ABK,high
storage,Corsair,"Corsair Accelerator",CSSDC45GB,high
storage,Western Digital,"Western Digital Caviar Green",WD7500AZRX,high
storage,Western Digital,"Western Digital Caviar Green",WD3200AZRX,high
storage,PNY,"PNY Prevail",SSD9SC240GCDAPB,high
storage,PNY,"PNY Prevail",SSD9SC120GCDAPB,high
storage,Western Digital,"Western Digital AV-GP",WD3200AUDX,high
storage,Intel,"Intel 330",SSDSC2CT180A3K5,high
storage,Intel,"Intel 320",SSDSA2CW120G301,high
storage,SanDisk,"SanDisk Extreme",SDSSDX480GG25,high
storage,Western Digital,"Western Digital AV-25",WD2500BUCT,high
storage,Western Digital,"Western Digital VelociRaptor",WD2500HHTZ,high
storage,Western Digital,"Western Digital AV",WD5000AVKX,high
storage,Western Digital,"Western Digital AV",WD3200AVJB,high
storage,Western Digital,"Western Digital RE4",WD2003FYYS02W0B1,high
storage,Western Digital,"Western Digital AV-25",WD1600BUCT,high
storage,Corsair,"Corsair Force 3",CSSDF120GB3ANB,high
storage,Corsair,"Corsair Force 3",CSSDF240GB3ANB,high
storage,Corsair,"Corsair Force GS",CSSDF180GBGSBK,high
storage,Corsair,"Corsair Force GS",CSSDF360GBGSBK,high
storage,Corsair,"Corsair Force GS",CSSDF480GBGSBK,high
storage,Western Digital,"Western Digital AV",WD2500AVKX,high
storage,Intel,"Intel 320",SSDSA2BT040G3,high
storage,PNY,"PNY XLR8",SSD9SC120GMDFRB,high
storage,PNY,"PNY Prevail Elite",SSD9SC240GEDAPB,high
storage,Crucial,"Crucial V4",CT064V4SSD2,high
storage,Crucial,"Crucial V4",CT064V4SSD2CCA,high
storage,Crucial,"Crucial V4",CT128V4SSD2,high
storage,Crucial,"Crucial V4",CT128V4SSD2CCA,high
storage,Crucial,"Crucial V4",CT128V4SSD2BAA,high
storage,Crucial,"Crucial V4",CT256V4SSD2BAA,high
storage,Crucial,"Crucial V4",CT064V4SSD2BAA,high
storage,Intel,"Intel 910",SSDPEDOX400G301,high
storage,Intel,"Intel 910",SSDPEDPX800G301,high
storage,Crucial,"Crucial V4",CT032V4SSD2CCA,high
storage,Crucial,"Crucial V4",CT032V4SSD2BAA,high
storage,G.SKILL,"G.Skill Phoenix III",FM25S3240GBP3,high
storage,Corsair,"Corsair Neutron",CSSDN120GB3BK,high
storage,Corsair,"Corsair Neutron GTX",CSSDN120GBGTXBK,high
storage,Corsair,"Corsair Neutron GTX",CSSDN240GBGTXBK,high
storage,PNY,"PNY XLR8 PRO",SSD9SC480GCDARB,high
storage,PNY,"PNY XLR8",SSD9SC480GMDARB,high
storage,PNY,"PNY XLR8",SSD9SC240GMDARB,high
storage,PNY,"PNY XLR8 PRO",SSD9SC120GCDARB,high
storage,Corsair,"Corsair Neutron GTX",CSSDN480GBGTXBK,high
storage,PNY,"PNY Prevail",SSD9SC480GCDAPB,high
storage,PNY,"PNY Performance",PSSD2S060GMRB,high
storage,PNY,"PNY XLR8 PRO",SSD9SC240GCDARB,high
storage,PNY,"PNY Prevail Elite",SSD9SC480GEDAPB,high
storage,Corsair,"Corsair Neutron",CSSDN128GB3BK,high
storage,Intel,"Intel 335",SSDSC2CT180A4K5,high
storage,Intel,"Intel 525",SSDMCEAC120B301,high
storage,Intel,"Intel 525",SSDMCEAC180B301,high
storage,Intel,"Intel 525",SSDMCEAC240B301,high
storage,Intel,"Intel 313",SSDMAEXC024G301,high
storage,Intel,"Intel 310",SSDMAEMC080G2C1,high
storage,Intel,"Intel 313",SSDMAEXC020G301,high
storage,Intel,"Intel 310",SSDMAEMC040G2C1,high
storage,Crucial,"Crucial M4",CT256M4SSD3,high
storage,Crucial,"Crucial M4",CT128M4SSD3,high
storage,Crucial,"Crucial M4",CT064M4SSD3,high
storage,Crucial,"Crucial M4",CT032M4SSD3,high
storage,Intel,"Intel 525",SSDMCEAC060B301,high
storage,Intel,"Intel 525",SSDMCEAC090B301,high
storage,Crucial,"Crucial M500",CT120M500SSD3,high
storage,Corsair,"Corsair Neutron",CSSDN64GB3BK,high
storage,Intel,"Intel DC S3500",SSDSC2BB160G401,high
storage,Intel,"Intel 335",SSDSC2CT080A4K5,high
storage,SanDisk,"SanDisk Ultra Plus",SDSSDHP064GG25,high
storage,SanDisk,"SanDisk Extreme II",SDSSDXP480GG25,high
storage,Western Digital,"Western Digital AV-25",WD10JUCTOEM,high
storage,Western Digital,"Western Digital RE",WD200MFYYG,high
storage,Western Digital,"Western Digital Xe",WD3001HKHG,high
storage,Western Digital,"Western Digital Xe",WD6001HKHG,high
storage,Western Digital,"Western Digital Green",WD7500LPCX,high
storage,Western Digital,"Western Digital Xe",WD9001HKHG,high
storage,Western Digital,"Western Digital WDBMMA0010HNC-NRSN",WDBMMA0010HNCNRSN,high
storage,SanDisk,"SanDisk Ultra Plus",SDSSDHP064GG26,high
storage,Western Digital,"Western Digital WDBMMA0030HNC-NRSN",WDBMMA0030HNCNRSN,high
storage,Corsair,"Corsair Neutron",CSSDN512GB3BK,high
storage,Intel,"Intel 520",SSDSC2BW120A301,high
storage,Intel,"Intel 520",SSDSC2BW240A301,high
storage,Western Digital,"Western Digital Black",WD2500BEKX,high
storage,Western Digital,"Western Digital WD3200BPVT/BVVT/BEVT",WD3200BPVTBVVTBEVT,high
storage,SanDisk,"SanDisk X110",SD6SB1M064G1022I,high
storage,Crucial,"Crucial M500",CT480M500SSD3,high
storage,Corsair,"Corsair Force LS",CSSDF240GBLS,high
storage,PNY,"PNY Prevail",SSD9SC120GEDEPB,high
storage,SanDisk,"SanDisk Extreme II",SDSSDXP480GG26,high
storage,Intel,"Intel 530",SSDSC2BW480A4K5,high
storage,SanDisk,"SanDisk X110",SD6SF1M032G1022,high
storage,SanDisk,"SanDisk ReadyCache",SDSSDRC032G,high
storage,Crucial,"Crucial M550",CT128M550SSD1,high
storage,Crucial,"Crucial M550",CT128M550SSD3,high
storage,Crucial,"Crucial M550",CT512M550SSD3,high
storage,Intel,"Intel 730",SSDSC2BP240G410,high
storage,SanDisk,"SanDisk X110",SD6SF1M032G1022I,high
storage,SanDisk,"SanDisk X110",SD6SF1M064G1022I,high
storage,SanDisk,"SanDisk X110",SD6SF1M128G1022I,high
storage,Crucial,"Crucial M550",CT256M550SSD3,high
storage,Intel,"Intel 530",SSDMCEAW080A401,high
storage,Intel,"Intel 530",SSDMCEAW180A401,high
storage,PNY,"PNY Prevail",SSD7SC120GCDAPB,high
storage,SanDisk,"SanDisk U110",SDSA6GM064G1122,high
storage,PNY,"PNY Optima",SSD7SC480GOPTRB,high
storage,SanDisk,"SanDisk X300S",SD7SB3Q064G1122,high
storage,Intel,"Intel 530",SSDSCKGW180A401,high
storage,Intel,"Intel 530",SSDSCKHW120A401,high
storage,Crucial,"Crucial M500",CT480M500SSD4,high
storage,Patriot,"Patriot PP240Patriot Pyro M3GSM3SSDR",PP240GSM3SSDR,high
storage,TeamGroup,"TEAMGROUP Dark L3",T253L3120GMC101,high
storage,Western Digital,"Western Digital Purple",WD50PURX,high
storage,Intel,"Intel 730",240GBINTEL730SERIES,high
storage,Intel,"Intel DC P3700",SSDPE2MD400G401,high
storage,Intel,"Intel DC P3600",SSDPE2ME400G401,high
storage,Intel,"Intel DC P3600",SSDPE2ME800G401,high
storage,Intel,"Intel DC P3700",SSDPEDMD400G401,high
storage,Intel,"Intel DC P3600",SSDPEDME800G401,high
storage,Intel,"Intel 530",SSDSCKGW180A4,high
storage,Patriot,"Patriot Pyro M3",PP120GSM3SSDR,high
storage,SanDisk,"SanDisk X300S",SD7SB3Q064G1022,high
storage,TeamGroup,"TEAMGROUP Dark L3",T253L3060GMC101,high
storage,Intel,"Intel SSDSC2BW480H6R5",SSDSC2BW480H6R5,low
storage,Intel,"Intel 535",SSDSCKJW120H601,high
storage,Patriot,"Patriot Ignite",PI240GS325SSDR,high
storage,PNY,"PNY CS1211",SSD7CS1211120RB,high
storage,PNY,"PNY SSD7CS2111-960-RB",SSD7CS2111960RB,high
storage,Patriot,"Patriot Blast",PBT120GS25SSDBK,high
storage,Patriot,"Patriot Blast",PBT240GS25SSDBK,high
storage,PNY,"PNY CS1211",SSD7CS1211480RB,high
storage,SanDisk,"SanDisk Ultra II",SDMSATA128GG25,high
storage,SanDisk,"SanDisk Ultra II",SDMSATA512GG25,high
storage,TeamGroup,"TEAMGROUP Dark L3",T253L3240GMC101,high
storage,TeamGroup,"TEAMGROUP Ultra L5",T253L5240GMC101,high
storage,SanDisk,"SanDisk Z400s",SD8SBAT064G1122,high
storage,SanDisk,"SanDisk Z400s",SD8SFAT032G1122,high
storage,Intel,"Intel 730",SSDSC2BP240G401,high
storage,Zotac,"Zotac Premium Edition",ZTSSDA5P480GPE,high
storage,Western Digital,"Western Digital RE",WD5001FSYZ,high
storage,PNY,"PNY CS2211",SSD7CS2211240RB,high
storage,PNY,"PNY CS2211",SSD7CS2211480RB,high
storage,Patriot,"Patriot PBT120GS25SSDR",PBT120GS25SSDR,low
storage,Intel,"Intel 540s",SSDSC2KW010X6,high
storage,Intel,"Intel 540s",SSDSC2KW120H6,high
storage,Intel,"Intel 540s",SSDSC2KW180H6,high
storage,Intel,"Intel 540s",SSDSC2KW240H6,high
storage,Intel,"Intel 540s",SSDSC2KW360H6,high
storage,Intel,"Intel 540s",SSDSC2KW480H6,high
storage,Western Digital,"Western Digital Caviar SE",WD2500JB,high
storage,Western Digital,"Western Digital WD Red Pro",WD5001FFWX,high
storage,Western Digital,"Western Digital RE",WD6001FXYZ,high
storage,AMD,"AMD Radeon R3",R3120GB,high
storage,Intel,"Intel 540s",SSDSC2KW120H6X1,high
storage,Intel,"Intel 540s",SSDSC2KW180H6X1,high
storage,Intel,"Intel 540s",SSDSC2KW360H6X1,high
storage,Patriot,"Patriot Torch LE",PTL960GS25SSDR,high
storage,Patriot,"Patriot Torch LE",PTL480GS25SSDR,high
storage,Patriot,"Patriot Torch LE",PTL240GS25SSDR,high
storage,Patriot,"Patriot Torch LE",PTL120GS25SSDR,high
storage,Intel,"Intel 540s",SSDSCKKW180H6X1,high
storage,Intel,"Intel 540s",SSDSCKKW120H6X1,high
storage,Intel,"Intel 540s",SSDSCKKW010X6X1,high
storage,Intel,"Intel 750",SSDPE2MW012T4X1,high
storage,Intel,"Intel 750",SSDPE2MW400G4X1,high
storage,Intel,"Intel 750",SSDPE2MW800G4X1,high
storage,Corsair,"Corsair Neutron XTi",CSSD-N480GBXTI,high
storage,Corsair,"Corsair Neutron XTi",CSSD-N960GBXTI,high
storage,Intel,"Intel Pro 5400s",SSDSC2KF240H6X1,high
storage,TeamGroup,"TEAMGROUP L5 LITE",T2535T120G0C101,high
storage,TeamGroup,"TEAMGROUP T-Force Cardea",TM8FP2240G0C110,high
storage,TeamGroup,"TEAMGROUP L3 EVO",T253LE480GTC101,high
storage,Patriot,"Patriot Spark",PSK512GS25SSDR,high
storage,Corsair,"Corsair Neutron NX500",CSSD-N1600GBNX500,high
storage,PNY,"PNY CS2030",M280CS2030-480-RB,high
storage,TeamGroup,"TEAMGROUP T-Force Delta RGB",T253TR001T3C313,high
storage,TeamGroup,"TEAMGROUP T-Force Delta RGB",T253TR500G3C313,high
storage,TeamGroup,"TEAMGROUP T-Force Delta RGB",T253TR500G3C413,high
storage,TeamGroup,"TEAMGROUP L5 LITE",T2535T240G0C101,high
storage,TeamGroup,"TEAMGROUP L5 LITE",T2535T060G0C101,high
storage,Corsair,"Corsair MP300",CSSD-F480GBMP300,high
storage,Intel,"Intel Optane 905",SSDPE21D480GAX1,high
storage,TeamGroup,"TEAMGROUP T-Force Delta Phantom Gaming RGB",T253PG250G3C313,high
storage,Western Digital,"Western Digital Black",WD10JQLX,high
storage,Western Digital,"Western Digital Blue UltraSlim",WD5000MPCK,high
storage,TeamGroup,"TEAMGROUP MS30",TM4PS7256G0C101,high
storage,TeamGroup,"TEAMGROUP MS30",TM8PS7128G0C101,high
storage,Lexar,"Lexar NS200",LNS200-480RBNA,high
storage,Western Digital,"Western Digital Ultrastar",HUS728T8TALE6L1,high
storage,TeamGroup,"TEAMGROUP L5 LITE",T2535T001T0C101,high
storage,SanDisk,"SanDisk X600",SD9SN8W-1T00-1122,high
storage,Western Digital,"Western Digital Purple",WD101PURZ,high
storage,SanDisk,"SanDisk CloudSpeed Ultra Gen. II",SDLF1DAM-800G-1HA1,high
storage,TeamGroup,"TEAMGROUP T-Force Delta Max RGB",T253TM250G3C302,high
storage,Intel,"Intel DC S4500",SSDSC2KB019T701,high
storage,Intel,"Intel DC S4500",SSDSC2KB240G701,high
storage,Intel,"Intel DC S4500",SSDSC2KB480G7,high
storage,Intel,"Intel DC S3520",SSDSC2BB960G7,high
storage,Intel,"Intel Optane 900P",SSDPE21D280GASX,high
storage,Intel,"Intel DC P4101",SSDPEKKA512G801,high
storage,Intel,"Intel Pro 7600p",SSDPEKKF128G8X1,high
storage,Intel,"Intel DC P4101",SSDPEKKA020T801,high
storage,Intel,"Intel DC S3710",SSDSC2BA800G4,high
storage,Intel,"Intel DC P4101",SSDPEKKA010T801,high
storage,Intel,"Intel DC S3610",SSDSC2BX480G4P,high
storage,Intel,"Intel DC S3520",SSDSC2BB480G701,high
storage,PNY,"PNY XLR8 CS2311",SSD7CS2311-250-RB,high
storage,PNY,"PNY XLR8 CS2311",SSD7CS2311-1TB-RB,high
storage,SanDisk,"SanDisk CloudSpeed Ultra Gen. II",SDLF1DAM-400G-1HA2,high
storage,Intel,"Intel DC S3110",SSDSC2KI010T801,high
storage,SanDisk,"SanDisk CloudSpeed Eco Gen. II",SDLF1DAR-480G-1HA1,high
storage,Intel,"Intel DC P4510",SSDPE2KX040T801,high
storage,Intel,"Intel DC S3500",SSDSC2BB120G4,high
storage,Intel,"Intel SSDSC2BA400G4P",SSDSC2BA400G4P,low
storage,Intel,"Intel DC S4600",SSDSC2KG240G7,high
storage,Patriot,"Patriot VPR100 RGB",VPR100-512GM28H,high
storage,Western Digital,"Western Digital Ultrastar DC",0TS1811,high
storage,Zotac,"Zotac 10 Year Anniversary SONIX",ZTSSD-PG3-480G-LED,high
storage,TeamGroup,"TEAMGROUP T-Force Cardea Zero Z340",TM8FP9256G0C311,high
storage,TeamGroup,"TEAMGROUP T-Force Cardea Zero Z340",TM8FP9512G0C311,high
storage,TeamGroup,"TEAMGROUP Cardea II",TM8FP5256G0C110,high
storage,TeamGroup,"TEAMGROUP Cardea II",TM8FP5512G0C110,high
storage,TeamGroup,"TEAMGROUP Cardea II",TM8FP5001T0C110,high
storage,TeamGroup,"TEAMGROUP T-Force Cardea Zero Z330",TM8FP8512G0C311,high
storage,TeamGroup,"TEAMGROUP T-Create Expert",T253TE002T3C701,high
storage,TeamGroup,"TEAMGROUP T-Create Classic",T253TA001T3C601,high
storage,TeamGroup,"TEAMGROUP T-Create Classic",TM8FPE002T0C611,high
storage,TeamGroup,"TEAMGROUP T-Create Classic",TM8FPH001T0C611,high
storage,TeamGroup,"TEAMGROUP T-Create Expert",TM8FPF001T0C711,high
storage,Sabrent,"Sabrent Rocket 4.0",SB-NVME4-HTSK-2TB,high
storage,Sabrent,"Sabrent Rocket Q4",SB-RKTQ4-HTSS-2TB,high
storage,SanDisk,"SanDisk Extreme",SDSSDXPM2-500G-G25,high
storage,Western Digital,"Western Digital Black SN750 Rev2",WDBRPG2500ANC-WRSN,high
storage,Western Digital,"Western Digital PC SN730",SDBQNTY-256G,high
storage,Corsair,"Corsair MP400",CSSD-F4000GBMP400R2,high
storage,PNY,"PNY XLR8 CS3040 w/Heatsink",M280CS3040HS-1TB-RB,high
storage,PNY,"PNY XLR8 CS3040 w/Heatsink",M280CS3040HS-4TB-RB,high
storage,Western Digital,"Western Digital Ultrastar DC HC550",0F38354,high
storage,Western Digital,"Western Digital Ultrastar DC HC550",0F38358,high
storage,Western Digital,"Western Digital Ultrastar DC HC550",0F38356,high
storage,TeamGroup,"TEAMGROUP T-Force Delta Max White RGB Lite",T253TM512G0C425,high
storage,TeamGroup,"TEAMGROUP T-Force Delta Max RGB Lite",T253TM512G0C325,high
storage,TeamGroup,"TEAMGROUP T-Force Delta Max RGB Lite",T253TM001T0C325,high
storage,TeamGroup,"TEAMGROUP T-Force Delta R RGB",T253TR500G3C315,high
storage,TeamGroup,"TEAMGROUP T-Force Delta R RGB",T253TR001T3C315,high
storage,TeamGroup,"TEAMGROUP T-Force Delta R RGB",T253TR500G3C415,high
storage,TeamGroup,"TEAMGROUP T-Force Delta R RGB",T253TR001T3C415,high
storage,TeamGroup,"TEAMGROUP T-Force Delta RGB Lite",T253TR512G3C323,high
storage,TeamGroup,"TEAMGROUP T-Force Delta S RGB",T253TR500G3C312,high
storage,TeamGroup,"TEAMGROUP T-Force Delta S RGB",T253TR001T3C312,high
storage,TeamGroup,"TEAMGROUP T-Force Delta S RGB",T253TR500G3C412,high
storage,TeamGroup,"TEAMGROUP T-Force Cardea A440 Pro Special Series",TM8FPY004T0C129,high
storage,TeamGroup,"TEAMGROUP T-Force Cardea IOPS",TM8FPI001T0C322,high
storage,TeamGroup,"TEAMGROUP T-Force Cardea Ceramic C440",TM8FPA001T0C410,high
storage,TeamGroup,"TEAMGROUP T-Force Cardea Zero Z340",TM8FP9002T0C311,high
storage,TeamGroup,"TEAMGROUP T-Force Cardea Liquid",TM8FP5256G0C119,high
storage,TeamGroup,"TEAMGROUP T-Force Cardea Zero",TM8FP2240G0C111,high
storage,TeamGroup,"TEAMGROUP T-Force Cardea Zero",TM8FP2480G0C111,high
storage,TeamGroup,"TEAMGROUP T-Force Delta TUF Gaming Alliance RGB",T253TT500G3C313,high
storage,TeamGroup,"TEAMGROUP T-Force Delta S TUF Gaming RGB",T253ST500G3C312,high
storage,TeamGroup,"TEAMGROUP QX",T253X78000G0C101,high
storage,Patriot,"Patriot Viper Gaming VP4100",VP4100-500GM28H,high
storage,Western Digital,"Western Digital SN520",SDAPMUW-128G,high
storage,Western Digital,"Western Digital SN520",SDAPTUW-256G,high
storage,Western Digital,"Western Digital SN520",SDAPTUW-128G,high
storage,Western Digital,"Western Digital SN530 SED",SDBQNPZ-256G,high
storage,Intel,"Intel D3-S4520",SSDSC2KB240GZ01,high
storage,Intel,"Intel D3-S4520",SSDSC2KB480GZ01,high
storage,Intel,"Intel D3-S4610",SSDSC2KG019T801,high
storage,Intel,"Intel D3-S4620",SSDSC2KG960GZ01,high
storage,Intel,"Intel D3-S4620",SSDSC2KG480GZ01,high
storage,Intel,"Intel D3-S4520",SSDSCKKB240GZ01,high
storage,Sabrent,"Sabrent Rocket 4.0",SB-2130-256,high
storage,Lexar,"Lexar NM700",LNM700-512RBNA,high
storage,PNY,"PNY CS2240",M280CS2240-500-RB,high
storage,TeamGroup,"TEAMGROUP MP34S",TM4FPN512G0C101,high
storage,TeamGroup,"TEAMGROUP MP34S",TM4FPN001T0C101,high
storage,Kioxia,"KIOXIA BG5",KBG50ZNS256G,high
storage,Kioxia,"KIOXIA BG5 SED",KBG5AZNS1T02,high
storage,TeamGroup,"TEAMGROUP T-Create Classic DL",TM8FPM002T0C329,high
storage,Western Digital,"Western Digital PC SN740 Pyrite",SDDPTQD-256G,high
storage,Western Digital,"Western Digital PC SN740 Opal",SDDQTQD-256G,high
storage,Western Digital,"Western Digital PC SN740 Opal",SDDQTQD-512G,high
storage,Western Digital,"Western Digital PC SN740 Opal",SDDQTQD-1T00,high
storage,Western Digital,"Western Digital PC SN740 Opal",SDDQTQE-2T00,high
storage,TeamGroup,"TEAMGROUP T-FORCE G50 PRO",TM8FFF002T0C129,high
storage,TeamGroup,"TEAMGROUP T-FORCE G70 PRO Graphene",TM8FFH512G0C129,high
storage,TeamGroup,"TEAMGROUP T-FORCE G70 PRO Aluminum",TM8FFH512G0C128,high
storage,TeamGroup,"TEAMGROUP T-FORCE G70",TM8FFG512GB0C129,high
storage,TeamGroup,"TEAMGROUP T-FORCE G70",TM8FFG002TB0C129,high
storage,TeamGroup,"TEAMGROUP T-FORCE G70",TM8FFG004TB0C129,high
storage,Corsair,"Corsair MP600 CORE MINI",CSSD-F2000GBMP600CMN,high
storage,PNY,"PNY CS3150",M280CS3150HS-2TB-RB,high
storage,PNY,"PNY CS3150",M280CS3150HSW-1TB-RB,high
storage,Lexar,"Lexar NQ710",LNQ710X004T-RNNNU,high
storage,TeamGroup,"TEAMGROUP T-FORCE Z44A7",TM8FPV512G0C129,high
storage,TeamGroup,"TEAMGROUP T-FORCE Z44A3",TM8FPX002T0C129,high
storage,TeamGroup,"TEAMGROUP T-FORCE Z44A3",TM8FPX001T0C129,high
storage,TeamGroup,"TEAMGROUP T-FORCE Z44A3",TM8FPX512G0C129,high
storage,PNY,"PNY CS2142",M230CS2142-1TB-TB,high
storage,PNY,"PNY CS2142",M230CS2142-2TB-TB,high
storage,TeamGroup,"TEAMGROUP Z440 Lite",TM8FFT002T0C129,high
storage,TeamGroup,"TEAMGROUP T-Create Classic C43",TM8FFA512G0C129,high
storage,TeamGroup,"TEAMGROUP T-Create Classic C43",TM8FFA001T0C129,high
storage,TeamGroup,"TEAMGROUP T-Create Classic I45",TM8FFA002T0C129,high
storage,TeamGroup,"TEAMGROUP T-Create Classic I45",TM8FFX001T0C129,high
storage,TeamGroup,"TEAMGROUP T-Create Classic C45",TM8FFB512G0C129,high
storage,TeamGroup,"TEAMGROUP T-Create Classic C45",TM8FFB001T0C129,high
storage,TeamGroup,"TEAMGROUP T-Create Classic C47",TM8FFB002T0C129,high
storage,TeamGroup,"TEAMGROUP T-Create Classic C47",TM8FFC512G0C129,high
storage,TeamGroup,"TEAMGROUP T-Create Classic C47",TM8FFC004T0C129,high
storage,Lexar,"Lexar NM1090 w/ Heatsink",LNM1090004T-RNANU,high
storage,TeamGroup,"TEAMGROUP T-Force GE PRO AirFlow",TM8FG3001T0C133,high
storage,Kioxia,"KIOXIA EXCERIA w/Heatsink",LSC11K4T09G8,high
storage,Patriot,"Patriot PA523",PA523P1TBM28H,high
storage,Patriot,"Patriot PA523",PA523P2TBM28H,high
storage,Patriot,"Patriot Viper PV563",PV563P1TBM28H,high
storage,Patriot,"Patriot Viper PV563",PV563P2TBM28H,high
storage,Patriot,"Patriot Viper PV563",PV563P4TBM28H,high
storage,Patriot,"Patriot Viper PV573",PV573P2TBM28H,high
storage,TeamGroup,"TEAMGROUP Z54E",TM8FG8004T0C129,high
storage,TeamGroup,"TEAMGROUP Z54E",TM8FG8002T0C129,high
storage,TeamGroup,"TEAMGROUP Z54E",TM8FG8001T0C129,high
storage,TeamGroup,"TEAMGROUP NV10000",TM8FGP004T0C101,high
storage,TeamGroup,"TEAMGROUP T-Create Classic H514 (Graphene)",TM8FGR004T0C129,high
storage,TeamGroup,"TEAMGROUP T-Create Classic H514 (Graphene)",TM8FGR001T0C129,high
storage,TeamGroup,"TEAMGROUP T-Create Classic H514 (Aluminum)",TM8FGR004T0C127,high
storage,TeamGroup,"TEAMGROUP T-Create Classic H514 (Aluminum)",TM8FGR002T0C127,high
storage,TeamGroup,"TEAMGROUP T-Create Classic H514 (Aluminum)",TM8FGR001T0C127,high
storage,TeamGroup,"TEAMGROUP T-FORCE G50 EVO",TM8FGQ004T0C129,high
storage,TeamGroup,"TEAMGROUP T-FORCE G50 EVO",TM8FGQ002T0C129,high
storage,TeamGroup,"TEAMGROUP T-FORCE G50 EVO",TM8FGQ001T0C129,high
storage,TeamGroup,"TEAMGROUP T-FORCE G50 EVO",TM8FGQ512G0C129,high
cooler,Cooler Master,"Cooler Master Hyper 212 Black Edition",RR-212S-20PK-R1,high
cooler,Corsair,"Corsair NAUTILUS 360 RS ARGB",CW-9060093-WW,high
cooler,NZXT,"NZXT Kraken Elite 360 RGB  (11)",RL-KR36E-W2,high
cooler,AMD,"AMD Wraith Prism",199-999888,high
cooler,Corsair,"Corsair NAUTILUS 360 RS ARGB",CW-9060095-WW,high
cooler,Corsair,"Corsair iCUE LINK TITAN 360 RX LCD",CW-9061023-WW,high
cooler,Corsair,"Corsair NAUTILUS 360 RS LCD",CW-9061033-WW,high
cooler,Cooler Master,"Cooler Master Hyper 212 Spectrum V3",RR-S4NA-17PA-R1,high
cooler,Lian Li,"Lian Li Hydroshift II LCD-S 360 TL",GHS2LCDS36TB,high
cooler,Cooler Master,"Cooler Master Hyper 212 RGB Black Edition",RR-212S-20PC-R1,high
cooler,NZXT,"NZXT Kraken Elite 360  (14)",RL-KN36E-B2,high
cooler,Tryx,"TRYX PANORAMA SE ARGB",L-P360L-AM3M-G0K,high
cooler,NZXT,"NZXT Kraken 240",RL-KN240-B1,high
cooler,Corsair,"Corsair NAUTILUS 240 RS ARGB",CW-9060092-WW,high
cooler,Cooler Master,"Cooler Master MasterLiquid 360L Core ARGB",MLW-D36M-A18PZ-R1,high
cooler,Tryx,"TRYX PANORAMA SE ARGB",L-P360L-AM3M-G0W,high
cooler,Corsair,"Corsair iCUE LINK TITAN 360 RX LCD",CW-9061026-WW,high
cooler,Lian Li,"Lian Li Hydroshift LCD 360S",HSLCD36SW,high
cooler,Corsair,"Corsair NAUTILUS 360 RS",CW-9060089-WW,high
cooler,NZXT,"NZXT Kraken Elite 360 RGB  (12)",RL-KR36E-B2,high
cooler,Corsair,"Corsair NAUTILUS 240 RS LCD",CW-9061031-WW,high
cooler,NZXT,"NZXT Kraken Plus 240",RL-KN240-B2,high
cooler,Corsair,"Corsair iCUE LINK TITAN 360 RX RGB",CW-9061018-WW,high
cooler,Intel,"Intel E97379-001",E97379-001,low
cooler,Lian Li,"Lian Li Hydroshift II LCD-S 360 CL",GHS2LCDS36CB,high
cooler,Lian Li,"Lian Li Hydroshift II LCD-S 360 TL",GHS2LCDS36TW,high
cooler,Thermaltake,"Thermaltake MeOrb II",CLP004AL08BLA,high
cooler,Lian Li,"Lian Li HydroShift II OLED Curved 360TL",GHS2OLDC36TB,high
cooler,Cooler Master,"Cooler Master Hyper 212 Pro",RR-212S-25PZ-R1,high
cooler,Cooler Master,"Cooler Master MasterLiquid 240L Core ARGB",MLW-D24M-A18PZ-R1,high
cooler,NZXT,"NZXT Kraken Plus 360",RL-KN360-B2,high
cooler,Lian Li,"Lian Li Galahad II Trinity SL-INF",GA2T36INB,high
cooler,NZXT,"NZXT Kraken Elite 360 RGB",RL-KR36E-W1,high
cooler,Lian Li,"Lian Li Galahad II Lite RGB",GA2L36RB,high
cooler,Cooler Master,"Cooler Master Elite",ELW-D24M-A21DA-R1,high
cooler,Lian Li,"Lian Li Hydroshift II LCD-C CL",GHS2LCD36RB,high
cooler,NZXT,"NZXT Kraken Elite 240  (3)",RL-KN24E-B2,high
cooler,Cooler Master,"Cooler Master Elite",ELW-D36M-A21DA-R1,high
cooler,Lian Li,"Lian Li GALAHAD AIO 360 RGB",GALAHAD-AIO-360-RGB-WHITE,high
cooler,NZXT,"NZXT Kraken X53",RL-KRX53-01,high
cooler,Thermaltake,"Thermaltake Gravity A2",CL-P078-AL09WT-A,high
cooler,Thermaltake,"Thermaltake UX400 RGB",CL-P142-AL12SW-A,high
cooler,Corsair,"Corsair iCUE LINK TITAN 420 RX RGB",CW-9061019-WW,high
cooler,Corsair,"Corsair iCUE H170i ELITE LCD XT",CW-9060076-WW,high
cooler,Corsair,"Corsair NAUTILUS 240 RS LCD",CW-9061032-WW,high
cooler,NZXT,"NZXT Kraken Core 360 RGB",RL-KR36C-B1,high
cooler,NZXT,"NZXT Kraken 120",RL-KR120-B1,high
cooler,NZXT,"NZXT Kraken Elite 420 RGB  (2)",RL-KR42E-W2,high
cooler,Cooler Master,"Cooler Master Hyper 212 3DHP ARGB",MAY-T2HP-217PA-R1,high
cooler,Cooler Master,"Cooler Master Hyper 212 Halo",RR-S4KK-20PA-R1,high
cooler,Corsair,"Corsair H100i v2",CW-9060025-WW,high
cooler,Cooler Master,"Cooler Master MasterLiquid ML360R RGB",MLX-D36M-A20PC-R1,high
cooler,Lian Li,"Lian Li Galahad II Lite Performance",GA2L36PB,high
cooler,NZXT,"NZXT Kraken Elite 240 RGB  (2)",RL-KR24E-W2,high
cooler,Lian Li,"Lian Li Hydroshift LCD 360S",HSLCD36SB,high
cooler,Lian Li,"Lian Li Galahad II LCD SL-INF",GA2ALCD36INW,high
cooler,NZXT,"NZXT Kraken Elite 280 RGB  (0)",RL-KR28E-W2,high
cooler,Cooler Master,"Cooler Master Elite",ELW-D24M-A21DA-RW,high
cooler,Cooler Master,"Cooler Master Hyper 212 3DHP",MAY-T2HP-217PK-R1,high
cooler,Corsair,"Corsair iCUE H150i ELITE LCD XT",CW-9060077-WW,high
cooler,Thermaltake,"Thermaltake Contact 9 SE",CL-P106-AL09WT-A,high
cooler,Corsair,"Corsair iCUE H100i RGB PRO XT",CW-9060043-WW,high
cooler,NZXT,"NZXT Kraken X63",RL-KRX63-01,high
cooler,Corsair,"Corsair iCUE LINK H100i RGB",CW-9061005-WW,high
cooler,Cooler Master,"Cooler Master Hyper 612 APEX",MAP-T6PN-225PK-R1,high
cooler,Cooler Master,"Cooler Master MasterLiquid 240L Core ARGB",MLW-D24M-A18PZ-RW,high
cooler,Cooler Master,"Cooler Master Hyper 212 Halo",RR-S4WW-20PA-R1,high
cooler,NZXT,"NZXT Kraken X73 RGB",RL-KRX73-RW,high
cooler,Tryx,"TRYX TURRIS 620",H-T620N-DM2M-G0K,high
cooler,Cooler Master,"Cooler Master MasterLiquid 360 Atmos",MLX-D36M-A25PZ-R1,high
cooler,NZXT,"NZXT Kraken Elite 280 RGB  (2)",RL-KR28E-B2,high
cooler,NZXT,"NZXT Kraken Elite 240 RGB  (3)",RL-KR24E-B2,high
cooler,NZXT,"NZXT Kraken Elite 360",RL-KN36E-B1,high
cooler,NZXT,"NZXT Kraken Core 240 RGB",RL-KR24C-B1,high
cooler,Corsair,"Corsair H60  (46)",CW-9060036-WW,high
cooler,Thermaltake,"Thermaltake TH360 V2 ARGB Sync",CL-W362-PL12SW-A,high
cooler,NZXT,"NZXT Kraken Elite 280",RL-KN28E-B1,high
cooler,Thermaltake,"Thermaltake TH120 V2 ARGB Sync",CL-W360-PL12SW-A,high
cooler,Corsair,"Corsair iCUE LINK H150i RGB",CW-9061003-WW,high
cooler,Lian Li,"Lian Li GALAHAD AIO 360 RGB UNI FAN SL120 EDITION",GA-360SLB,high
cooler,Corsair,"Corsair iCUE LINK TITAN 240 RX RGB",CW-9061020-WW,high
cooler,Phanteks,"Phanteks Glacier One 360M25 LCD",PH-GO360M25G2LCD_DBK01,high
cooler,Thermaltake,"Thermaltake TH240 V2 ARGB Sync",CL-W361-PL12SW-A,high
cooler,NZXT,"NZXT Kraken Plus 240 RGB",RL-KR240-B2,high
cooler,Lian Li,"Lian Li Hydroshift II LCD-C CL",GHS2LCD36RW,high
cooler,NZXT,"NZXT Kraken Z63",RL-KRZ63-01,high
cooler,Phanteks,"Phanteks Glacier One 360M25 G2",PH-GO360M25G2_DWT02,high
cooler,NZXT,"NZXT Kraken Z73",RL-KRZ73-01,high
cooler,Corsair,"Corsair H100i RGB PLATINUM",CW-9060039-WW,high
cooler,Cooler Master,"Cooler Master Hyper 411 Nano",RR-H410-25PK-R1,high
cooler,Thermaltake,"Thermaltake UX200 SE ARGB",CL-P105-AL12SW-A,high
cooler,NZXT,"NZXT Kraken Elite 360 RGB",RL-KR36E-B1,high
cooler,Cooler Master,"Cooler Master Hyper 212 EVO V2",RR-2V2E-18PK-R1,high
cooler,Thermaltake,"Thermaltake Gravity i2",CLP0556D,high
cooler,Corsair,"Corsair iCUE LINK TITAN 280 RX RGB",CW-9061017-WW,high
cooler,Cooler Master,"Cooler Master MasterLiquid 360 Core II",MLW-D36M-A18PA-R1,high
cooler,Cooler Master,"Cooler Master Hyper 620S",RR-D6NA-17PA-R1,high
cooler,Lian Li,"Lian Li Galahad II Lite Performance",GA2L24PB,high
cooler,Lian Li,"Lian Li Galahad II Trinity",GA2T36W,high
cooler,Cooler Master,"Cooler Master MasterLiquid ML360 Illusion",MLX-D36M-A18P2-R1,high
cooler,Cooler Master,"Cooler Master Elite",ELW-D36M-A21DA-RW,high
cooler,Thermaltake,"Thermaltake UX200 SE ARGB",CL-P116-AL12SW-A,high
cooler,Corsair,"Corsair iCUE LINK TITAN 240 RX LCD",CW-9061022-WW,high
cooler,Cooler Master,"Cooler Master MasterLiquid 360 ATMOS Stealth",MLX-D36M-A24PK-R1,high
cooler,NZXT,"NZXT Kraken Elite 240 RGB",RL-KR24E-W1,high
cooler,Cooler Master,"Cooler Master MasterLiquid 240 Atmos",MLX-D24M-A25PZ-R1,high
cooler,Tryx,"TRYX TURRIS 620",H-T620N-DM2M-G0W,high
cooler,Phanteks,"Phanteks Glacier One 360M25 LCD",PH-GO360M25G2LCD_DWT01,high
cooler,NZXT,"NZXT T120 RGB",RC-TR120-W1,high
cooler,Corsair,"Corsair iCUE H150i RGB PRO XT",CW-9060045-WW,high
cooler,Tryx,"TRYX STAGE",L-S360A-DM3M-G0K,high
cooler,Fractal Design,"Fractal Design Lumen S28 RGB V2",FD-W-L1-S2812,high
cooler,Corsair,"Corsair iCUE LINK H115i RGB",CW-9061002-WW,high
cooler,Corsair,"Corsair iCUE LINK H150i LCD",CW-9061008-WW,high
cooler,Corsair,"Corsair iCUE H150i ELITE CAPELLIX XT",CW-9060073-WW,high
cooler,Thermaltake,"Thermaltake TH360 V2 ARGB Sync",CL-W365-PL12SW-A,high
cooler,Corsair,"Corsair H100x",CW-9060040-WW,high
cooler,Cooler Master,"Cooler Master V4 Alpha 3DHP",MAZ-T2HP-217PK-R1,high
cooler,Antec,"Antec A400i",0-761345-10913-0,high
cooler,NZXT,"NZXT Kraken 360 RGB",RL-KR360-B1,high
cooler,Corsair,"Corsair iCUE H100i ELITE CAPELLIX XT",CW-9060072-WW,high
cooler,Lian Li,"Lian Li Galahad II LCD",GA2ALCD36W,high
cooler,Corsair,"Corsair iCUE H150i ELITE CAPELLIX XT",CW-9060070-WW,high
cooler,Corsair,"Corsair iCUE H100i RGB ELITE",CW-9060058-WW,high
cooler,Corsair,"Corsair iCUE H170i ELITE CAPELLIX",CW-9060055-WW,high
cooler,NZXT,"NZXT T120",RC-TN120-B1,high
cooler,Fractal Design,"Fractal Design Lumen S36 RGB V2",FD-W-L1-S3612,high
cooler,Lian Li,"Lian Li Galahad II Trinity Performance",GA2P36W,high
cooler,NZXT,"NZXT Kraken X73",RL-KRX73-01,high
cooler,Lian Li,"Lian Li Galahad II Trinity",GA2T36B,high
cooler,Cooler Master,"Cooler Master MasterLiquid ML240 Illusion",MLX-D24M-A18P2-R1,high
cooler,Thermaltake,"Thermaltake TOUGHLIQUID Ultra",CL-W323-PL12GM-B,high
cooler,Tryx,"TRYX STAGE",L-S360A-DM3M-G0W,high
cooler,Lian Li,"Lian Li HydroShift II OLED Curved 360P28",GHS2OLDC36PB,high
cooler,Fractal Design,"Fractal Design Lumen S24 RGB V2",FD-W-L1-S2412,high
cooler,Tryx,"TRYX PANORAMA ARGB  (2)",L-P360A-AS3M-G0W,high
cooler,Corsair,"Corsair iCUE H100x RGB ELITE",CW-9060065-WW,high
cooler,Corsair,"Corsair H100i RGB PLATINUM SE",CW-9060042-WW,high
cooler,Lian Li,"Lian Li Galahad II Trinity Performance",GA2P36B,high
cooler,Corsair,"Corsair H100i PRO RGB",CW-9060033-WW,high
cooler,NZXT,"NZXT Kraken 360",RL-KN360-B1,high
cooler,NZXT,"NZXT Kraken X62",RL-KRX62-01,high
cooler,NZXT,"NZXT T120",RC-TN120-W1,high
cooler,Corsair,"Corsair iCUE H150i RGB ELITE",CW-9060079-WW,high
cooler,Intel,"Intel BXTS15A",BXTS15A,low
cooler,Lian Li,"Lian Li HydroShift II OLED Curved 360P28",GHS2OLDC36PW,high
cooler,NZXT,"NZXT Kraken Z63 RGB",RL-KRZ63-RW,high
cooler,Cooler Master,"Cooler Master Hyper 212 Black X Duo",RR-S4KK-25DN-R1,high
cooler,Phanteks,"Phanteks Glacier One D30 X2",PH-GO360D30_DBK02,high
cooler,NZXT,"NZXT Kraken 240 RGB",RL-KR240-W1,high
cooler,NZXT,"NZXT Kraken Elite 240",RL-KN24E-B1,high
cooler,Cooler Master,"Cooler Master MasterLiquid 120L Core",MLW-D12M-A17PK-R1,high
cooler,Lian Li,"Lian Li GALAHAD AIO 240 RGB UNI FAN SL120 EDITION",GA-240SLB,high
cooler,Antec,"Antec VORTEX 360",0-761345-74047-0,high
cooler,Corsair,"Corsair iCUE LINK TITAN 240 RX LCD",CW-9061025-WW,high
cooler,Corsair,"Corsair iCUE LINK H100i LCD",CW-9061007-WW,high
cooler,Corsair,"Corsair A115",CT-9010011-WW,high
cooler,Lian Li,"Lian Li Galahad AIO240  (2)",GA-240B-BLACK,high
cooler,Lian Li,"Lian Li Galahad II LCD",GA2ALCD36B,high
cooler,Cooler Master,"Cooler Master MasterLiquid Atmos II LCD",MLX-D36M-A25SZ-L1,high
cooler,Tryx,"TRYX PANORAMA  (0)",L-P360N-DS3M-G1K,high
cooler,NZXT,"NZXT Kraken 360 RGB",RL-KR360-W1,high
cooler,Cooler Master,"Cooler Master MasterLiquid 240 Core II",MLW-D24M-A18PA-R1,high
cooler,Corsair,"Corsair iCUE H150i ELITE LCD",CW-9060062-WW,high
cooler,NZXT,"NZXT Kraken 280",RL-KN280-B1,high
cooler,NZXT,"NZXT Kraken Elite 240 RGB",RL-KR24E-B1,high
cooler,NZXT,"NZXT Kraken Z53",RL-KRZ53-01,high
cooler,Cooler Master,"Cooler Master MasterLiquid 360 Core II",MLW-D36M-A18PA-RW,high
cooler,Thermaltake,"Thermaltake TH360 V3 Ultra ARGB Sync",CL-W474-PL12SW-A,high
cooler,Thermaltake,"Thermaltake TH120 ARGB Sync",CL-W346-PL12SW-A,high
cooler,NZXT,"NZXT Kraken Z73 RGB",RL-KRZ73-R1,high
cooler,Thermaltake,"Thermaltake TH280 V2 ARGB Sync",CL-W377-PL14SW-A,high
cooler,Cooler Master,"Cooler Master MasterAir MA824 Stealth",MAM-D8PN-318PK-R1,high
cooler,SilverStone,"Silverstone AR12-TUF",SST-AR12-TUF,high
cooler,Lian Li,"Lian Li Galahad II LCD",GA2ALCD28W,high
cooler,Lian Li,"Lian Li Galahad II Lite RGB",GA2L24RB,high
cooler,NZXT,"NZXT T120 RGB",RC-TR120-B1,high
cooler,Corsair,"Corsair iCUE H150i RGB ELITE",CW-9060060-WW,high
cooler,Cooler Master,"Cooler Master MASTERLIQUID ML120L RGB V2",MLW-D12M-A18PC-R2,high
cooler,Cooler Master,"Cooler Master MasterLiquid Atmos II LCD",MLX-D24M-A25SZ-L1,high
cooler,Lian Li,"Lian Li GALAHAD AIO 360 RGB UNI FAN SL120 EDITION",GA-360SLA,high
cooler,Corsair,"Corsair iCUE H60x RGB ELITE",CW-9060064-WW,high
cooler,Cooler Master,"Cooler Master MasterLiquid 240",MLX-D24M-A20PW-R1,high
cooler,NZXT,"NZXT Kraken X52",RL-KRX52-01,high
cooler,Lian Li,"Lian Li Galahad II Trinity",GA2T24B,high
cooler,Tryx,"TRYX PANORAMA SE ARGB",L-P240L-AM2M-G0K,high
cooler,NZXT,"NZXT Kraken Z53 RGB",RL-KRZ53-R1,high
cooler,Thermaltake,"Thermaltake UX400 RGB",CL-P143-AL12SW-A,high
cooler,Cooler Master,"Cooler Master MasterLiquid PL360 FLUX",MLY-D36M-A23PZ-R1,high
cooler,Thermaltake,"Thermaltake UX100",CL-P064-AL12SW-A,high
cooler,Cooler Master,"Cooler Master X Dream I117",RR-X117-18FP-R1,high
cooler,Thermaltake,"Thermaltake MAGFloe 420 Ultra ARGB Sync",CL-W452-PL14SW-A,high
cooler,Corsair,"Corsair H100i",H100I,low
cooler,Corsair,"Corsair iCUE H150i ELITE CAPELLIX",CW-9060051-WW,high
cooler,Thermaltake,"Thermaltake MAGFloe 420 Ultra ARGB Sync",CL-W451-PL14SW-A,high
cooler,Corsair,"Corsair iCUE LINK H150i LCD",CW-9061010-WW,high
cooler,Corsair,"Corsair iCUE LINK H150i RGB",CW-9061006-WW,high
cooler,Cooler Master,"Cooler Master A71C",RR-A71C-18PA-R1,high
cooler,NZXT,"NZXT Kraken Elite 280 RGB",RL-KR28E-W1,high
cooler,Corsair,"Corsair H115i PRO",CW-9060032-WW,high
cooler,Cooler Master,"Cooler Master Hyper H412R",RR-H412-20PK-R2,high
cooler,Phanteks,"Phanteks Glacier One D30 X2",PH-GO420D30_DBK02,high
cooler,Thermaltake,"Thermaltake UX400",CL-P149-AL12BL-A,high
cooler,Corsair,"Corsair iCUE H100i ELITE CAPELLIX",CW-9060050-WW,high
cooler,Hyte,"HYTE THICC Q60",FAN-HYTE-Q60-BW,high
cooler,Cooler Master,"Cooler Master MasterLiquid ML280 Mirror",MLX-D28M-A14PK-R1,high
cooler,Corsair,"Corsair iCUE H100i ELITE LCD XT",CW-9060074-WW,high
cooler,Thermaltake,"Thermaltake MAGFloe 360 Ultra ARGB Sync",CL-W432-PL12SW-A,high
cooler,Corsair,"Corsair H115i RGB PLATINUM",CW-9060038-WW,high
cooler,SilverStone,"Silverstone Krypton KR01",SST-KR01,high
cooler,Corsair,"Corsair H150i PRO",CW-9060031-WW,high
cooler,NZXT,"NZXT Kraken 240 RGB",RL-KR240-B1,high
cooler,Cooler Master,"Cooler Master Hyper 212 RGB Black Edition",RR-212S-20PC-R2,high
cooler,Antec,"Antec Symphony ARGB",0-761345-74042-5,high
cooler,Lian Li,"Lian Li Galahad II Trinity",GA2T24W,high
cooler,Hyte,"HYTE THICC Q80 Trio",FAN-HYTE-Q80T-BB,high
cooler,NZXT,"NZXT Kraken X72",RL-KRX72-01,high
cooler,NZXT,"NZXT Kraken X73 RGB",RL-KRX73-R1,high
cooler,Thermaltake,"Thermaltake TH420 V2 Ultra ARGB Sync",CL-W407-PL14SW-A,high
cooler,Cooler Master,"Cooler Master MasterLiquid ML240L RGB",MLW-D24M-A20PC-R1,high
cooler,Corsair,"Corsair iCUE LINK H100i RGB",CW-9061001-WW,high
cooler,NZXT,"NZXT Kraken X53 RGB",RL-KRX53-R1,high
cooler,Lian Li,"Lian Li GALAHAD AIO 240 RGB UNI FAN SL120 EDITION",GA-240SLA,high
cooler,Cooler Master,"Cooler Master Hyper 212 Halo SF6 Ryu",RR-S4WW-20PA-RY,high
cooler,SilverStone,"Silverstone Hydrogon H90 ARGB",SST-HYH90-ARGB,high
cooler,Corsair,"Corsair iCUE H100i ELITE CAPELLIX XT",CW-9060068-WW,high
cooler,Tryx,"TRYX PANORAMA ARGB  (1)",L-P360A-AS3M-G0K,high
cooler,Cooler Master,"Cooler Master MasterLiquid Lite 120",MLW-D12M-A20PW-R1,high
cooler,Thermaltake,"Thermaltake ASTRIA 600 ARGB",CL-P121-CA12SW-A,high
cooler,Corsair,"Corsair iCUE H115i RGB Pro XT",CW-9060044-WW,high
cooler,Corsair,"Corsair H60",H60-CW-9060007-WW,high
cooler,Corsair,"Corsair iCUE H115i ELITE CAPELLIX",CW-9060047-WW,high
cooler,Thermaltake,"Thermaltake ASTRIA 400 ARGB",CL-P120-CA12SW-A,high
cooler,Tryx,"TRYX PANORAMA SE ARGB",L-P240L-AM2M-G0W,high
cooler,NZXT,"NZXT Kraken Elite 280 RGB",RL-KR28E-B1,high
cooler,Corsair,"Corsair iCUE LINK H170i RGB",CW-9061004-WW,high
cooler,Thermaltake,"Thermaltake CLP0600",CLP0600,low
cooler,Thermaltake,"Thermaltake ASTRIA 200 ARGB",CL-P119-AL12SW-A,high
cooler,Thermaltake,"Thermaltake TH240 V2 ARGB Sync",CL-W364-PL12SW-A,high
cooler,Thermaltake,"Thermaltake TH360 V3 Ultra ARGB Sync",CL-W476-PL12SW-A,high
cooler,Cooler Master,"Cooler Master Hyper 622 Halo",RR-D6WW-20PA-R1,high
cooler,Thermaltake,"Thermaltake TH360 V2 Ultra ARGB Sync",CL-W384-PL12SW-A,high
cooler,NZXT,"NZXT Kraken X63 RGB",RL-KRX63-R1,high
cooler,Corsair,"Corsair H150",CW-9060054-WW,high
cooler,Cooler Master,"Cooler Master Masterliquid 360 Atmos",MLX-D36M-A25PZ-RW,high
cooler,Corsair,"Corsair iCUE LINK H170i LCD",CW-9061009-WW,high
cooler,Phanteks,"Phanteks Glacier One D30 X2",PH-GO420D30_DWT02,high
cooler,Thermaltake,"Thermaltake TOUGHLIQUID Ultra RGB",CL-W370-PL14SW-A,high
cooler,NZXT,"NZXT Kraken M22",RL-KRM22-01,high
cooler,Cooler Master,"Cooler Master MasterLiquid ML240L ARGB V2",MLW-D24M-A18PA-R2,high
cooler,Antec,"Antec Symphony ARGB",0-761345-74044-9,high
cooler,Cooler Master,"Cooler Master MasterLiquid Atmos II LCD",MLX-D36M-A25SZ-LW,high
cooler,Thermaltake,"Thermaltake Contac Silent 12",CL-P039-AL12BL-A,high
cooler,Cooler Master,"Cooler Master MasterLiquid 240 Core II",MLW-D24M-A18PA-RW,high
cooler,Tryx,"TRYX PANORAMA  (3)",L-P360N-DS3M-G0K,high
cooler,Lian Li,"Lian Li GALAHAD AIO 240 RGB",GALAHAD-AIO-240-RGB-WHITE,high
cooler,Cooler Master,"Cooler Master MasterLiquid ML240R RGB",MLX-D24M-A20PC-R1,high
cooler,Cooler Master,"Cooler Master MasterLiquid 240L Core",MLW-D24M-A17PK-R1,high
cooler,EVGA,"EVGA CLC 280",400-HY-CL28-V1,high
cooler,Lian Li,"Lian Li GALAHAD AIO 360 RGB",GALAHAD-AIO-360-RGB-BLACK,high
cooler,Cooler Master,"Cooler Master MasterLiquid 360 Ion",MLY-D36M-A24PZ-R1,high
cooler,Corsair,"Corsair H80i v2",CW-9060024-WW,high
cooler,Corsair,"Corsair H110i",CW-9060026-WW,high
cooler,Thermaltake,"Thermaltake TH360 V2 Ultra ARGB Sync",CL-W420-PL12BU-A,high
cooler,Lian Li,"Lian Li Galahad II Trinity SL-INF",GA2T24INW,high
cooler,Thermaltake,"Thermaltake TH420 V2 Ultra ARGB Sync",CL-W386-PL14SW-A,high
cooler,EVGA,"EVGA CLC 240",400-HY-CL24-V1,high
cooler,Lian Li,"Lian Li HydroShift LCD 360TL RGB",HSLCD36TB,high
cooler,Fractal Design,"Fractal Design Celsius S36",FD-WCU-CELSIUS-S36-BK,high
cooler,Antec,"Antec VORTEX 240",0-761345-74046-3,high
cooler,Tryx,"TRYX PANORAMA ARGB  (1)",L-P240A-AS2M-G0W,high
cooler,Thermaltake,"Thermaltake MAGFloe 360 Ultra ARGB Sync",CL-W433-PL12SW-A,high
cooler,Thermaltake,"Thermaltake TH280 V2 ARGB Sync",CL-W375-PL14MG-A,high
cooler,Thermaltake,"Thermaltake TH280 V2 Ultra ARGB Sync",CL-W385-PL14SW-A,high
cooler,Phanteks,"Phanteks Glacier One D30 X2",PH-GO360D30_DWT02,high
cooler,Cooler Master,"Cooler Master i50",RH-I50-20FK-R1,high
cooler,Corsair,"Corsair iCUE H100i RGB ELITE",CW-9060078-WW,high
cooler,Thermaltake,"Thermaltake Water 3.0 120 ARGB Sync",CL-W232-PL12SW-A,high
cooler,NZXT,"NZXT Kraken Z63 RGB",RL-KRZ63-R1,high
cooler,Cooler Master,"Cooler Master MasterLiquid ML360L ARGB V2",MLW-D36M-A18PA-R2,high
cooler,Lian Li,"Lian Li Galahad II LCD",GA2ALCD28B,high
cooler,NZXT,"NZXT Kraken Z53 RGB",RL-KRZ53-RW,high
cooler,Tryx,"TRYX PANORAMA  (0)",L-P360N-DS3M-G1W,high
cooler,Hyte,"HYTE THICC Q80 Trio",FAN-HYTE-Q80T-WW,high
cooler,Cooler Master,"Cooler Master Hyper 212X",RR212X20PMR1,high
cooler,Cooler Master,"Cooler Master MasterLiquid Lite 240",MLW-D24M-A20PW-R1,high
cooler,Intel,"Intel BXXTS100H",BXXTS100H,low
cooler,SilverStone,"Silverstone VIDA 240 SLIM",SST-VD240-SLIM,high
cooler,Thermaltake,"Thermaltake Floe DX RGB 280 TT Premium Edition",CL-W257-PL14SW-A,high
cooler,Corsair,"Corsair A500",CT-9010003-WW,high
cooler,Cooler Master,"Cooler Master Masterliquid 240 Atmos",MLX-D24M-A25PZ-RW,high
cooler,SilverStone,"Silverstone Hydrogon D120 ARGB V2",SST-HYD120-ARGB-V2,high
cooler,Thermaltake,"Thermaltake Floe DX RGB TT Premium Edition B",CL-W256-PL12SW-B,high
cooler,Thermaltake,"Thermaltake TH420 V2 ARGB Sync",CL-W376-PL14SW-A,high
cooler,Lian Li,"Lian Li Galahad II Trinity SL-INF",GA2T24INB,high
cooler,NZXT,"NZXT Kraken 280 RGB",RL-KR280-B1,high
cooler,Corsair,"Corsair iCUE H100i ELITE LCD",CW-9060061-WW,high
cooler,Corsair,"Corsair H100",CW-9060053-WW,high
cooler,Corsair,"Corsair iCUE H115i RGB ELITE",CW-9060059-WW,high
cooler,Corsair,"Corsair iCUE H170i ELITE LCD",CW-9060063-WW,high
cooler,Corsair,"Corsair iCUE H115i ELITE CAPELLIX XT",CW-9060069-WW,high
cooler,Cooler Master,"Cooler Master MasterLiquid 120",MLX-D12M-A20PW-R1,high
cooler,Cooler Master,"Cooler Master MASTERLIQUID PL240 FLUX",MLY-D24M-A23PZ-RW,high
cooler,Thermaltake,"Thermaltake TH360 V2 Ultra ARGB Sync",CL-W405-PL12SW-A,high
cooler,Cooler Master,"Cooler Master MasterLiquid ML360L ARGB V2",MLW-D36M-A18PW-RW,high
cooler,Tryx,"TRYX PANORAMA ARGB  (0)",L-P240A-AS2M-G0K,high
cooler,EVGA,"EVGA CLC 360",400-HY-CL36-V1,high
cooler,Thermaltake,"Thermaltake TOUGHAIR 110",CL-P073-AL12BL-A,high
cooler,Phanteks,"Phanteks GLACIER ONE 420D30",PH-GO420D30_DBK01,high
cooler,Cooler Master,"Cooler Master MasterLiquid Atmos II",MLX-D24M-A25SZ-R1,high
cooler,Corsair,"Corsair iCUE H60i RGB PRO XT",CW-9060049-WW,high
cooler,Lian Li,"Lian Li HydroShift LCD 360TL RGB",HSLCD36TW,high
cooler,EVGA,"EVGA CLCx 360",400-HY-CX36-V1,high
cooler,Cooler Master,"Cooler Master MasterLiquid ML240 Mirror",MLX-D24M-A18PK-R1,high
cooler,Thermaltake,"Thermaltake TOUGHAIR 510",CL-P075-AL12BL-A,high
cooler,NZXT,"NZXT Kraken X63 RGB",RL-KRX63-RW,high
cooler,Lian Li,"Lian Li ALC 360",ACL360B-BLACK,high
cooler,NZXT,"NZXT Kraken 280 RGB",RL-KR280-W1,high
cooler,Thermaltake,"Thermaltake Water 3.0 Extreme S",CLW0224-B,high
cooler,Fractal Design,"Fractal Design Celsius S24",FD-WCU-CELSIUS-S24-BK,high
cooler,Cooler Master,"Cooler Master Hyper 212 Plus",RRB10212PG1,high
cooler,Cooler Master,"Cooler Master MasterLiquid PL240 FLUX",MLY-D24M-A23PZ-R1,high
cooler,SilverStone,"Silverstone VIDA 120 SLIM",SST-VD120-SLIM,high
cooler,Fractal Design,"Fractal Design Celsius+ S28 Dynamic X2 PWM",FD-W-2-S2801,high
cooler,Intel,"Intel BXRTS2011LC",BXRTS2011LC,low
cooler,Lian Li,"Lian Li HydroShift LCD 360R RGB",HSLCD36RW,high
cooler,Antec,"Antec A30",A30,high
cooler,Phanteks,"Phanteks GLACIER ONE 360D30",PH-GO360D30_DBK01,high
cooler,Lian Li,"Lian Li GALAHAD AIO 240 RGB",GALAHAD-AIO-240-RGB-BLACK,high
cooler,Corsair,"Corsair iCUE H170i ELITE CAPELLIX XT",CW-9060071-WW,high
cooler,Thermaltake,"Thermaltake TOUGHAIR 710",CL-P117-CA14BL-A,high
cooler,Corsair,"Corsair H115i",CW-9060027-WW,high
cooler,Lian Li,"Lian Li HydroShift LCD 360R RGB",HSLCD36RB,high
cooler,Cooler Master,"Cooler Master MasterLiquid ML240 Illusion",MLX-D24M-A18PW-R1,high
cooler,Thermaltake,"Thermaltake TH280 V2 ARGB Sync",CL-W375-PL14SW-A,high
cooler,Lian Li,"Lian Li Galahad AIO360  (0)",GA-360A-WHITE,high
cooler,Corsair,"Corsair H55",H55,high
cooler,Cooler Master,"Cooler Master Hyper T20",RR-T20-20FK-R1,high
cooler,Thermaltake,"Thermaltake Water 3.0 360 ARGB Sync Edition",CL-W234-PL12SW-A,high
cooler,Thermaltake,"Thermaltake TH240 V2 Ultra ARGB Sync",CL-W404-PL12SW-A,high
cooler,Thermaltake,"Thermaltake TH120 V2 ARGB Sync",CL-W363-PL12SW-A,high
cooler,Tryx,"TRYX PANORAMA ARGB  (0)",L-P280A-AS2M-G0W,high
cooler,SilverStone,"Silverstone NovaPeak 360",SST-NP360B,high
cooler,Cooler Master,"Cooler Master Hyper 212 LED",RR-212L-16PR-R1,high
cooler,SilverStone,"Silverstone NovaPeak 360 ARGB",SST-NP360-ARGB,high
cooler,SilverStone,"Silverstone AR08-V2",SST-AR08-V2,high
cooler,Cooler Master,"Cooler Master Hyper 622 Halo",RR-D6BB-20PA-R1,high
cooler,Cooler Master,"Cooler Master MasterAir MA612 Stealth ARGB",MAP-T6PS-218PA-R1,high
cooler,Cooler Master,"Cooler Master MasterLiquid ML240L ARGB V2",MLW-D24M-A18PW-RW,high
cooler,Cooler Master,"Cooler Master Hyper 212 LED Turbo (Red)",RR-212TR-16PR-R1,high
cooler,Thermaltake,"Thermaltake Water 3.0 240 ARGB Sync",CL-W233-PL12SW-A,high
cooler,SilverStone,"Silverstone NT07-115X",SST-NT07-115X-USA,high
cooler,Fractal Design,"Fractal Design Lumen S28 V2",FD-W-L1-S2811,high
cooler,Tryx,"TRYX PANORAMA  (1)",L-P360N-DS3M-G0W,high
cooler,EVGA,"EVGA CLC 120",400-HY-CL12-V1,high
cooler,Phanteks,"Phanteks GLACIER ONE 360D30",PH-GO360D30_DWT01,high
cooler,Phanteks,"Phanteks Glacier One 240MP",PH-GO240MP_DBK01,high
cooler,NZXT,"NZXT Kraken X62 Rev 2",RL-KRX62-02,high
cooler,Thermaltake,"Thermaltake TH420 V2 ARGB Sync",CL-W378-PL14SW-A,high
cooler,Thermaltake,"Thermaltake TOUGHLIQUID Ultra",CL-W322-PL12GM-A,high
cooler,Thermaltake,"Thermaltake ASTRIA 200 ARGB",CL-P137-AL12SW-A,high
cooler,NZXT,"NZXT Kraken X41",RL-KRX41-01,high
cooler,Cooler Master,"Cooler Master i71C RGB",RR-I71C-20PC-R1,high
cooler,Thermaltake,"Thermaltake TH280 V2 Ultra ARGB Sync",CL-W406-PL14SW-A,high
cooler,Cooler Master,"Cooler Master MasterLiquid Atmos II",MLX-D36M-A25SZ-R1,high
cooler,Antec,"Antec FrigusAir 400 RGB",0-761345-74007-4,high
cooler,NZXT,"NZXT Kraken X53 RGB",RL-KRX53-RW,high
cooler,Cooler Master,"Cooler Master V8 GTS",RRV8VC16PRR1,high
cooler,Cooler Master,"Cooler Master Hyper 212 LED Turbo White Edition",RR-212TW-16PW-R1,high
cooler,Fractal Design,"Fractal Design Celsius+ S36 Prisma PWM ARGB",FD-W-2-S3602,high
cooler,Thermaltake,"Thermaltake Floe DX RGB 360 TT Premium Edition",CL-W256-PL12SW-A,high
cooler,Cooler Master,"Cooler Master Hyper 212 LED Turbo ARGB",RR-212TK-18PA-R1,high
cooler,Cooler Master,"Cooler Master MasterLiquid ML240L V2 RGB",MLW-D24M-A18PC-RW,high
cooler,Antec,"Antec Symphony ARGB",0-761345-74043-2,high
cooler,Fractal Design,"Fractal Design Lumen S36 V2",FD-W-L1-S3611,high
cooler,SilverStone,"Silverstone XED120S",SST-XED120S,high
cooler,Intel,"Intel BXTS13X",BXTS13X,low
cooler,Corsair,"Corsair H80i",H80I,low
cooler,Cooler Master,"Cooler Master MasterLiquid Pro 280",MLY-D28M-A22MB-R1,high
cooler,Cooler Master,"Cooler Master Hyper H410R RGB",RR-H410-20PC-R1,high
cooler,Thermaltake,"Thermaltake ASTRIA 600 ARGB",CL-P139-CA12SW-A,high
cooler,Fractal Design,"Fractal Design Lumen S24 V2",FD-W-L1-S2411,high
cooler,Cooler Master,"Cooler Master MasterAir MA612 Stealth",MAP-T6PS-218PK-R1,high
cooler,Cooler Master,"Cooler Master Hyper 212 Black Edition",RR-212S-20PK-R2,high
cooler,Cooler Master,"Cooler Master MasterAir MA620M",MAM-D6PN-120PA-R1,high
cooler,Cooler Master,"Cooler Master Hyper H411R",RR-H411-20PW-R1,high
cooler,Cooler Master,"Cooler Master MasterLiquid ML120R RGB",MLX-D12M-A20PC-R1,high
cooler,TeamGroup,"TEAMGROUP SIREN GD360E",TB130602,high
cooler,Cooler Master,"Cooler Master MasterLiquid 360L Core SF6 Chun-Li",MLW-D36M-A17PZ-CL,high
cooler,Phanteks,"Phanteks Glacier One 240 T30 Gen2",PH-GO240T30_DAG02,high
cooler,Corsair,"Corsair H55",CW-9060052-WW,high
cooler,Thermaltake,"Thermaltake Floe Riing RGB 360 TT Premium Edition",CL-W158-PL12SW-A,high
cooler,EVGA,"EVGA CLCx 240",400-HY-CX24-V1,high
cooler,Lian Li,"Lian Li Galahad AIO360  (2)",GA-360B-BLACK,high
cooler,EVGA,"EVGA CLC 120 CL11",400-HY-CL11-V1,high
cooler,Cooler Master,"Cooler Master V8 ACE 3DHP",MAM-T6HA-225PK-RB,high
cooler,Thermaltake,"Thermaltake UX200 ARGB",CL-P065-AL12SW-A,high
cooler,SilverStone,"Silverstone NT07-115X",NT07115X,high
cooler,Thermaltake,"Thermaltake TOUGHLIQUID Ultra",CL-W374-PL14BL-A,high
cooler,Fractal Design,"Fractal Design Lumen S36 RGB",FD-W-L1-S3602,high
cooler,EVGA,"EVGA CLCx 280",400-HY-CX28-V1,high
cooler,Cooler Master,"Cooler Master Hyper TX3 EVO",RR-TX3E-28PK-R1,high
cooler,Thermaltake,"Thermaltake TH360 V2 Ultra EX ARGB Sync",CL-W415-PL12SW-A,high
cooler,Thermaltake,"Thermaltake TH420 ARGB Sync",CL-W367-PL14SW-A,high
cooler,SilverStone,"Silverstone IceMyst 360",SST-IM360-ARGB,high
cooler,Sapphire,"Sapphire NITRO+ S360-A",4N005-02-20G,high
cooler,Thermaltake,"Thermaltake Water 3.0 Performer",CLW0222,high
cooler,Thermaltake,"Thermaltake TOUGHLIQUID 420 EX Pro ARGB Sync",CL-W401-PL14BL-A,high
cooler,Cooler Master,"Cooler Master MasterLiquid ML360 Mirror",MLX-D36M-A18PK-R1,high
cooler,Fractal Design,"Fractal Design Celsius+ S28 Prisma PWM ARGB",FD-W-2-S2802,high
cooler,Cooler Master,"Cooler Master MasterLiquid LC240E RGB",MLA-D24M-A18PC-R1,high
cooler,Thermaltake,"Thermaltake TH240 V2 Ultra ARGB Sync",CL-W383-PL12SW-A,high
cooler,Cooler Master,"Cooler Master MasterLiquid Atmos II LCD",MLX-D24M-A25SZ-LW,high
cooler,Corsair,"Corsair H100i GTX",CW-9060021-WW,high
cooler,NZXT,"NZXT Kraken X61",RL-KRX61-01,high
cooler,Thermaltake,"Thermaltake TH420 V2 Ultra EX ARGB Sync",CL-W417-PL14SW-A,high
cooler,Tryx,"TRYX PANORAMA ARGB  (0)",L-P280A-AS2M-G0K,high
cooler,Phanteks,"Phanteks PH-TC12ST4_DBK01",PH-TC12ST4_DBK01,low
cooler,Phanteks,"Phanteks GLACIER ONE 420D30",PH-GO420D30_DWT01,high
cooler,Cooler Master,"Cooler Master MasterAir MA410P",MAP-T4PN-220PC-R1,high
cooler,SilverStone,"Silverstone HE02-V2",SST-HE02-V2,high
cooler,Corsair,"Corsair H75",CW-9060015-WW,high
cooler,Cooler Master,"Cooler Master MasterAir MA624 Stealth",MAM-D6PS-314PK-R1,high
cooler,SilverStone,"Silverstone AR12 RGB",SST-AR12-RGB,high
cooler,Corsair,"Corsair H110i GTX",CW-9060020,high
cooler,Thermaltake,"Thermaltake TH240 V2 Ultra EX ARGB Sync",CL-W414-PL12SW-A,high
cooler,Cooler Master,"Cooler Master MasterLiquid ML120L RGB",MLW-D12M-A20PC-R1,high
cooler,Cooler Master,"Cooler Master Hyper T4",RRT418PKR1,high
cooler,Cooler Master,"Cooler Master Hyper 412S",RRH41213FKR1,high
cooler,Thermaltake,"Thermaltake TOUGHAIR 310",CL-P074-AL12BL-A,high
cooler,Thermaltake,"Thermaltake Water 3.0 Ultimate",CL-W007-PL12BL-A,high
cooler,Corsair,"Corsair H80i GT",CW-9060017-WW,high
cooler,Thermaltake,"Thermaltake TOUGHLIQUID 240 EX Pro ARGB Sync",CL-W418-PL00BL-A,high
cooler,Cooler Master,"Cooler Master Hyper T2",RRHT228PKR1,high
cooler,NZXT,"NZXT Kraken X42 Rev 2",RL-KRX42-02,high
cooler,Cooler Master,"Cooler Master MasterLiquid Pro 140",MLY-D14M-A22MB-R1,high
cooler,Antec,"Antec A40PRO",A40PRO,low
cooler,Cooler Master,"Cooler Master MasterAir MA410M",MAM-T4PN-218PC-R1,high
cooler,Cooler Master,"Cooler Master Hyper TX3",RR910HTX3G1,high
cooler,Cooler Master,"Cooler Master MasterAir MA620P",MAP-D6PN-218PC-R1,high
cooler,TeamGroup,"TEAMGROUP SIREN GD360E",TB130502,high
cooler,Thermaltake,"Thermaltake TOUGHLIQUID 360 EX Pro ARGB Sync",CL-W400-PL12BL-A,high
cooler,Corsair,"Corsair H100",CWCH100,high
cooler,Corsair,"Corsair H50",CWCH50-1,high
cooler,Thermaltake,"Thermaltake CLP0556",CLP0556,low
cooler,Fractal Design,"Fractal Design Celsius+ S24 Prisma PWM ARGB",FD-W-2-S2402,high
cooler,Thermaltake,"Thermaltake LB360 Ultra ARGB Sync",CL-W507-PL12SW-A,high
cooler,Cooler Master,"Cooler Master MasterLiquid ML240P Mirage",MLY-D24M-A20PA-R1,high
cooler,Phanteks,"Phanteks GLACIER ONE 240D30",PH-GO240D30_DWT01,high
cooler,Corsair,"Corsair H110i GT",CW-9060019-WW,high
cooler,Phanteks,"Phanteks Glacier One 240 T30",PH-GO240T30_DAG,high
cooler,Cooler Master,"Cooler Master Hyper 212 LED Turbo (Black)",RR-212TK-16PR-R1,high
cooler,Cooler Master,"Cooler Master V8",RRUV8XBU1GP,high
cooler,Phanteks,"Phanteks Glacier One 360 T30 Gen2",PH-GO360T30_DAG02,high
cooler,Phanteks,"Phanteks Glacier One 240MPH",PH-GO240MPH_DWT01,high
cooler,Corsair,"Corsair H60",CWCH60,high
cooler,Thermaltake,"Thermaltake CLP0607",CLP0607,low
cooler,Thermaltake,"Thermaltake TOUGHLIQUID 360 EX Pro ARGB Sync",CL-W419-PL00BL-A,high
cooler,Thermaltake,"Thermaltake Water 3.0 Riing RGB 360",CL-W108-PL12SW-A,high
cooler,Cooler Master,"Cooler Master Hyper 103",RRH10322PBR1,high
cooler,NZXT,"NZXT Kraken X42",RL-KRX42-01,high
cooler,Cooler Master,"Cooler Master MasterAir MA610P ARGB",MAP-T6PN-218PA-R1,high
cooler,Thermaltake,"Thermaltake TOUGHAIR 710",CL-P110-CA14GM-A,high
cooler,SilverStone,"Silverstone PF120-ARGB",SST-PF120-ARGB,high
cooler,Cooler Master,"Cooler Master GeminII S",RRCCHPBU1GP,high
cooler,Thermaltake,"Thermaltake TH240 ARGB Sync",CL-W301-PL12SW-A,high
cooler,SilverStone,"Silverstone PF360-ARGB V2",SST-PF360-ARGB-V2,high
cooler,Cooler Master,"Cooler Master Hyper D92",RRHD9228PKR1,high
cooler,SilverStone,"Silverstone NovaPeak 240",SST-NP240B,high
cooler,SilverStone,"Silverstone IceGem 280",SST-IG280-ARGB,high
cooler,Cooler Master,"Cooler Master MasterAIR G200P",MAP-G2PN-126PC-R1,high
cooler,Cooler Master,"Cooler Master Nepton 280L",RL-N28L-20PK-R1,high
cooler,Cooler Master,"Cooler Master Hyper 212 EVO V2",RR-2V2E-18PK-R2,high
cooler,Cooler Master,"Cooler Master MasterAir Maker 8",MAZT8PN418PRR1,high
cooler,Thermaltake,"Thermaltake TH360 ARGB Sync",CL-W300-PL12SW-A,high
cooler,Corsair,"Corsair H105",CW-9060016-WW,high
cooler,Phanteks,"Phanteks Glacier One 360MPH",PH-GO360MPH_DWT01,high
cooler,NZXT,"NZXT Kraken X31",RL-KRX31-01,high
cooler,Corsair,"Corsair H80",CWCH80,high
cooler,Corsair,"Corsair H90",H90,high
cooler,Cooler Master,"Cooler Master Nepton 240M",RL-N24M-24PK-R1,high
cooler,SilverStone,"Silverstone NT09-115X",NT09-115X,low
cooler,Thermaltake,"Thermaltake TH280 V2 Ultra EX ARGB Sync",CL-W416-PL14SW-A,high
cooler,SilverStone,"Silverstone IceMyst 280",SST-IM280-ARGB,high
cooler,Thermaltake,"Thermaltake TOUGHLIQUID Ultra RGB",CL-W371-PL14SW-A,high
cooler,Thermaltake,"Thermaltake Floe Riing RGB 280 TT Premium Edition",CL-W167-PL14SW-A,high
cooler,Thermaltake,"Thermaltake Floe Riing RGB 240 TT Premium Edition",CL-W157-PL12SW-A,high
cooler,Thermaltake,"Thermaltake TOUGHAIR 510",CL-P075-AL12RG-A,high
cooler,Thermaltake,"Thermaltake TH240 ARGB Sync",CL-W286-PL12SW-A,high
cooler,SilverStone,"Silverstone IceMyst 420",SST-IM420-ARGB,high
cooler,Cooler Master,"Cooler Master MasterLiquid ML240R RGB Phantom Gaming Edition",MLX-D24M-A20PC-RP,high
cooler,Cooler Master,"Cooler Master Hyper 212X Dual Fan",RR212X20PMA1,high
cooler,Thermaltake,"Thermaltake TH360 ARGB Sync",CL-W302-PL12SW-A,high
cooler,Cooler Master,"Cooler Master i70C",RR-I70C-20PK-R1,high
cooler,Cooler Master,"Cooler Master MasterAir G100M RGB",MAM-G1CN-924PC-R1,high
cooler,Cooler Master,"Cooler Master MasterLiquid ML360 Sub-Zero",MLZ-D36M-A19PK-12,high
cooler,Thermaltake,"Thermaltake Water 3.0 Riing RGB 240",CL-W107-PL12SW-A,high
cooler,Thermaltake,"Thermaltake ASTRIA 400 ARGB",CL-P138-CA12SW-A,high
cooler,Fractal Design,"Fractal Design Kelvin T12",FD-WCU-KELVIN-T12-BK,high
cooler,Thermaltake,"Thermaltake CLP0552",CLP0552,low
cooler,SilverStone,"Silverstone PF360-ARGB V2",SST-PF360W-ARGB-V2,high
cooler,Thermaltake,"Thermaltake UX 210 ARGB",CL-P079-CA12SW-A,high
cooler,Thermaltake,"Thermaltake TOUGHLIQUID Ultra",CL-W366-PL14BL-A,high
cooler,Thermaltake,"Thermaltake TH420 ARGB Sync",CL-W369-PL14SW-A,high
cooler,Thermaltake,"Thermaltake Floe DX RGB 240 TT Premium Edition",CL-W255-PL12SW-A,high
cooler,Cooler Master,"Cooler Master MasterLiquid 120 Core II",MLW-D12M-A18PA-R1,high
cooler,Fractal Design,"Fractal Design Celsius S36 Blackout",FD-WCU-CELSIUS-S36-BKO,high
cooler,Thermaltake,"Thermaltake TOUGHLIQUID ARGB",CL-W319-PL12TQ-A,high
cooler,Tryx,"TRYX PANORAMA  (0)",L-P240N-DS2M-G0K,high
cooler,Antec,"Antec KUHLER Box",KUHLERBOX,high
cooler,Cooler Master,"Cooler Master MasterLiquid Atmos II",MLX-D36M-A25SZ-RW,high
cooler,SilverStone,"Silverstone PF240-ARGB V2",SST-PF240-ARGB-V2,high
cooler,Corsair,"Corsair H75 2018",CW-9060035-WW,high
cooler,NZXT,"NZXT Kraken X52 Rev 2",RL-KRX52-02,high
cooler,Cooler Master,"Cooler Master Hyper T200",RR-T200-22PK-R1,high
cooler,Phanteks,"Phanteks Glacier One 280MPH",PH-GO280MPH_DBK01,high
cooler,Thermaltake,"Thermaltake TOUGHLIQUID ARGB",CL-W319-PL12RG-A,high
cooler,Phanteks,"Phanteks PH-TC12ST5_DBK01",PH-TC12ST5_DBK01,low
cooler,SilverStone,"Silverstone IceGem 360",SST-IG360-ARGB,high
cooler,Phanteks,"Phanteks Glacier One 240MPH",PH-GO240MPH_DBK01,high
cooler,Phanteks,"Phanteks PH-TC14PE_BK",PHTC14PEBK,high
cooler,Thermaltake,"Thermaltake CL-P0466",CLP0466,high
cooler,Cooler Master,"Cooler Master MasterLiquid Pro 120",MLY-D12X-A20MB-R1,high
cooler,Cooler Master,"Cooler Master MasterLiquid Pro 240",MLY-D24M-A20MB-R1,high
cooler,Antec,"Antec C400",C400,low
cooler,NZXT,"NZXT Kraken X40",KRAKEN-X40,low
cooler,Cooler Master,"Cooler Master Seidon 240M",RL-S24M-24PK-R1,high
cooler,SilverStone,"Silverstone NovaPeak 240 ARGB",SST-NP240-ARGB,high
cooler,Phanteks,"Phanteks GLACIER ONE 240D30",PH-GO240D30_DBK01,high
cooler,Cooler Master,"Cooler Master Nepton 140XL",RL-N14X-20PK-R1,high
cooler,Thermaltake,"Thermaltake Water 3.0 Riing Red 280",CL-W138-PL14RE-A,high
cooler,Phanteks,"Phanteks Glacier One 360MPH",PH-GO360MPH_DBK01,high
cooler,Cooler Master,"Cooler Master MasterLiquid PL360 FLUX 30TH Anniversary Edition",MLY-D36M-A23PZ-30,high
cooler,Fractal Design,"Fractal Design Celsius+ S36 Dynamic X2 PWM",FD-W-2-S3601,high
cooler,Thermaltake,"Thermaltake Frio",CLP0564,high
cooler,Cooler Master,"Cooler Master GeminII M4",RRGMM416PKR2,high
cooler,Phanteks,"Phanteks Glacier One 280MP",PH-GO280MP_DBK01,high
cooler,Cooler Master,"Cooler Master Seidon 120M",RL-S12M-24PK-R1,high
cooler,Cooler Master,"Cooler Master Seidon 120V",RL-S12V-24PK-R1,high
cooler,Sapphire,"Sapphire NITRO+ S240-A",4N005-01-20G,high
cooler,Corsair,"Corsair H50",H50,high
cooler,Antec,"Antec Skeleton 360 ARGB",SKELETON-360-ARGB,low
cooler,NZXT,"NZXT Kraken X60",KRAKEN-X60,low
cooler,Corsair,"Corsair H110",H110,low
cooler,Cooler Master,"Cooler Master Hyper 212 LED White Edition",RR-212L-16PW-R1,high
cooler,SilverStone,"Silverstone AR06",AR06,low
cooler,EVGA,"EVGA ACX mITX",100FSC901KR,high
cooler,Thermaltake,"Thermaltake Riing Silent 12 Red",CL-P022-AL12RE-A,high
cooler,SilverStone,"Silverstone Argon AR09-115XS",SST-AR09-115XS,high
cooler,SilverStone,"Silverstone IceMyst 240",SST-IM240-ARGB,high
cooler,Antec,"Antec Mercury 360 RGB",MERCURY-360RGB,high
cooler,Cooler Master,"Cooler Master Nepton 120XL",RL-N12X-24PK-R1,high
cooler,Cooler Master,"Cooler Master Seidon 120V VER.2",RL-S12V-24PK-R2,high
cooler,Fractal Design,"Fractal Design Celsius S24 Blackout",FD-WCU-CELSIUS-S24-BKO,high
cooler,Thermaltake,"Thermaltake TH120 ARGB Sync",CL-W285-PL12SW-A,high
cooler,Cooler Master,"Cooler Master Blizzard T2",RRT222FPR1,high
cooler,Thermaltake,"Thermaltake Water 3.0 Performer C + LNC",CLW0222-B,high
cooler,Fractal Design,"Fractal Design Celsius+ S24 Dynamic X2 PWM",FD-W-2-S2401,high
cooler,EVGA,"EVGA ACX",100FSC201KR,high
cooler,Tryx,"TRYX PANORAMA  (0)",L-P280N-DS2M-G0W,high
cooler,Cooler Master,"Cooler Master RR-H101-22FK-RI",RRH10122FKRI,high
cooler,Cooler Master,"Cooler Master V10 Hybrid TEC",RRB2PUV10GP,high
cooler,Corsair,"Corsair A50",CAFA50,high
cooler,Cooler Master,"Cooler Master MASTERLIQUID PL360 FLUX",MLY-D36M-A23PZ-RW,high
cooler,Phanteks,"Phanteks PH-TC12DX_BK",PHTC12DXBK,high
cooler,Antec,"Antec KUHLER H2O 620",KUHLER-H2O-620,low
cooler,Cooler Master,"Cooler Master Hyper H410R White Edition",RR-H41W-20PW-R1,high
cooler,Cooler Master,"Cooler Master MasterLiquid 360 Ion",MLY-D36M-A24PZ-RW,high
cooler,Thermaltake,"Thermaltake Frio Silent 14",CLP002AL14BLB,high
cooler,Lian Li,"Lian Li Galahad AIO240  (3)",GA-240A-WHITE,high
cooler,Cooler Master,"Cooler Master Hyper 612 Ver.2",RRH6V213PKR1,high
cooler,Thermaltake,"Thermaltake Water 3.0 Riing RGB 280",CL-W138-PL14SW-A,high
cooler,SilverStone,"Silverstone PF240-ARGB",SST-PF240-ARGB,high
cooler,Corsair,"Corsair A70",CAFA70,high
cooler,Thermaltake,"Thermaltake LB360 Ultra ARGB Sync",CL-W508-PL12SW-A,high
cooler,SilverStone,"Silverstone NT08-115X",NT08-115X,low
cooler,Cooler Master,"Cooler Master I71C RGB",RR-I71C-20PC-B1,high
cooler,SilverStone,"Silverstone PF240-ARGB V2",SST-PF240W-ARGB-V2,high
cooler,Fractal Design,"Fractal Design Lumen S28",FD-W-L1-S2801,high
cooler,NZXT,"NZXT Respire T20",RCRST2001,high
cooler,Cooler Master,"Cooler Master MasterAir MA610P",MAP-T6PN-218PC-R1,high
cooler,Cooler Master,"Cooler Master Hyper 212X EU Version",RR-212X-17PK-R1,high
cooler,Cooler Master,"Cooler Master Hyper 212 RGB",RR-212A-18PC-A1,high
cooler,Thermaltake,"Thermaltake Floe DX RGB TT Premium Edition B",CL-W255-PL12SW-B,high
cooler,Cooler Master,"Cooler Master Hyper TX3 Evo",RRTX3E22PKR1,high
cooler,Antec,"Antec Mercury 240 RGB",MERCURY-240RGB,high
cooler,Cooler Master,"Cooler Master GeminII S524",RRG52418PKR1,high
cooler,Cooler Master,"Cooler Master MA410P TUF Gaming Edition",MAP-T4PN-AFNPC-R1,high
cooler,Corsair,"Corsair H40",H40,high
cooler,Thermaltake,"Thermaltake TOUGHLIQUID ARGB",CL-W321-PL12BL-A,high
cooler,Thermaltake,"Thermaltake Frio Silent 12",CLP001AL12BLB,high
cooler,Phanteks,"Phanteks PH-TC14PE",PHTC14PE,high
cooler,Cooler Master,"Cooler Master Hyper 212 RGB Phantom Gaming Edition",RR-212S-PGPC-R1,high
cooler,SilverStone,"Silverstone IceGem 240P",SST-IG240P-ARGB,high
cooler,Tryx,"TRYX PANORAMA  (0)",L-P240N-DS2M-G0W,high
cooler,Tryx,"TRYX PANORAMA  (0)",L-P280N-DS2M-G0K,high
cooler,Corsair,"Corsair H70",CWCH70,high
cooler,Cooler Master,"Cooler Master V6 GT",RRV6GT22PKR1,high
cooler,Thermaltake,"Thermaltake Water 2.0 Extreme",CLW0217,high
cooler,Thermaltake,"Thermaltake Riing Silent 12 Blue",CL-P022-AL12BU-A,high
cooler,Cooler Master,"Cooler Master MasterLiquid ML360P Silver Edition ARGB",MLY-D36M-A18PA-R1,high
cooler,Phanteks,"Phanteks Glacier One 360MP",PH-GO360MP_DBK01,high
cooler,Thermaltake,"Thermaltake Frio OCK",CLP0575,high
cooler,Antec,"Antec C40",C40,high
cooler,SilverStone,"Silverstone Hydrogon D120 ARGB",SST-HYD120W-ARGB,high
cooler,SilverStone,"Silverstone AR05",AR05,low
cooler,Fractal Design,"Fractal Design Lumen S24 RGB",FD-W-L1-S2402,high
cooler,Thermaltake,"Thermaltake CLP0556-B",CLP0556B,high
cooler,Fractal Design,"Fractal Design Lumen S24",FD-W-L1-S2401,high
cooler,Fractal Design,"Fractal Design Lumen S36",FD-W-L1-S3601,high
cooler,Phanteks,"Phanteks PH-TC12DX",PHTC12DX,high
cooler,Cooler Master,"Cooler Master V8 ACE 3DHP",MAM-T6HA-225PK-RW,high
cooler,Antec,"Antec Skeleton 360 ARGB",SKELETON-360-ARGB-WHITE,high
cooler,Thermaltake,"Thermaltake TOUGHLIQUID ARGB",CL-W319-PL12BL-A,high
cooler,SilverStone,"Silverstone Krypton KR02",SST-KR02,high
cooler,Antec,"Antec Mercury 120 RGB",MERCURY-120RGB,high
cooler,Antec,"Antec Mercury 240",MERCURY-240,low
cooler,Antec,"Antec Mercury 360",MERCURY-360,low
cooler,Fractal Design,"Fractal Design Kelvin S24",FD-WCU-KELVIN-S24-BK,high
cooler,TeamGroup,"TEAMGROUP SIREN GD240E",TB120602,high
cooler,Thermaltake,"Thermaltake Water 3.0 Riing Red 140",CL-W150-PL14RE-A,high
cooler,Cooler Master,"Cooler Master Hyper 612",RRH61220PKR3,high
cooler,Thermaltake,"Thermaltake CLP0587",CLP0587,low
cooler,Cooler Master,"Cooler Master RR-T612-20PK-R1",RRT61220PKR1,high
cooler,Cooler Master,"Cooler Master Gemin II S524",RRG52418PKR2,high
cooler,Cooler Master,"Cooler Master Hyper N520",RR920N520GP,high
cooler,Cooler Master,"Cooler Master Vortex Plus",RRVTPS28PKR1,high
cooler,Cooler Master,"Cooler Master MasterAir MA824 Stealth 30th Anniversary Edition",MAM-D8PN-318PK-30,high
cooler,Thermaltake,"Thermaltake Water 3.0 Extreme",CLW0224,high
cooler,Thermaltake,"Thermaltake Water 3.0 Pro",CLW0223,high
cooler,Thermaltake,"Thermaltake NiC C5",CLP0608,high
cooler,SilverStone,"Silverstone NT06-PRO-V2",SST-NT06-PRO-V2,high
cooler,Cooler Master,"Cooler Master MasterAir Pro 4",MAY-T4PN-220PK-R1,high
cooler,SilverStone,"Silverstone Tundra TD02-SLIM-V2",SST-TD02-SLIM-V2,high
cooler,Cooler Master,"Cooler Master MasterLiquid Atmos II",MLX-D24M-A25SZ-RW,high
cooler,Thermaltake,"Thermaltake Engine 27",CL-P032-CA06SL-A,high
cooler,Cooler Master,"Cooler Master MasterLiquid 360L Core SF6 Luke",MLW-D36M-A17PZ-LK,high
cooler,Cooler Master,"Cooler Master i70",RR-I70-20FK-R1,high
cooler,Cooler Master,"Cooler Master Hyper 412 Slim",RRH41216PKR1,high
cooler,SilverStone,"Silverstone NT06-PRO",NT06PRO,high
cooler,Cooler Master,"Cooler Master Hyper H410R",RR-H410-20PK-R1,high
cooler,Cooler Master,"Cooler Master GeminII M5 LED",RR-T520-16PK,high
cooler,Antec,"Antec Skeleton 240 ARGB",SKELETON-240-ARGB,low
cooler,Thermaltake,"Thermaltake TOUGHAIR 510",CL-P075-AL12TQ-A,high
cooler,Thermaltake,"Thermaltake Riing Silent 12 Pro Blue",CL-P021-CA12BU-A,high
cooler,SilverStone,"Silverstone Argon AR09-115XP",SST-AR09-115XP,high
cooler,SilverStone,"Silverstone Argon AR10-115XP",SST-AR10-115XP,high
cooler,Cooler Master,"Cooler Master ML120L TUF Gaming Alliance Edition RGB",MLW-D12M-A20PW-RT,high
cooler,Antec,"Antec Mercury 120",MERCURY-120,low
cooler,Cooler Master,"Cooler Master Seidon 240V",RL-S24V-24PK-R1,high
cooler,SilverStone,"Silverstone AR04",AR04,low
cooler,Fractal Design,"Fractal Design Kelvin S36",FD-WCU-KELVIN-S36-BK,high
cooler,SilverStone,"Silverstone AR11",SST-AR11,high
cooler,Cooler Master,"Cooler Master GeminII S524 Ver 2",RRG5V220PKR1,high
cooler,SilverStone,"Silverstone NT01-PRO",SSTNT01PRO,high
cooler,Cooler Master,"Cooler Master MasterAir MA410M TUF Gaming Edition",MAM-T4PN-AFNPC-R1,high
cooler,Phanteks,"Phanteks PH-TC12LS_RGB",PH-TC12LS_RGB,low
cooler,SilverStone,"Silverstone PF360-ARGB",SST-PF360-ARGB,high
cooler,SilverStone,"Silverstone AR03",AR03,low
cooler,Cooler Master,"Cooler Master MasterAir MA620P TUF Gaming Edition",MAP-D6PN-AFNPC-R1,high
cooler,Cooler Master,"Cooler Master TPC 812",RRT81224PKR1,high
cooler,Thermaltake,"Thermaltake Water 2.0 Performer",CLW0215,high
cooler,Thermaltake,"Thermaltake Water 2.0 Pro",CLW0216,high
cooler,Cooler Master,"Cooler Master DP6-9EDSA-0L-GP",DP69EDSA0LGP,high
cooler,Antec,"Antec KUHLER Flow",KUHLERFLOW,high
cooler,Cooler Master,"Cooler Master V8 Ver.2",RRV8VC16PRR2,high
cooler,Thermaltake,"Thermaltake Riing Silent 12 RGB Sync Edition",CL-P052-AL12SW-A,high
cooler,Thermaltake,"Thermaltake CLP0606",CLP0606,low
cooler,SilverStone,"Silverstone AR08",AR08,low
cooler,Thermaltake,"Thermaltake CLP0605",CLP0605,low
cooler,Thermaltake,"Thermaltake CLP0550",CLP0550,low
cooler,Phanteks,"Phanteks PH-TC90LS",PHTC90LS,high
cooler,Thermaltake,"Thermaltake NiC L32",CLP002AL14REA,high
cooler,Thermaltake,"Thermaltake NiC L31",CLP001AL12REA,high
cooler,Antec,"Antec Neptune 240 ARGB",NEPTUNE-240-ARGB,low
cooler,Cooler Master,"Cooler Master V8 ACE 3DHP",MAM-T6HP-225PK-RB,high
cooler,Cooler Master,"Cooler Master V8 ACE 3DHP",MAM-T6HP-225PK-RW,high
cooler,Corsair,"Corsair H70 Core",H70-CORE,low
cooler,Phanteks,"Phanteks PH-TC12LS_BK",PH-TC12LS_BK,low
cooler,Phanteks,"Phanteks PH-TC14S_BK",PH-TC14S_BK,low
cooler,Cooler Master,"Cooler Master Glacer 240L Ver. 2",RL-G24L-24PK-R2,high
cooler,Cooler Master,"Cooler Master Hyper 612 PWM",RRH61220PKR1,high
cooler,Cooler Master,"Cooler Master Blizzard T2 mini",RRT2MN22FPR1,high
cooler,SilverStone,"Silverstone TD02-E",TD02-E,low
cooler,SilverStone,"Silverstone TD03-E",TD03-E,low
cooler,Cooler Master,"Cooler Master X6",RRX6NN19PRR1,high
cooler,Thermaltake,"Thermaltake Contac 16",CLP0598,high
cooler,Cooler Master,"Cooler Master TPC 812XS",RRT81216PKR1,high
cooler,SilverStone,"Silverstone TD03-SLIM",SST-TD03-SLIM,high
cooler,TeamGroup,"TEAMGROUP SIREN GD240E",TB120502,high
cooler,NZXT,"NZXT HAVIK 120",RCHV12001,high
cooler,Phanteks,"Phanteks PH-TC14PE_RD",PHTC14PERD,high
cooler,Phanteks,"Phanteks PH-TC14PE_BL",PHTC14PEBL,high
cooler,Phanteks,"Phanteks PH-TC14PE_OR",PHTC14PEOR,high
cooler,SilverStone,"Silverstone AR01",AR01,low
cooler,SilverStone,"Silverstone AR02",AR02,low
cooler,Cooler Master,"Cooler Master X6 Elite",RRX6NN18PKR1,high
cooler,Cooler Master,"Cooler Master Eisberg 120L Prestige",RL-EB12-16FK-R1,high
cooler,Cooler Master,"Cooler Master Eisberg 240L Prestige",RL-EB24-16FK-R1,high
cooler,Phanteks,"Phanteks PH-TC14CS",PHTC14CS,high
cooler,Phanteks,"Phanteks PH-TC14CS_BL",PHTC14CSBL,high
cooler,Thermaltake,"Thermaltake CLP0596",CLP0596,low
cooler,Phanteks,"Phanteks PH-TC14CS_BK",PHTC14CSBK,high
cooler,Thermaltake,"Thermaltake TOUGHLIQUID ARGB",CL-W320-PL14BL-A,high
cooler,SilverStone,"Silverstone AR01-V2.1",SST-AR01-V21,high
cooler,Cooler Master,"Cooler Master RR-V6SV-22PR-R1",RRV6SV22PRR1,high
cooler,Thermaltake,"Thermaltake CLP0554",CLP0554,low
cooler,SilverStone,"Silverstone NT06-E",NT06E,high
cooler,SilverStone,"Silverstone NT07-1156",NT071156,high
cooler,Thermaltake,"Thermaltake CLP0579",CLP0579,low
cooler,Antec,"Antec KUHLER Shelf",KUHLERSHELF,high
cooler,Antec,"Antec Kühler H600 Pro",0-761345-10901-7,high
cooler,SilverStone,"Silverstone TD03",TD03,low
cooler,SilverStone,"Silverstone TD02",TD02,low
cooler,Thermaltake,"Thermaltake CL-P0508",CLP0508,high
cooler,Thermaltake,"Thermaltake CLP0574",CLP0574,low
cooler,SilverStone,"Silverstone SST-AR07",SSTAR07,high
cooler,Antec,"Antec KUHLER H2O 950",KUHLER-H2O-950,low
cooler,SilverStone,"Silverstone Tundra TD02-SLIM",TD02-SLIM,low
cooler,SilverStone,"Silverstone SST-HE01",SSTHE01,high
cooler,Phanteks,"Phanteks PH-TC14CS_RD",PHTC14CSRD,high
cooler,Thermaltake,"Thermaltake Contac 39",CLP0597,high
cooler,SilverStone,"Silverstone Argon AR10-115XS",SST-AR10-115XS,high
cooler,SilverStone,"Silverstone HE02",HE02,low
cooler,Thermaltake,"Thermaltake CLP0555",CLP0555,low
cooler,Thermaltake,"Thermaltake CLP0604",CLP0604,low
cooler,SilverStone,"Silverstone Hydrogon D120 ARGB",SST-HYD120-ARGB,high
cooler,EVGA,"EVGA M020-00-000234",M02000000234,high
cooler,Thermaltake,"Thermaltake CL-P008-AL09WT-A",CLP008AL09WTA,high
cooler,Phanteks,"Phanteks PH-TC12DX_RD",PHTC12DXRD,high
cooler,SilverStone,"Silverstone TD02-LITE",TD02-LITE,low
cooler,Phanteks,"Phanteks PH-TC12DX_BL",PHTC12DXBL,high
cooler,Cooler Master,"Cooler Master MasterAir Pro 3",MAY-T3PN-930PK-R1,high
cooler,NZXT,"NZXT HAVIK 140",HAVIK140,high
cooler,Cooler Master,"Cooler Master RR-T812-24PK-R2",RRT81224PKR2,high
cooler,Antec,"Antec KUHLER H2O 920",KUHLER-H2O-920,low
cooler,Cooler Master,"Cooler Master Vortex 211P",RR-V211-22FK-R1,high
cooler,Cooler Master,"Cooler Master Vortex 211Q",RR-V211-15FK-R1,high
cooler,Cooler Master,"Cooler Master X Dream L115",RR-X115-22FK-R1,high
cooler,Cooler Master,"Cooler Master Seidon 120XL",RL-S12X-24PK-R1,high
cooler,Thermaltake,"Thermaltake Engine 17",CL-P051-AL06SL-A,high
case,Phanteks,"Phanteks XT PRO",PH-XT523P1-BK01,high
case,Lian Li,"Lian Li Vector V100R",V100RX,high
case,NZXT,"NZXT H5 Flow  (19)",CC-H52FB-01,high
case,Cooler Master,"Cooler Master MasterBox Q300L",MCB-Q300L-KANN-S00,high
case,Lian Li,"Lian Li O11 VISION COMPACT",O11VPW,high
case,Lian Li,"Lian Li O11 VISION COMPACT",O11VPX,high
case,Fractal Design,"Fractal Design North",FD-C-NOR1C-02,high
case,Corsair,"Corsair FRAME 4000D RS ARGB",CC-9011296-WW,high
case,Hyte,"HYTE Y70 Touch Infinite",CS-HYTE-Y70TI-WW,high
case,Lian Li,"Lian Li O11 Dynamic Mini V2",O11DMIV2X,high
case,Lian Li,"Lian Li A3-mATX",A3-MATX-X,high
case,Phanteks,"Phanteks Eclipse G370A",PH-EC370A_DBK01,high
case,Lian Li,"Lian Li A3-mATX",A3-MATX-WD-BLACK,high
case,Lian Li,"Lian Li O11 Dynamic Mini V2",O11DMIV2W,high
case,Fractal Design,"Fractal Design North XL",FD-C-NOR1X-02,high
case,Hyte,"HYTE Y70 Touch Infinite",CS-HYTE-Y70TI-BB,high
case,Fractal Design,"Fractal Design Terra",FD-C-TER1N-01,high
case,Lian Li,"Lian Li VECTOR V100R MINI",V100RMIX,high
case,Phanteks,"Phanteks XT PRO ULTRA",PH-XT523P1-DBK01,high
case,Lian Li,"Lian Li O11D EVO RGB",O11DERGBX,high
case,Corsair,"Corsair 4000D Airflow",CC-9011200-WW,high
case,Corsair,"Corsair 3500X ARGB",CC-9011279-WW,high
case,Lian Li,"Lian Li Vector V100R",V100RW,high
case,Lian Li,"Lian Li LANCOOL 217",LAN217X,high
case,Fractal Design,"Fractal Design Ridge PCIe 4.0",FD-C-RID1N-11,high
case,Fractal Design,"Fractal Design Terra",FD-C-TER1N-03,high
case,NZXT,"NZXT H3 Flow",CC-H31FB-01,high
case,Cooler Master,"Cooler Master MasterBox NR200",MCB-NR200-KNNN-S00,high
case,NZXT,"NZXT H9 Flow  (6)",CM-H92FB-01,high
case,Lian Li,"Lian Li Lancool 207",LAN207RX,high
case,Corsair,"Corsair 3500X RS-R ARGB",CC-9011322-WW,high
case,Phanteks,"Phanteks XT M3 M25",PH-XT325M_DBK01,high
case,Hyte,"HYTE Y70",CS-HYTE-Y70-WW,high
case,Lian Li,"Lian Li O11 Dynamic EVO XL",O11DEXL-X,high
case,Lian Li,"Lian Li LANCOOL 216 RGB",LANCOOL-216RX,high
case,Lian Li,"Lian Li O11 Dynamic Mini V2 Flow",O11DMIV2FX,high
case,Lian Li,"Lian Li Vector V100",V100W,high
case,Thermaltake,"Thermaltake Level 20",CA-1J9-00F9WN-00,high
case,NZXT,"NZXT H6 Flow",CC-H61FB-01,high
case,Fractal Design,"Fractal Design Pop XL Air",FD-C-POR1X-06,high
case,Hyte,"HYTE Y70",CS-HYTE-Y70-B,high
case,Corsair,"Corsair 9000D RGB AIRFLOW",CC-9011273-WW,high
case,NZXT,"NZXT H6 Flow",CC-H61FW-01,high
case,Lian Li,"Lian Li A3-mATX",A3X-WDG,high
case,Corsair,"Corsair FRAME 4000D",CC-9011290-WW,high
case,Lian Li,"Lian Li A3-mATX",A3-MATX-WD-WHITE,high
case,Lian Li,"Lian Li O11 Dynamic EVO XL",O11DEXL-W,high
case,Fractal Design,"Fractal Design Meshify C",FD-CA-MESH-C-BKO-TG,high
case,NZXT,"NZXT H2 Flow",CI-H21FB-01,high
case,Antec,"Antec C5 ARGB",0-761345-10033-5,high
case,SilverStone,"Silverstone FLP02",SST-FLP02W,high
case,Corsair,"Corsair 3500X RS-R ARGB",CC-9011323-WW,high
case,Lian Li,"Lian Li Vector V100",V100X,high
case,Fractal Design,"Fractal Design North",FD-C-NOR1C-04,high
case,NZXT,"NZXT H7 Flow  (8)",CM-H72FB-01,high
case,Phanteks,"Phanteks XT V3",PH-XT325V_DBK01,high
case,Corsair,"Corsair 3500X",CC-9011276-WW,high
case,Corsair,"Corsair 7000D AIRFLOW",CC-9011218WW,high
case,Fractal Design,"Fractal Design Terra",FD-C-TER1N-02,high
case,Fractal Design,"Fractal Design Node 304",FDCANODE304BL,high
case,Lian Li,"Lian Li A3-mATX",A3-MATX-W,high
case,NZXT,"NZXT H9 Flow RGB+  (2)",CM-H92FW-P1,high
case,Lian Li,"Lian Li LANCOOL 217 INF",LAN217INFX,high
case,SilverStone,"Silverstone ALTA F2",SST-ALF2B-G,high
case,Fractal Design,"Fractal Design Ridge PCIe 4.0",FD-C-RID1N-12,high
case,Fractal Design,"Fractal Design Pop Air",FD-C-POA1A-02,high
case,NZXT,"NZXT H3 Flow",CC-H31FW-01,high
case,Antec,"Antec NX200M",NX200M,low
case,Lian Li,"Lian Li O11D EVO RGB",O11DERGBW,high
case,Lian Li,"Lian Li A4-H20 X4",A4-H20-X4,low
case,Lian Li,"Lian Li B4-mATX Mesh",B4X,high
case,Corsair,"Corsair FRAME 4000D RS",CC-9011312-WW,high
case,Lian Li,"Lian Li O11 Dynamic Mini V2 Flow",O11DMIV2FW,high
case,Fractal Design,"Fractal Design North XL Mesh",FD-C-NOR1X-01,high
case,Thermaltake,"Thermaltake View 270 Plus TG ARGB",CA-1Y7-00M1WN-01,high
case,Cooler Master,"Cooler Master MasterBox NR200",MCB-NR200-WNNN-S00,high
case,Lian Li,"Lian Li O11 Vision",PC-O11VX,high
case,Corsair,"Corsair 4000D Airflow",CC-9011201-WW,high
case,NZXT,"NZXT H9 Elite",CM-H91EW-01,high
case,Corsair,"Corsair AIR 5400 RS-R ARGB",CC-9011318-WW,high
case,Thermaltake,"Thermaltake TR100",CA-11A-00SENN-00,high
case,Thermaltake,"Thermaltake V100 Perforated",CA-1K7-00M1NN-01,high
case,Lian Li,"Lian Li O11 Vision",PC-O11VW,high
case,Corsair,"Corsair 3500X ARGB",CC-9011278-WW,high
case,Antec,"Antec C5 ARGB",0-761345-10034-2,high
case,Fractal Design,"Fractal Design Mood",FD-C-MOD1N-02,high
case,Lian Li,"Lian Li PC-O11 Dynamic",PC-O11DW,high
case,Corsair,"Corsair 3000D AIRFLOW",CC-9011251-WW,high
case,SilverStone,"Silverstone SG13 V2",SG13B-USA,high
case,Fractal Design,"Fractal Design Pop Mini Silent",FD-C-POS1M-01,high
case,Thermaltake,"Thermaltake View 380 ARGB",CA-1Z2-00M1WN-00,high
case,Corsair,"Corsair FRAME 5000D RS",CC-9011307-WW,high
case,Antec,"Antec C8 Curve Wood",0-761345-10158-5,high
case,Lian Li,"Lian Li A4-H20 A4",A4-H20-A4,low
case,Lian Li,"Lian Li Vector V150 INF",V150INFX,high
case,Fractal Design,"Fractal Design Pop XL Silent",FD-C-POS1X-01,high
case,Thermaltake,"Thermaltake Versa H21",CA-1B2-00M1NN-00,high
case,NZXT,"NZXT H6",CC-H62FB-01,high
case,Lian Li,"Lian Li A4-H2O PCIe 5.0",A4H2OA5,high
case,Fractal Design,"Fractal Design Core 1000 USB 3.0",FDCACORE1000USB3BL,high
case,Fractal Design,"Fractal Design Meshify 2 XL",FD-C-MES2X-02,high
case,Fractal Design,"Fractal Design Focus 2",FD-C-FOC2A-01,high
case,Fractal Design,"Fractal Design North Mesh",FD-C-NOR1C-03,high
case,Phanteks,"Phanteks XT M3",PH-XT325M_BK01,high
case,Lian Li,"Lian Li LANCOOL 205M MESH",G99OE744MX10AM,high
case,SilverStone,"Silverstone Sugo 16",SST-SG16B,high
case,Cooler Master,"Cooler Master QUBE 540",Q540-MGNN-S00,high
case,SilverStone,"Silverstone SUGO 14",SST-SG14B,high
case,Thermaltake,"Thermaltake The Tower 600",CA-1Z1-00M1WN-00,high
case,Thermaltake,"Thermaltake The Tower 250",CA-1Z9-00S1WN-00,high
case,Thermaltake,"Thermaltake View 270 Plus TG ARGB",CA-1Y7-00M6WN-01,high
case,Thermaltake,"Thermaltake View 380 ARGB",CA-1Z2-00M6WN-00,high
case,Fractal Design,"Fractal Design Meshify 3 Ambience Pro RGB",FD-C-MES3A-03,high
case,Cooler Master,"Cooler Master NR200P V3",NR200PV3-KWNN-S00,high
case,Corsair,"Corsair iCUE 7000X RGB",CC-9011226-WW,high
case,Hyte,"HYTE Y70",CS-HYTE-Y70-TM,high
case,Phanteks,"Phanteks NV5S",PH-NV523S_DBK01,high
case,Phanteks,"Phanteks Enthoo Pro Tempered Glass",PH-ES614PTG_BK,high
case,NZXT,"NZXT H7 Flow RGB  (3)",CM-H72FB-R1,high
case,NZXT,"NZXT H9 Flow  (37)",CM-H91FB-01,high
case,Phanteks,"Phanteks XT PRO ULTRA",PH-XT523P1-DWT01,high
case,Thermaltake,"Thermaltake Versa H17",CA-1J1-00S1NN-00,high
case,Fractal Design,"Fractal Design Meshify 2 Lite RGB",FD-C-MEL2A-05,high
case,Corsair,"Corsair 3200D RS",CC-9011336-WW,high
case,Fractal Design,"Fractal Design Era 2",FD-C-ERA2N-02,high
case,Hyte,"HYTE Y40",CS-HYTE-Y40-BW,high
case,Fractal Design,"Fractal Design Meshify 3 XL Ambience Pro RGB",FD-C-MES3X-03,high
case,Lian Li,"Lian Li LANCOOL 216 RGB",LANCOOL-216RW,high
case,Lian Li,"Lian Li LANCOOL 217 INF",LAN217INFW,high
case,Cooler Master,"Cooler Master HAF 700 EVO",H700E-IGNN-S00,high
case,NZXT,"NZXT H9 Flow  (55)",CM-H91FW-01,high
case,Corsair,"Corsair 3200D RS ARGB",CC-9011344-WW,high
case,Hyte,"HYTE Y70",CS-HYTE-Y70-BW,high
case,Lian Li,"Lian Li O11 Dynamic EVO",PC-O11DEW,high
case,Thermaltake,"Thermaltake Versa H18",CA-1J4-00S1WN-01,high
case,Hyte,"HYTE X50",CS-HYTE-X50G-TM,high
case,Fractal Design,"Fractal Design Focus 2",FD-C-FOC2A-07,high
case,Cooler Master,"Cooler Master Elite 502",E502-KGNN-S00,high
case,Lian Li,"Lian Li PC-O11 Dynamic",PC-O11DX,high
case,Cooler Master,"Cooler Master MasterBox NR200P",MCB-NR200P-KGNN-S00,high
case,Fractal Design,"Fractal Design Meshify 3",FD-C-MES3A-01,high
case,Corsair,"Corsair FRAME 4500X LX-R RGB iCUE LINK",CC-9011316-WW,high
case,Lian Li,"Lian Li O11 Dynamic Mini Snow Edition",O11D-MINI-S,high
case,Phanteks,"Phanteks NV9 MKII",PH-NV923TG_DBK02,high
case,Thermaltake,"Thermaltake TR100",CA-11A-00SFNN-00,high
case,SilverStone,"Silverstone FLP01",SST-FLP01W,high
case,Fractal Design,"Fractal Design North Momentum Edition",FD-C-NOR1C-05,high
case,Antec,"Antec P30 AIR",P30-AIR,low
case,Lian Li,"Lian Li Lancool 207 Digital",LANCOOL-207-DIGITAL,low
case,Fractal Design,"Fractal Design Core 1100",FD-CA-CORE-1100-BL,high
case,Cooler Master,"Cooler Master Elite 490",E490-KHNN-S00,high
case,SilverStone,"Silverstone RM52",SST-RM52,high
case,Hyte,"HYTE Y60",CS-HYTE-Y60-B,high
case,Corsair,"Corsair iCUE 4000D RGB AIRFLOW",CC-9011241-WW,high
case,Antec,"Antec C2M ARGB",0-761345-10281-0,high
case,Phanteks,"Phanteks Enthoo Pro Closed Panel",PH-ES614PC_BK,high
case,Corsair,"Corsair iCUE 4000X RGB",CC-9011204-WW,high
case,Fractal Design,"Fractal Design Torrent RGB",FD-C-TOR1A-04,high
case,Antec,"Antec Performance 1 M",0-761345-10168-4,high
case,NZXT,"NZXT H5 Flow RGB  (2)",CC-H52FW-R1,high
case,Phanteks,"Phanteks EVOLV X2",PH-ES524XTG_DMW01,high
case,Cooler Master,"Cooler Master MasterBox TD500 Mesh V2",TD500V2-KGNN-S00,high
case,NZXT,"NZXT H510 Elite",CA-H510E-W1,high
case,NZXT,"NZXT H6 RGB+",CC-H62FW-P1,high
case,Antec,"Antec AX61 ELITE",AX61-ELITE,low
case,Fractal Design,"Fractal Design Pop XL Air",FD-C-POR1X-01,high
case,Hyte,"HYTE Y40",CS-HYTE-Y40-B,high
case,Cooler Master,"Cooler Master Q300L V2",Q300LV2-KGNN-S00,high
case,Cooler Master,"Cooler Master QUBE 540",Q540-LGNN-S00,high
case,Corsair,"Corsair 3500X LX-R RGB iCUE LINK",CC-9011324-WW,high
case,Hyte,"HYTE Gundam Wing Y70 Touch Infinite",CS-HYTE-Y70TTI-GWING,high
case,Corsair,"Corsair Obsidian Series 1000D",CC-9011148-WW,high
case,Fractal Design,"Fractal Design Define 7 XL Dark",FD-C-DEF7X-03,high
case,Hyte,"HYTE X50 Air",CS-HYTE-X50A-BB,high
case,Cooler Master,"Cooler Master Elite 681",E681-KHNN-S00,high
case,NZXT,"NZXT H6 RGB+",CC-H62FB-P1,high
case,Fractal Design,"Fractal Design Pop Mini Air",FD-C-POR1M-01,high
case,Hyte,"HYTE Y60 Snow White",CS-HYTE-Y60-WW,high
case,Corsair,"Corsair FRAME 4000D",CC-9011291-WW,high
case,Fractal Design,"Fractal Design Torrent",FD-C-TOR1A-05,high
case,Corsair,"Corsair 2000D AIRFLOW",CC-9011244-WW,high
case,Thermaltake,"Thermaltake Core P7",CA-1I2-00F1WN-00,high
case,Corsair,"Corsair AIR 5400 LX-R RGB iCUE LINK",CC-9011321-WW,high
case,Cooler Master,"Cooler Master MasterBox MB600L V2 w/ODD",MB600L2-KN5N-S00,high
case,Lian Li,"Lian Li O11 Air Mini",O11AMX,high
case,Thermaltake,"Thermaltake AX700",CA-11B-00F1NN-00,high
case,Fractal Design,"Fractal Design Pop 2 Air",FD-C-POA2A-01,high
case,Corsair,"Corsair 3500X",CC-9011277-WW,high
case,NZXT,"NZXT H5 Flow  (52)",CC-H51FB-01,high
case,Fractal Design,"Fractal Design Define Nano S",FDCADEFNANOSBKW,high
case,Thermaltake,"Thermaltake TR100",CA-11A-00S6NN-00,high
case,Corsair,"Corsair 2500D Airflow",CC-9011263-WW,high
case,SilverStone,"Silverstone SUGO 15",SST-SG15B,high
case,Cooler Master,"Cooler Master Cosmos Alpha",C700-KGNN-S00,high
case,Hyte,"HYTE X50",CS-HYTE-X50G-BB,high
case,Hyte,"HYTE X50",CS-HYTE-X50G-SM,high
case,NZXT,"NZXT H9 Elite",CM-H91EB-01,high
case,Antec,"Antec CX200M RGB ELITE",CX200M-RGB-ELITE,low
case,Hyte,"HYTE Y70",CS-HYTE-Y70-BR,high
case,SilverStone,"Silverstone GD09 Type-C",SST-GD09B-C,high
case,NZXT,"NZXT H7 Flow RGB  (0)",CM-H72FW-R1,high
case,SilverStone,"Silverstone ALTA D1",SST-ALD1B,high
case,Corsair,"Corsair iCUE 5000D RGB AIRFLOW",CC-9011242-WW,high
case,Lian Li,"Lian Li O11 Dynamic Mini",O11D-MINI-X,high
case,Fractal Design,"Fractal Design North XL Mesh",FD-C-NOR1X-03,high
case,Corsair,"Corsair FRAME 4500X LX-R RGB iCUE LINK",CC-9011317-WW,high
case,Fractal Design,"Fractal Design Meshify 2 Nano",FD-C-MES2N-01,high
case,Fractal Design,"Fractal Design Pop Silent",FD-C-POS1A-01,high
case,Corsair,"Corsair FRAME 4000D WOOD RS",CC-9011341-WW,high
case,Corsair,"Corsair 2500X",CC-9011266-WW,high
case,Antec,"Antec C8",C8-WH,high
case,Antec,"Antec FLUX SE",0-761345-10177-6,high
case,Corsair,"Corsair 3200D RS",CC-9011334-WW,high
case,Corsair,"Corsair iCUE LINK 3500X RGB",CC-9011280-WW,high
case,NZXT,"NZXT H9 Flow RGB  (1)",CM-H92FW-R1,high
case,Hyte,"HYTE Y60",CS-HYTE-Y60-BW,high
case,Corsair,"Corsair 4000D Airflow",W750-W-POWER-SUPPLY-CC-9020150-NA,high
case,Fractal Design,"Fractal Design Mood",FD-C-MOD1N-01,high
case,Thermaltake,"Thermaltake Versa H16 ARGB",CA-1Y8-00S1WN-02,high
case,Lian Li,"Lian Li LANCOOL 205 Mesh C",G99OE764CX00AM,high
case,Cooler Master,"Cooler Master MasterBox NR200P V2",NR200P-V2-WHITE,high
case,NZXT,"NZXT H6",CC-H62FW-01,high
case,Fractal Design,"Fractal Design Pop 2 Vision",FD-C-POV2A-01,high
case,Phanteks,"Phanteks XT M3 M25",PH-XT325M_DWT01,high
case,Lian Li,"Lian Li O11 Air Mini",O11AMW,high
case,Fractal Design,"Fractal Design Meshify 2",FD-C-MES2A-03,high
case,Thermaltake,"Thermaltake TR200",CA-11L-00S1NN-WS,high
case,NZXT,"NZXT H7 Flow  (33)",CM-H71FB-01,high
case,Antec,"Antec AX20",0-761345-10060-1,high
case,Corsair,"Corsair 3500X LX-R RGB iCUE LINK",CC-9011325-WW,high
case,NZXT,"NZXT H5 Flow  (30)",CC-H51FW-01,high
case,Phanteks,"Phanteks XT PRO",PH-XT523PSC_BK01,high
case,Fractal Design,"Fractal Design Epoch",FD-C-EPO1A-02,high
case,Corsair,"Corsair iCUE 220T RGB Airflow",CC-9011173-WW,high
case,Fractal Design,"Fractal Design Meshify 2 Compact TG Light Tint",FD-C-MES2C-03,high
case,SilverStone,"Silverstone Lucid 04",SST-LD04-B-ARGB,high
case,Lian Li,"Lian Li B4-mATX Wood",B4W-WD,high
case,Thermaltake,"Thermaltake Core W200",CA-1F5-00F1WN-00,high
case,Fractal Design,"Fractal Design Pop 2 Vision RGB",FD-C-POV2A-02,high
case,Fractal Design,"Fractal Design Meshify 3 XL",FD-C-MES3X-02,high
case,Phanteks,"Phanteks Eclipse G400A",PH-EC400GA_DBK01,high
case,NZXT,"NZXT H9 Flow RGB  (0)",CM-H92FB-R1,high
case,Thermaltake,"Thermaltake View 270 Plus TG ARGB",CA-1Y7-00MFWN-01,high
case,Thermaltake,"Thermaltake The Tower 600",CA-1Z1-00M6WN-00,high
case,Corsair,"Corsair Carbide Series SPEC-DELTA RGB",CC-9011166-WW,high
case,Thermaltake,"Thermaltake The Tower 300",CA-1Y4-00S6WN-00,high
case,Hyte,"HYTE Y40",CS-HYTE-Y40-WW,high
case,Hyte,"HYTE X50",CS-HYTE-X50G-MM,high
case,Fractal Design,"Fractal Design Define 7 Compact",FD-C-DEF7C-01,high
case,Phanteks,"Phanteks XT View",PH-XT523V1-DBK01,high
case,Lian Li,"Lian Li LANCOOL 205M MESH",G99OE744MS10AM,high
case,SilverStone,"Silverstone SG13",SSTSG13WB,high
case,Corsair,"Corsair FRAME 4000D Vault Series",CC-9011342-WW,high
case,Thermaltake,"Thermaltake S100",CA-1Q9-00S1WN-00,high
case,Corsair,"Corsair iCUE 5000T LX RGB",CC-9011298-WW,high
case,Lian Li,"Lian Li LANCOOL III",LANCOOL-3-X,high
case,Cooler Master,"Cooler Master MasterBox 600 Lite",MB600L-KGNN-S00,high
case,Hyte,"HYTE X50",CS-HYTE-X50G-WW,high
case,Hyte,"HYTE Y70",CS-HYTE-Y70-BM,high
case,Corsair,"Corsair 2000D AIRFLOW",CC-9011245-WW,high
case,Thermaltake,"Thermaltake Core V1",CA1B800S1WN00,high
case,Thermaltake,"Thermaltake View 380 XL TG ARGB",CA-11E-00M1WN-00,high
case,Corsair,"Corsair FRAME 4000D LCD RS ARGB",CC-9011326-WW,high
case,SilverStone,"Silverstone GD11",SST-GD11B,high
case,Phanteks,"Phanteks Eclipse P300A Mesh",PH-EC300ATG_BK01,high
case,Thermaltake,"Thermaltake Core V21",CA-1D5-00S1WN-00,high
case,Phanteks,"Phanteks NV7",PH-NV723TG_DMW01,high
case,NZXT,"NZXT H510i",CA-H510I-W1,high
case,Fractal Design,"Fractal Design Define 7 Mini",FD-C-DEF7M-01,high
case,Antec,"Antec CX600M ARGB",0-761345-10147-9,high
case,Cooler Master,"Cooler Master Elite 690 Wood",E690-KHNN-S00,high
case,Lian Li,"Lian Li Lancool II Mesh",LANCOOL-II-MESH-RGB-BLACK,high
case,Corsair,"Corsair 4000D Airflow",W850-W-POWER-SUPPLY-CC-9020149-NA,high
case,Cooler Master,"Cooler Master MasterBox 600 Lite",MB600L-WGNN-S00,high
case,Fractal Design,"Fractal Design Epoch",FD-C-EPO1A-01,high
case,Fractal Design,"Fractal Design Era 2",FD-C-ERA2N-03,high
case,Thermaltake,"Thermaltake TR200",CA-11L-00S1NN-00,high
case,Phanteks,"Phanteks NV7",PH-NV723TG_DBK01,high
case,Thermaltake,"Thermaltake S100 Snow Edition",CA-1Q9-00S6WN-00,high
case,Thermaltake,"Thermaltake TR100",CA-11A-00SLNN-00,high
case,Lian Li,"Lian Li LANCOOL III RGB",LANCOOL-3R-W,high
case,Corsair,"Corsair FRAME 5000D RS ARGB",CC-9011310-WW,high
case,Fractal Design,"Fractal Design North XL RC",FD-C-NOR1X-05,high
case,Phanteks,"Phanteks EVOLV X2 MATRIX",PH-ES524XM_DBK01,high
case,Corsair,"Corsair AIR 5400 RS-R ARGB",CC-9011319-WW,high
case,Lian Li,"Lian Li O11 Vision Chrome",O11VC,high
case,Antec,"Antec C3 ARGB",0-761345-10029-8,high
case,Fractal Design,"Fractal Design Era 2",FD-C-ERA2N-01,high
case,Phanteks,"Phanteks Enthoo Pro 2 Server Edition",PH-ES620PTG_BK02,high
case,Corsair,"Corsair iCUE 4000X RGB",CC-9011205-WW,high
case,Fractal Design,"Fractal Design Meshify C",FD-CA-MESH-C-WT-TGC,high
case,Corsair,"Corsair 3000D AIRFLOW",CC-9011252-WW,high
case,Fractal Design,"Fractal Design Torrent Compact RGB",FD-C-TOR1C-02,high
case,Phanteks,"Phanteks XT View",PH-XT523V1-DWT01,high
case,Corsair,"Corsair 7000D AIRFLOW",CC-9011219-WW,high
case,Fractal Design,"Fractal Design Epoch XL",FD-C-EPO1X-01,high
case,SilverStone,"Silverstone GD09B",GD09B,low
case,SilverStone,"Silverstone MILO 11",SST-ML11B,high
case,Corsair,"Corsair FRAME 4000D RS",CC-9011313-WW,high
case,Tryx,"TRYX FLOVA F50",C-F500F-FM1E-G0Q,high
case,Corsair,"Corsair 6500D Airflow",CC-9011260-WW,high
case,Lian Li,"Lian Li PC-O11 Dynamic Razer",PC-O11D-RAZER,high
case,Fractal Design,"Fractal Design Meshify C",FD-CA-MESH-C-BKO,high
case,Fractal Design,"Fractal Design Node 202",FDCANODE202BK,high
case,Cooler Master,"Cooler Master Elite 481 Wood",E481-KHNN-S00,high
case,Cooler Master,"Cooler Master MasterBox TD500 Mesh V2",TD500V2-WGNN-S00,high
case,Corsair,"Corsair iCUE 5000X RGB",CC-9011212-WW,high
case,Lian Li,"Lian Li B4-mATX Mesh",B4W,high
case,Antec,"Antec VSK4000E U3",VSK4000E-U3,low
case,Fractal Design,"Fractal Design Meshify 2 Compact",FD-C-MES2C-01,high
case,Antec,"Antec Performance 1 FT",PERFORMANCE-1-FT,low
case,Corsair,"Corsair 6500X",CC-9011257-WW,high
case,Corsair,"Corsair Carbide Series 200R",200R,low
case,Corsair,"Corsair iCUE 4000D RGB AIRFLOW",CC-9011240-WW,high
case,Thermaltake,"Thermaltake View 380 ARGB",CA-1Z2-00MAWN-00,high
case,Phanteks,"Phanteks NV5 MKII",PH-NV523TG_DMW02,high
case,Corsair,"Corsair iCUE LINK 3500X RGB",CC-9011281-WW,high
case,Antec,"Antec VSK3000E U3",VSK3000E-U3,low
case,Cooler Master,"Cooler Master MasterFrame 400 Mesh",MF400M-KHNN-S00,high
case,Corsair,"Corsair iCUE 7000X RGB",CC-9011227WW,high
case,Corsair,"Corsair 275R Airflow",CC-9011181-WW,high
case,Hyte,"HYTE X50",CS-HYTE-X50G-RR,high
case,Lian Li,"Lian Li LANCOOL 205 Mesh C",G99OE764CP00AM,high
case,NZXT,"NZXT S340",CAS340WB1,high
case,Corsair,"Corsair iCUE LINK 6500X RGB",CC-9011270-WW,high
case,Fractal Design,"Fractal Design Pop Air",FD-C-POR1A-01,high
case,Cooler Master,"Cooler Master Elite 302",E302-KGNN-S00,high
case,SilverStone,"Silverstone FARA 515XR",SST-FA515XR-BG,high
case,Thermaltake,"Thermaltake Versa H15",CA1D400S1NN00,high
case,Fractal Design,"Fractal Design North XL RC",FD-C-NOR1X-06,high
case,Phanteks,"Phanteks NV9 MKII",PH-NV923TG_DMW02,high
case,Lian Li,"Lian Li SUP01",SUP01W,high
case,Phanteks,"Phanteks XT V3",PH-XT325V_DWT01,high
case,Lian Li,"Lian Li O11D EVO RGB Automobili Lamborghini",O11DERGBL,high
case,Fractal Design,"Fractal Design Pop 2 Air RGB",FD-C-POA2A-03,high
case,Phanteks,"Phanteks EVOLV X2 MATRIX",PH-ES524XM_DMW01,high
case,Phanteks,"Phanteks Enthoo Pro 2",PH-ES620PTG_DBK01,high
case,Corsair,"Corsair 3000D RGB AIRFLOW",CC-9011256-WW,high
case,Cooler Master,"Cooler Master MasterBox 600",MB600-KGNN-S00,high
case,Corsair,"Corsair Crystal 570X RGB",CC-9011098-WW,high
case,Antec,"Antec C6 Curve Air",0-761345-10275-9,high
case,Antec,"Antec AX27 RGB ELITE",AX27-RGB-ELITE,low
case,Cooler Master,"Cooler Master Elite 301",E301-KGNN-S00,high
case,SilverStone,"Silverstone SG13",SSTSG13BQ,high
case,Hyte,"HYTE Y70",CS-HYTE-Y70-MM,high
case,Thermaltake,"Thermaltake View 170 ARGB",CA-1Z4-00MAWN-01,high
case,Thermaltake,"Thermaltake Retro 360 TG",CA-11Q-00MQWN-00,high
case,Corsair,"Corsair iCUE 5000D RGB AIRFLOW",CC-9011243-WW,high
case,Phanteks,"Phanteks Eclipse P400A",PH-EC400ATG_BK,high
case,Antec,"Antec P30 ARGB",P30-ARGB,low
case,Cooler Master,"Cooler Master QUBE 500 Flatpack",Q500-KGNN-S00,high
case,Cooler Master,"Cooler Master NCORE 100 AIR",NR100-KNNN-S00,high
case,NZXT,"NZXT H510 Flow",CA-H52FB-01,high
case,Lian Li,"Lian Li SUP01",SUP01X,high
case,Thermaltake,"Thermaltake View 380 XL TG ARGB",CA-11E-00M6WN-00,high
case,Thermaltake,"Thermaltake The Tower 300 Matcha",CA-1Y4-00SEWN-00,high
case,Antec,"Antec AX67 ARGB",AX67-ARGB,low
case,SilverStone,"Silverstone RM51",SST-RM51,high
case,Thermaltake,"Thermaltake The Tower 600",CA-1Z1-00MNWN-00,high
case,Thermaltake,"Thermaltake TR100",CA-11A-00SANN-00,high
case,Antec,"Antec FLUX PRO",0-761345-10155-4,high
case,Hyte,"HYTE Y40",CS-HYTE-Y40-BR,high
case,Thermaltake,"Thermaltake AX700",CA-11B-00F1WN-00,high
case,Fractal Design,"Fractal Design Torrent Nano RGB",FD-C-TOR1N-02,high
case,Corsair,"Corsair iCUE 220T RGB Airflow",CC-9011174-WW,high
case,Cooler Master,"Cooler Master Elite 600",E600-KG00-S00,high
case,Antec,"Antec C2M ARGB",0-761345-10283-4,high
case,Fractal Design,"Fractal Design Pop Air",FD-C-POR1A-03,high
case,SilverStone,"Silverstone ML06B",ML06B,low
case,Fractal Design,"Fractal Design Pop 2 Vision RGB",FD-C-POV2A-03,high
case,Cooler Master,"Cooler Master MasterCase H500",MCM-H500-IGNN-S00,high
case,Phanteks,"Phanteks NV5",PH-NV523TG_DBK01,high
case,Corsair,"Corsair 2800X RS-R ARGB",CC-9011347-WW,high
case,Fractal Design,"Fractal Design Meshify 3 XL Ambience Pro RGB",FD-C-MES3X-05,high
case,Corsair,"Corsair Obsidian Series 750D",750D,low
case,Cooler Master,"Cooler Master HAF 500",H500-WGNN-S00,high
case,Cooler Master,"Cooler Master Elite 300 Steel",E300-KN5N-S00,high
case,Lian Li,"Lian Li LANCOOL 215",LANCOOL-215-BLACK,high
case,Lian Li,"Lian Li Lancool II Mesh",LANCOOL-II-MESH-PERFORMANCE,high
case,Corsair,"Corsair 3200D RS ARGB",CC-9011346-WW,high
case,SilverStone,"Silverstone Sugo 16",SST-SG16W,high
case,Thermaltake,"Thermaltake The Tower 300 Hydrangea",CA-1Y4-00SFWN-00,high
case,Cooler Master,"Cooler Master HAF 700",H700-IGNN-S00,high
case,Cooler Master,"Cooler Master MasterBox NR200P",MCB-NR200P-WGNN-S00,high
case,Lian Li,"Lian Li LANCOOL 205 Mesh C",G99OE764CW00AM,high
case,Thermaltake,"Thermaltake View 270 Plus TG ARGB",CA-1Y7-00MEWN-01,high
case,NZXT,"NZXT H510 Elite",CA-H510E-B1,high
case,NZXT,"NZXT H510 Flow",CA-H52FW-01,high
case,NZXT,"NZXT H5 Elite",CC-H51EB-01,high
case,Phanteks,"Phanteks Evolv S2",PH-ES524S2_DBK01,high
case,Hyte,"HYTE Y60",CS-HYTE-Y60-BR,high
case,Lian Li,"Lian Li TU150",TU150WX,high
case,Fractal Design,"Fractal Design Torrent",FD-C-TOR1A-03,high
case,Cooler Master,"Cooler Master Elite 681",E681-WHNN-S00,high
case,Thermaltake,"Thermaltake CTE C750 ARGB",CA-1X6-00F1WN-01,high
case,NZXT,"NZXT H500",CA-H500B-B1,high
case,SilverStone,"Silverstone SETA D1",SST-SED1-B,high
case,Fractal Design,"Fractal Design Epoch XL",FD-C-EPO1X-02,high
case,NZXT,"NZXT H510",CA-H510B-BR,high
case,Cooler Master,"Cooler Master MasterFrame 360 Stage LCD",MF360-KHNN-S02,high
case,Fractal Design,"Fractal Design Pop Air",FD-C-POR1A-05,high
case,Corsair,"Corsair 275R Airflow",CC-9011182-WW,high
case,Thermaltake,"Thermaltake View 380 ARGB",CA-1Z2-00MFWN-00,high
case,Fractal Design,"Fractal Design Pop 2 Air",FD-C-POA2A-02,high
case,Antec,"Antec C5 CURVE ARGB",C5-CURVE-ARGB,low
case,Hyte,"HYTE X50 Air",CS-HYTE-X50A-WW,high
case,Thermaltake,"Thermaltake The Tower 100",CA-1R3-00S1WN-00,high
case,Corsair,"Corsair 2000D RGB AIRFLOW",CC-9011246-WW,high
case,Lian Li,"Lian Li V3000 PLUS",V3000-PLUS,low
case,Corsair,"Corsair 6500D Airflow",CC-9011259-WW,high
case,Corsair,"Corsair FRAME 5000D RS",CC-9011308-WW,high
case,Fractal Design,"Fractal Design Meshify 2 RGB",FD-C-MES2A-08,high
case,Fractal Design,"Fractal Design Epoch XL RGB",FD-C-EPO1X-04,high
case,Corsair,"Corsair 2500D Airflow",CC-9011264-WW,high
case,Fractal Design,"Fractal Design Define 7 Nano",FD-C-DEF7N-02,high
case,Phanteks,"Phanteks Eclipse P400",PH-EC416PTG_BK,high
case,Corsair,"Corsair Vengeance C70",C70-MILITARY-GREEN,high
case,Cooler Master,"Cooler Master Force 500",FOR500KKN1,high
case,Thermaltake,"Thermaltake The Tower 600",CA-1Z1-00MCWN-00,high
case,Thermaltake,"Thermaltake Retro 260 TG",CA-11P-00SQWN-00,high
case,Corsair,"Corsair Carbide Series Air 540",AIR540,high
case,Fractal Design,"Fractal Design Epoch",FD-C-EPO1A-03,high
case,Fractal Design,"Fractal Design Meshify 3 XL RGB",FD-C-MES3X-04,high
case,Fractal Design,"Fractal Design Meshify 2 Compact TG Dark Tint",FD-C-MES2C-02,high
case,Corsair,"Corsair iCUE 465X RGB",CC-9011188-WW,high
case,Cooler Master,"Cooler Master Elite 502",E502-WGNN-S00,high
case,Cooler Master,"Cooler Master MasterFrame 600",MF600-KGNN-S00,high
case,Cooler Master,"Cooler Master TD300 Mesh",TD300-KGNN-S00,high
case,Lian Li,"Lian Li LL01 CG237 RGB",OE794RW10S0,high
case,NZXT,"NZXT S340 Elite",CA-S340W-B3,high
case,Tryx,"TRYX FLOVA F50",C-F500F-FM1E-G0K,high
case,Thermaltake,"Thermaltake View 390 Air",CA-11F-00MNWN-00,high
case,Corsair,"Corsair 2800X RS-R ARGB",CC-9011348-WW,high
case,Cooler Master,"Cooler Master MasterFrame 400 Mesh",MF400M-SHNN-S00,high
case,NZXT,"NZXT H210i",CA-H210I-W1,high
case,NZXT,"NZXT H7 Flow  (10)",CM-H71FW-01,high
case,SilverStone,"Silverstone SG13 V2",SST-SG13P-USA,high
case,Fractal Design,"Fractal Design Meshify 2 Mini",FD-C-MES2M-01,high
case,SilverStone,"Silverstone SETA H2",SST-SEH2-B,high
case,Lian Li,"Lian Li Q58 (PCIe 4.0)",Q58W4,high
case,Thermaltake,"Thermaltake Core P3",CA-1G4-00M1WN-06,high
case,Phanteks,"Phanteks Eclipse G360A",PH-EC360ATG_DBK02,high
case,Cooler Master,"Cooler Master Silencio S400",MCS-S400-KN5N-S00,high
case,SilverStone,"Silverstone ML03B",ML03B,low
case,Thermaltake,"Thermaltake View 380 ARGB",CA-1Z2-00MEWN-00,high
case,Corsair,"Corsair FRAME 4000X RS",CC-9011302-WW,high
case,Thermaltake,"Thermaltake TR200",CA-11L-00S6NN-00,high
case,Corsair,"Corsair 3200D RS",CC-9011335-WW,high
case,Cooler Master,"Cooler Master MasterBox MB320L ARGB",MCB-B320L-KGNN-S02,high
case,Fractal Design,"Fractal Design Torrent RGB",FD-C-TOR1A-07,high
case,Lian Li,"Lian Li O11 Dynamic Mini",O11D-MINI-W,high
case,Lian Li,"Lian Li PC-A05N",PCA05NB,high
case,Thermaltake,"Thermaltake The Tower 250",CA-1Z9-00SEWN-00,high
case,Lian Li,"Lian Li O11D XL-W",O11D-XL-W,low
case,Lian Li,"Lian Li O11 VISION-M Digital",O11VMDX,high
case,SilverStone,"Silverstone Milo 12",SST-ML12B,high
case,Phanteks,"Phanteks NV9",PH-NV923TG_DBK01,high
case,Thermaltake,"Thermaltake View 270 Plus WS TG ARGB",CA-1Y7-00M6WN-WS,high
case,Cooler Master,"Cooler Master Elite 490",E490-WHNN-S00,high
case,Corsair,"Corsair FRAME 4000D Vault Series",CC-9011343-WW,high
case,Corsair,"Corsair iCUE 5000T RGB",CC-9011230-WW,high
case,Thermaltake,"Thermaltake The Tower 300",CA-1Y4-00SCWN-00,high
case,Corsair,"Corsair FRAME 4000D LCD RS ARGB",CC-9011327-WW,high
case,Thermaltake,"Thermaltake The Tower 600",CA-1Z1-00M4WN-00,high
case,Cooler Master,"Cooler Master MasterBox NR400 (w/o ODD)",MCB-NR400-KGNN-S00,high
case,Hyte,"HYTE REVOLT 3",CS-HYTE-REVOLT3-W,high
case,Thermaltake,"Thermaltake Versa H16 ARGB",CA-1Y8-00S6WN-01,high
case,Thermaltake,"Thermaltake View 71 TG RGB",CA-1I7-00F1WN-01,high
case,Antec,"Antec C8",0-761345-10093-9,high
case,Corsair,"Corsair Carbide Series SPEC-02",CC9011051WW,high
case,Cooler Master,"Cooler Master HAF XB EVO",RC-902XB-KKN2,high
case,Fractal Design,"Fractal Design Meshify C Mini",FD-CA-MESH-C-MINI-BKO-TGD,high
case,NZXT,"NZXT H510i",CA-H510I-B1,high
case,NZXT,"NZXT H440",CAH440WM1,high
case,Cooler Master,"Cooler Master MasterBox Lite 5",MCW-L5S3-KANN-01,high
case,Corsair,"Corsair Carbide Series 175R RGB",CC-9011171-WW,high
case,Lian Li,"Lian Li O11 Dynamic EVO",PC-O11DEG,high
case,Antec,"Antec C3 ARGB",0-761345-10032-8,high
case,Thermaltake,"Thermaltake AX700",CA-11B-00F6WN-00,high
case,Antec,"Antec CX800 Wood ARGB",0-761345-10137-0,high
case,Antec,"Antec C7 ARGB",0-761345-10135-6,high
case,Fractal Design,"Fractal Design Define 7 XL Light",FD-C-DEF7X-02,high
case,Fractal Design,"Fractal Design Meshify C",FD-CA-MESH-C-BKO-TGL,high
case,Thermaltake,"Thermaltake Tower 900",CA-1H1-00F1WN-00,high
case,Cooler Master,"Cooler Master HAF X",RC942KKN1,high
case,Phanteks,"Phanteks Eclipse P500A D-RGB",PH-EC500ATG_DBK01,high
case,Corsair,"Corsair 2500X Obsidian",CC-9011287-WW,high
case,Thermaltake,"Thermaltake TR200",CA-11L-00S6NN-WS,high
case,Fractal Design,"Fractal Design Epoch RGB",FD-C-EPO1A-04,high
case,Corsair,"Corsair 3200D RS ARGB",CC-9011345-WW,high
case,Fractal Design,"Fractal Design Pop 2 Air RGB",FD-C-POA2A-04,high
case,Thermaltake,"Thermaltake The Tower 600",CA-1Z1-00MFWN-00,high
case,Corsair,"Corsair Crystal Series 680X RGB",CC-9011168-WW,high
case,Hyte,"HYTE Y70 Firefly Edition",8C-CAY5050-000,high
case,Cooler Master,"Cooler Master N400",NSE400KKN2,high
case,Antec,"Antec CX200M RGB ELITE",CX200M-RGB-ELITE-WHITE,high
case,Corsair,"Corsair Crystal Series 680X RGB",CC-9011169-WW,high
case,NZXT,"NZXT H710",CA-H710B-B1,high
case,Corsair,"Corsair Obsidian 500D RGB SE",CC-9011139-WW,high
case,Lian Li,"Lian Li LANCOOL II-X",LANCOOL-II-X,low
case,Corsair,"Corsair 6500X",CC-9011258-WW,high
case,Hyte,"HYTE Y70 Touch",CS-HYTE-Y70-WW-L,high
case,Corsair,"Corsair iCUE LINK 6500X RGB",CC-9011269-WW,high
case,SilverStone,"Silverstone FARA H1M",SST-FAH1MB-G,high
case,Corsair,"Corsair Obsidian Series 750D",CC9011078WW,high
case,NZXT,"NZXT H440",CAH440WW1,high
case,Fractal Design,"Fractal Design Node 202",FDMCANODE202AAUS,high
case,Phanteks,"Phanteks Eclipse P400A Digital",PH-EC400ATG_DBK,high
case,Corsair,"Corsair Crystal 280X RGB",CC-9011137-WW,high
case,NZXT,"NZXT H7 Elite  (2)",CM-H71EW-02,high
case,Thermaltake,"Thermaltake View 270 Plus TG ARGB",CA-1Y7-00MAWN-00,high
case,Corsair,"Corsair Graphite Series 760T",760TBLACK,high
case,Thermaltake,"Thermaltake View 600",CA-11H-00F1WN-00,high
case,Antec,"Antec AX26 RGB ELITE",AX26-RGB-ELITE,low
case,Antec,"Antec C5 CURVE ARGB",C5-CURVE-ARGB-WHITE,high
case,Thermaltake,"Thermaltake The Tower 250",CA-1Z9-00S6WN-00,high
case,Corsair,"Corsair iCUE 5000X RGB",CC-9011213-WW,high
case,Corsair,"Corsair 2500X Walnut",CC-9011286-WW,high
case,Lian Li,"Lian Li O11D XL-X",O11D-XL-X,low
case,Corsair,"Corsair 4000D",CC-9011198-WW,high
case,Thermaltake,"Thermaltake View 200 TG ARGB",CA-1X3-00M1WN-00,high
case,Antec,"Antec CX500M ARGB",0-761345-10144-8,high
case,Phanteks,"Phanteks Eclipse G400A",PH-EC400GA_DMW01,high
case,Thermaltake,"Thermaltake Core V1",CA1B800S6WN01,high
case,Fractal Design,"Fractal Design Define Mini C",FD-CA-DEF-MINI-C-BK,high
case,Fractal Design,"Fractal Design Define R6",FD-CA-DEF-R6-BK,high
case,Corsair,"Corsair Carbide Series 275R",CC-9011133-WW,high
case,SilverStone,"Silverstone RVZ03W-ARGB",RVZ03W-ARGB,low
case,Thermaltake,"Thermaltake The Tower 600",CA-1Z1-00MAWN-00,high
case,Lian Li,"Lian Li LANCOOL III",LANCOOL-3-W,high
case,Lian Li,"Lian Li LANCOOL 206",G99OE786RW00,high
case,Phanteks,"Phanteks Eclipse G300A (3 Fan)",PH-EC300GA_DBK02,high
case,Cooler Master,"Cooler Master Elite 110",RC110KKN2,high
case,Thermaltake,"Thermaltake View 370 TG ARGB",CA-11N-00M1WN-00,high
case,Cooler Master,"Cooler Master MasterBox 600",MB600-WGNN-S00,high
case,Cooler Master,"Cooler Master HAF 500",H500-KGNN-S00,high
case,Antec,"Antec AX90",AX90,low
case,Phanteks,"Phanteks Enthoo Pro 2",PH-ES620PC_BK01,high
case,SilverStone,"Silverstone Sugo SG11",SSTSG11B,high
case,Thermaltake,"Thermaltake The Tower 200",CA-1X9-00S1WN-00,high
case,NZXT,"NZXT H5 Flow RGB  (18)",CC-H51FB-R1,high
case,Phanteks,"Phanteks Eclipse P600S",PH-EC600PSTG_BK01,high
case,SilverStone,"Silverstone PS15 PRO",SST-PS15B-PRO,high
case,Fractal Design,"Fractal Design Era ITX",FD-CA-ERA-ITX-BK,high
case,Thermaltake,"Thermaltake Core P3 TG Pro",CA-1G4-00M1WN-09,high
case,NZXT,"NZXT S340",CAS340WW1,high
case,Corsair,"Corsair Obsidian Series 900D",CC9011022WW,high
case,Lian Li,"Lian Li TU150",TU150A,high
case,Lian Li,"Lian Li LANCOOL 205 Mesh",G99OE764X00,high
case,Corsair,"Corsair Graphite Series 780T",CC9011063WW,high
case,Antec,"Antec NX410",0-761345-81041-8,high
case,Antec,"Antec Flux Rear",0-761345-10241-4,high
case,Thermaltake,"Thermaltake The Tower 250",CA-1Z9-00SMWN-00,high
case,Antec,"Antec CX600M Trio ARGB",0-761345-10141-7,high
case,SilverStone,"Silverstone SUGO 14",SST-SG14W,high
case,SilverStone,"Silverstone ML08",SSTML08BH,high
case,Thermaltake,"Thermaltake The Tower 300 Bumblebee",CA-1Y4-00S4WN-00,high
case,Cooler Master,"Cooler Master MasterBox MB311L ARGB",MCB-B311L-KGNN-S02,high
case,Cooler Master,"Cooler Master MasterBox NR600 (w/o ODD)",MCB-NR600-KGNN-S00,high
case,Thermaltake,"Thermaltake CTE C700 Air",CA-1X7-00F1WN-00,high
case,Phanteks,"Phanteks Enthoo EVOLV ATX",PHES515EBK,high
case,Phanteks,"Phanteks Eclipse P350X",PH-EC350PTG_DBK,high
case,Lian Li,"Lian Li Lancool II Mesh",LANCOOL-II-MESH-RGB-WHITE,high
case,Antec,"Antec C6 Curve Air",0-761345-10276-6,high
case,Cooler Master,"Cooler Master MasterBox TD500 Mesh White w/ Controller",MCB-D500D-WGNN-S01,high
case,NZXT,"NZXT H5 Flow RGB  (6)",CC-H51FW-R1,high
case,NZXT,"NZXT H7 Elite  (0)",CM-H71EB-02,high
case,SilverStone,"Silverstone FARA 313 Type-C",SST-FA313-B-C,high
case,Lian Li,"Lian Li LL01 CG237 RGB",G99OE794X10,high
case,Corsair,"Corsair Carbide Series 300R",300R,low
case,Thermaltake,"Thermaltake Core X9",CA1D800F1WN00,high
case,Antec,"Antec P20C",0-761345-80103-4,high
case,Corsair,"Corsair 5000T",CC-9011300-WW,high
case,Cooler Master,"Cooler Master HAF 932",RC932KKN3GP,high
case,Phanteks,"Phanteks Eclipse P360A",PH-EC360ATG_DBK,high
case,Lian Li,"Lian Li O11 Dynamic Mini",W750-W-POWER-SUPPLY-O11D-MINI750-X,high
case,SilverStone,"Silverstone FTZ01-E",SST-FTZ01B-E,high
case,Phanteks,"Phanteks NV9",PH-NV923TG_DMW01,high
case,Thermaltake,"Thermaltake The Tower 300",CA-1Y4-00SGWN-00,high
case,Hyte,"HYTE Hoshimachi Suisei Y70",CS-HYTE-Y70-SUISEI,high
case,Fractal Design,"Fractal Design Torrent Nano",FD-C-TOR1N-01,high
case,Phanteks,"Phanteks ECLIPSE G500A DRGB",PH-EC500GA_DBK01A,high
case,Lian Li,"Lian Li LANCOOL 205M",LANCOOL-205M-BLACK,high
case,Cooler Master,"Cooler Master Elite 481 Wood",E481-WHNN-S00,high
case,Corsair,"Corsair Carbide Series SPEC-05",CC-9011138-WW,high
case,Phanteks,"Phanteks Evolv X",PH-ES518XTG_DBK,high
case,Antec,"Antec DF700 FLUX",0-761345-80070-9,high
case,Fractal Design,"Fractal Design Core 1000",FDCACORE1000BL,high
case,Thermaltake,"Thermaltake The Tower 600",CA-1Z1-00MGWN-00,high
case,Thermaltake,"Thermaltake AX500",CA-11D-00F1WN-00,high
case,Antec,"Antec CX700 RGB ELITE",0-761345-10044-1,high
case,Thermaltake,"Thermaltake Ceres 300 TG ARGB",CA-1Y2-00MEWN-00,high
case,NZXT,"NZXT H710",CA-H710B-W1,high
case,NZXT,"NZXT H510i",CA-H510I-BR,high
case,Cooler Master,"Cooler Master Storm Trooper",SGC5000KWN1,high
case,Phanteks,"Phanteks Enthoo Pro M TG",PH-ES515PTG_BK,high
case,Lian Li,"Lian Li LANCOOL 205",G99OE743X10,high
case,SilverStone,"Silverstone FARA 515XR",SST-FA515XR-WG,high
case,Cooler Master,"Cooler Master NCORE 100 AIR",NR100-WNNN-S00,high
case,Cooler Master,"Cooler Master TD300 Mesh",TD300-WGNN-S00,high
case,Thermaltake,"Thermaltake CTE T500 Air",CA-1X8-00F6WN-00,high
case,SilverStone,"Silverstone SG13",SSTSG13WBQ,high
case,Antec,"Antec DF600 FLUX",DF600-FLUX,low
case,Thermaltake,"Thermaltake S200 TG ARGB",CA-1X2-00M1WN-00,high
case,NZXT,"NZXT H500i",CA-H500W-W1,high
case,Corsair,"Corsair Carbide Series 100R",CC9011077WW,high
case,NZXT,"NZXT S340 Elite",CA-S340W-W2,high
case,Phanteks,"Phanteks EVOLV SHIFT XT",PH-ES121XT_DBK01,high
case,Antec,"Antec AX81 ELITE",AX81-ELITE,low
case,Corsair,"Corsair iCUE 5000T LX RGB",CC-9011299-WW,high
case,Thermaltake,"Thermaltake AX700",CA-11B-00F6NN-00,high
case,Fractal Design,"Fractal Design Define C",FD-CA-DEF-C-BK,high
case,SilverStone,"Silverstone GD08B",SSTGD08B,high
case,Thermaltake,"Thermaltake CTE E550",CA-1Z8-00MGWN-00,high
case,Antec,"Antec P20C",0-761345-80108-9,high
case,Fractal Design,"Fractal Design Meshify 3 XL RGB",FD-C-MES3X-06,high
case,Cooler Master,"Cooler Master MasterBox 520 Mesh",MB520-KGNN-S00,high
case,Fractal Design,"Fractal Design Meshify 2 Mini",FD-C-MES2M-02,high
case,Cooler Master,"Cooler Master MasterBox Q300L",MCB-Q300L-WANN-S00,high
case,Cooler Master,"Cooler Master MasterCase H500M",MCM-H500M-IHNN-S00,high
case,NZXT,"NZXT H710i",CA-H710I-BR,high
case,Lian Li,"Lian Li Q58 (PCIe 4.0)",Q58X4,high
case,Antec,"Antec CX300 RGB ELITE",0-761345-10097-7,high
case,SilverStone,"Silverstone SETA H2M",SST-SEH2M-B,high
case,SilverStone,"Silverstone RM42-502",SST-RM42-502B,high
case,Thermaltake,"Thermaltake View 370 TG ARGB",CA-11N-00M6WN-00,high
case,Cooler Master,"Cooler Master MasterFrame 600",MF600-SGNN-S00,high
case,SilverStone,"Silverstone SUGO 17",SST-SG17B,high
case,Antec,"Antec CX600M Trio ARGB",0-761345-10139-4,high
case,Lian Li,"Lian Li LANCOOL 206",G99OE786RX00,high
case,Cooler Master,"Cooler Master QUBE 500 Flatpack Macaron Edition",Q500-DGNN-S00,high
case,SilverStone,"Silverstone ML05B",ML05B,low
case,Phanteks,"Phanteks EVOLV X2",PH-ES524XTG_DGD01,high
case,Thermaltake,"Thermaltake V250 TG ARGB",CA-1Q5-00M1WN-00,high
case,SilverStone,"Silverstone FARA 513 Type-C",SST-FA513-B-C,high
case,Fractal Design,"Fractal Design Epoch XL",FD-C-EPO1X-03,high
case,Antec,"Antec VSK2000-U3",VSK2000-U3,low
case,Thermaltake,"Thermaltake CTE C750 ARGB",CA-1X6-00F6WN-01,high
case,Corsair,"Corsair Crystal 460X RGB",CC-9011101-WW,high
case,Thermaltake,"Thermaltake H200 TG RGB",CA-1M3-00M1WN-00,high
case,Fractal Design,"Fractal Design Epoch RGB",FD-C-EPO1A-05,high
case,NZXT,"NZXT H710i",CA-H710I-B1,high
case,Corsair,"Corsair SPEC-OMEGA RGB",CC-9011140-WW,high
case,Fractal Design,"Fractal Design Define R4",FDCADEFR4BL,high
case,Fractal Design,"Fractal Design Focus G Mini",FD-CA-FOCUS-MINI-BK-W,high
case,Cooler Master,"Cooler Master MasterBox MB511 ARGB",MCB-B511D-KGNN-RGA,high
case,Thermaltake,"Thermaltake H200 TG Snow RGB Light Strip",CA-1M3-00M6WN-03,high
case,Phanteks,"Phanteks Eclipse P500A",PH-EC500ATG_BK01,high
case,Corsair,"Corsair iCUE 465X RGB",CC-9011189-WW,high
case,Antec,"Antec VSK3000B U3",VSK3000BU3,high
case,Corsair,"Corsair 6500X",CC-9011284-WW,high
case,Fractal Design,"Fractal Design Ridge PCIe 3.0",FD-C-RID1N-01,high
case,SilverStone,"Silverstone ALTA G1M",SST-ALG1MB,high
case,Antec,"Antec 900",0-761345-10272-8,high
case,Antec,"Antec CX600M Wood ARGB",0-761345-10138-7,high
case,Cooler Master,"Cooler Master MasterBox MB400L",MCB-B400L-KNNN-S00,high
case,SilverStone,"Silverstone Lucid 04",SST-LD04-W-ARGB,high
case,Cooler Master,"Cooler Master Cosmos C700M",MCC-C700M-MG5N-S00,high
case,Corsair,"Corsair Crystal 280X RGB",CC-9011135-WW,high
case,Corsair,"Corsair 2500X Bamboo",CC-9011288-WW,high
case,Antec,"Antec NX200M RGB",0-761345-81021-0,high
case,Fractal Design,"Fractal Design Meshify 2 Compact RGB",FD-C-MES2C-06,high
case,Thermaltake,"Thermaltake V200 RGB",CA-1K8-00M1WN-01,high
case,Fractal Design,"Fractal Design Torrent Nano",FD-C-TOR1N-04,high
case,Cooler Master,"Cooler Master Elite 100",RC100KKP3GP,high
case,Cooler Master,"Cooler Master MasterCase Pro 5",MCY005PKWN00,high
case,Fractal Design,"Fractal Design Epoch XL RGB",FD-C-EPO1X-05,high
case,Thermaltake,"Thermaltake Ceres 350 MX",CA-1Z3-00M1WN-00,high
case,Thermaltake,"Thermaltake View 390 Air",CA-11F-00M1WN-00,high
case,Cooler Master,"Cooler Master MasterFrame 500 Mesh",MF500M-KHNN-S00,high
case,Antec,"Antec P20CE",0-761345-80104-1,high
case,Thermaltake,"Thermaltake Core P6",CA-1V2-00MCWN-00,high
case,Corsair,"Corsair Carbide Series 500R",500RBK,high
case,NZXT,"NZXT Phantom 410",CAPH410W1,high
case,Thermaltake,"Thermaltake Core P3 TG Snow Edition",CA-1G4-00M6WN-05,high
case,Corsair,"Corsair 6500X",CC-9011282-WW,high
case,Fractal Design,"Fractal Design Pop Silent",FD-C-POS1A-02,high
case,Antec,"Antec ISK 110 VESA",ISK110VESA,high
case,Thermaltake,"Thermaltake Versa H25",CA1C200M1NN00,high
case,Thermaltake,"Thermaltake S200 TG ARGB",CA-1X2-00M6WN-00,high
case,Fractal Design,"Fractal Design Torrent Nano RGB",FD-C-TOR1N-05,high
case,Cooler Master,"Cooler Master HAF 912 New",RC912KKN1GP,high
case,Cooler Master,"Cooler Master HAF 700 EVO",H700E-WGNN-S00,high
case,Hyte,"HYTE Y70 Touch",CS-HYTE-Y70-BW-L,high
case,Cooler Master,"Cooler Master Elite 600",E600-WG00-S00,high
case,SilverStone,"Silverstone ML09",ML09B,high
case,Hyte,"HYTE Persona 3 Reload Y60",CS-HYTE-Y60-P3R,high
case,Cooler Master,"Cooler Master QUBE 500 Flatpack",Q500-WGNN-S00,high
case,Hyte,"HYTE REVOLT 3",W700-W-POWER-SUPPLY-CS-HYTE-REVOLT3-BP,high
case,Fractal Design,"Fractal Design Define R6",FD-CA-DEF-R6-BK-TG,high
case,Phanteks,"Phanteks Eclipse P400S",PH-EC416PSTG_WT,high
case,Thermaltake,"Thermaltake AH T600 Snow",CA-1Q4-00M6WN-00,high
case,Corsair,"Corsair 4000D",CC-9011199-WW,high
case,Lian Li,"Lian Li TU150",TU150WA,high
case,Corsair,"Corsair iCUE 5000X RGB QL Edition",CC-9011233-WW,high
case,Lian Li,"Lian Li V3000 PLUS White GGF Edition",V3000PW,high
case,Fractal Design,"Fractal Design Define S",FDCADEFSBK,high
case,Corsair,"Corsair Carbide Series 270R",CC-9011105-WW,high
case,Hyte,"HYTE Y70 Touch",CS-HYTE-Y70-BR-L,high
case,Fractal Design,"Fractal Design Meshify 3 RGB",FD-C-MES3A-07,high
case,Fractal Design,"Fractal Design Meshify 2 Compact White TG Clear Tint",FD-C-MES2C-05,high
case,Thermaltake,"Thermaltake AH T600",CA-1Q4-00M1WN-00,high
case,Corsair,"Corsair Obsidian Series 250D",CC9011047WW,high
case,Corsair,"Corsair Vengeance C70",CC9011016WW,high
case,Cooler Master,"Cooler Master Storm Stryker",SGC5000WKWN1,high
case,Corsair,"Corsair Carbide Series SPEC-01",SPEC01REDLED,high
case,Lian Li,"Lian Li Lancool II Mesh C Performance",LANCOOL-II-MESH-C-PERFORMANCE-X,high
case,Cooler Master,"Cooler Master Elite 500 ODD",E500-KG5N-S00,high
case,Antec,"Antec Dark Phantom DP301M",DP301M,low
case,Fractal Design,"Fractal Design Pop Air",FD-C-POR1A-02,high
case,Cooler Master,"Cooler Master MasterBox Pro 5 RGB",MCY-B5P2-KWGN-01,high
case,Lian Li,"Lian Li LANCOOL 215",LANCOOL-215-W,high
case,NZXT,"NZXT H7",CM-H71BW-01,high
case,Corsair,"Corsair Obsidian Series 450D",CC9011049WW,high
case,Thermaltake,"Thermaltake Versa C22 RGB",CA-1G9-00M1WN-00,high
case,Thermaltake,"Thermaltake The Tower 300",CA-1Y4-00SBWN-00,high
case,Antec,"Antec NX500M ARGB",NX500M-ARGB,low
case,Fractal Design,"Fractal Design Meshify 2",FD-C-MES2A-04,high
case,Cooler Master,"Cooler Master MasterBox NR200P",MCB-NR200P-QCNN-S00,high
case,Cooler Master,"Cooler Master Elite 130",RC130KKN1,high
case,Lian Li,"Lian Li LANCOOL 205 Mesh",G99OE764W00,high
case,Phanteks,"Phanteks Eclipse G360A",PH-EC360ATG_DMW02,high
case,Hyte,"HYTE Watson Amelia Y40",CS-HYTE-Y40-AME,high
case,Corsair,"Corsair Graphite Series 780T",CC9011059WW,high
case,Corsair,"Corsair SPEC-OMEGA RGB",CC-9011141-WW,high
case,Cooler Master,"Cooler Master MasterBox TD500 ARGB",MCB-D500D-KANN-S01,high
case,Thermaltake,"Thermaltake S370 WS",CA-11J-00M6WN-00,high
case,Hyte,"HYTE Metaphor: ReFantazio Y70",CS-HYTE-Y70-METAPHOR,high
case,Fractal Design,"Fractal Design Torrent Nano",FD-C-TOR1N-03,high
case,Fractal Design,"Fractal Design Node 605",FDCANODE605BL,high
case,Cooler Master,"Cooler Master N300",NSE300KKN1,high
case,Corsair,"Corsair Carbide Series 400C",CC-9011081-WW,high
case,Cooler Master,"Cooler Master MasterBox NR400 (w/ODD)",MCB-NR400-KG5N-S00,high
case,Phanteks,"Phanteks Eclipse P400S",PH-EC416PSTG_BW,high
case,Thermaltake,"Thermaltake View 290 TG ARGB",CA-11G-00M1WN-00,high
case,Thermaltake,"Thermaltake View 380 XL WS ARGB",CA-11E-00M1WN-WS,high
case,Cooler Master,"Cooler Master MasterBox MB600L V2",MB600L2-KGNN-S00,high
case,Phanteks,"Phanteks Eclipse P600S",PH-EC600PSTG_AG01,high
case,Hyte,"HYTE Mori Calliope Y40",CS-HYTE-Y40-MORI,high
case,Tryx,"TRYX LUCA L70",C-L700N-NN0H-G0W,high
case,Cooler Master,"Cooler Master Cosmos II",RC1200KKN1,high
case,Lian Li,"Lian Li PC-V650",PCV650A,high
case,Phanteks,"Phanteks Enthoo Pro",PHES614PWT,high
case,Phanteks,"Phanteks Enthoo EVOLV ITX TG",PH-ES215PTG_BK,high
case,Cooler Master,"Cooler Master MasterBox TD500 Mesh w/ Controller",MCB-D500D-KGNN-S01,high
case,Thermaltake,"Thermaltake The Tower 300",CA-1Y4-00SJWN-00,high
case,Thermaltake,"Thermaltake View 380 XL TG ARGB",CA-11E-00M4WN-00,high
case,Antec,"Antec CX700 RGB ELITE",0-761345-10043-4,high
case,Fractal Design,"Fractal Design Focus G",FD-CA-FOCUS-WT-W,high
case,Corsair,"Corsair 2000D RGB AIRFLOW",CC-9011247-WW,high
case,Phanteks,"Phanteks NV5",PH-NV523TG_DMW01,high
case,NZXT,"NZXT Phantom 820",CAPH820M1,high
case,NZXT,"NZXT Phantom 530",CAPH530W1,high
case,Thermaltake,"Thermaltake Level 20 MT",CA-1M7-00M1WN-00,high
case,NZXT,"NZXT H210",CA-H210B-W1,high
case,SilverStone,"Silverstone CS351",SST-CS351,high
case,Cooler Master,"Cooler Master Elite 301 Lite",E301L-WGNN-S00,high
case,Cooler Master,"Cooler Master MasterFrame 500 Mesh ARGB",MF500M-KHNN-S01,high
case,Tryx,"TRYX LUCA L70",C-L700N-NN0H-G0K,high
case,Antec,"Antec CX500M RGB",0-761345-10099-1,high
case,Cooler Master,"Cooler Master CMP 520",CP520-KGNN-S00,high
case,Thermaltake,"Thermaltake Level 20 VT",CA-1L2-00S1WN-00,high
case,Phanteks,"Phanteks Enthoo 719",PH-ES719LTG_BK,high
case,Thermaltake,"Thermaltake View 390 Air",CA-11F-00MMWN-00,high
case,Cooler Master,"Cooler Master Silencio S600",MCS-S600-KN5N-S00,high
case,Thermaltake,"Thermaltake Ceres 300 TG ARGB",CA-1Y2-00M6WN-00,high
case,Corsair,"Corsair Carbide Series 100R",CC9011075WW,high
case,Corsair,"Corsair Carbide Series SPEC-04",CC-9011107-WW,high
case,Antec,"Antec Three Hundred Two",THREEHUNDREDTWO,high
case,Phanteks,"Phanteks Eclipse P400A Digital",PH-EC400ATG_DWT,high
case,Corsair,"Corsair Carbide Series 110R",CC-9011183-WW,high
case,Lian Li,"Lian Li LANCOOL II-W",LANCOOL-II-W,low
case,Thermaltake,"Thermaltake View 390 Air",CA-11F-00MTWN-00,high
case,SilverStone,"Silverstone FARA H1M PRO",SST-FAH1MB-PRO,high
case,Thermaltake,"Thermaltake View 380 WS ARGB",CA-1Z2-00M1WN-WS,high
case,SilverStone,"Silverstone ML04B",ML04B,low
case,Thermaltake,"Thermaltake View 600",CA-11H-00FNWN-00,high
case,Thermaltake,"Thermaltake Suppressor F1",CA1E600S1WN00,high
case,Thermaltake,"Thermaltake Core P3 TG Pro Snow",CA-1G4-00M6WN-09,high
case,Thermaltake,"Thermaltake Chaser MK-I",VN300M1W2N,high
case,Corsair,"Corsair Carbide Series Air 240",CC9011070WW,high
case,Lian Li,"Lian Li A4-H20 X3",A4-H20-X3,low
case,Antec,"Antec P10 FLUX",P10-FLUX,low
case,SilverStone,"Silverstone FARA H1M",SST-FAH1MB,high
case,Thermaltake,"Thermaltake TR300 WS",CA-11M-00M1WN-WS,high
case,SilverStone,"Silverstone PS15",SST-PS15B-G,high
case,SilverStone,"Silverstone FTZ01",FTZ01B,high
case,Thermaltake,"Thermaltake View 600",CA-11H-00FLWN-00,high
case,NZXT,"NZXT H7",CM-H71BB-01,high
case,Thermaltake,"Thermaltake View 51 Snow ARGB Edition",CA-1Q6-00M6WN-00,high
case,Thermaltake,"Thermaltake Core G3",CA-1G6-00T1WN-00,high
case,Thermaltake,"Thermaltake View 270",CA-1Y7-00MFWN-00,high
case,Thermaltake,"Thermaltake View 270",CA-1Y7-00M6WN-00,high
case,NZXT,"NZXT H500i",CA-H500W-B1,high
case,Lian Li,"Lian Li O11D XL-A",O11D-XL-A,low
case,NZXT,"NZXT H2",H2001BK,high
case,NZXT,"NZXT Phantom",PHAN001WT,high
case,Phanteks,"Phanteks Enthoo EVOLV ATX TG",PHES515ETGBK,high
case,Corsair,"Corsair Crystal 570X RGB",CC-9011110-WW,high
case,Corsair,"Corsair Carbide Series SPEC-06",CC-9011146-WW,high
case,Cooler Master,"Cooler Master MasterCase H500P Mesh ARGB",MCM-H500P-WGNN-S01,high
case,Antec,"Antec NX410",0-761345-81042-5,high
case,Fractal Design,"Fractal Design Define 7 Nano",FD-C-DEF7N-01,high
case,Thermaltake,"Thermaltake View 200 TG ARGB",CA-1X3-00M6WN-00,high
case,SilverStone,"Silverstone FTZ01",SSTFTZ01S,high
case,SilverStone,"Silverstone Lucid 05",SST-LD05-B-ARGB,high
case,Thermaltake,"Thermaltake View 600",CA-11H-00F6WN-00,high
case,Phanteks,"Phanteks Evolv Shift 2",PH-ES217E_BK02,high
case,NZXT,"NZXT H7 Flow RGB  (11)",CM-H71FB-R1,high
case,SilverStone,"Silverstone RVZ03",RVZ03B,high
case,Thermaltake,"Thermaltake Level 10 GT",VN10001W2N,high
case,SilverStone,"Silverstone SG05-LITE",SSTSG05BB450USB30,high
case,Fractal Design,"Fractal Design Node 304",FDCANODE304WH,high
case,SilverStone,"Silverstone Black Grandia GD01B-MXR-USB3.0",GD01BMXRUSB30,high
case,Fractal Design,"Fractal Design Define R5",FDCADEFR5BKW,high
case,NZXT,"NZXT H700",CA-H700B-B1,high
case,SilverStone,"Silverstone GD07B",SSTGD07B,high
case,Thermaltake,"Thermaltake View 380 WS ARGB",CA-1Z2-00M6WN-WS,high
case,Corsair,"Corsair 3500X CALL OF DUTY BLACK OPS 6 EDITION",CC-9011276-COD,high
case,Thermaltake,"Thermaltake Tower 900 Snow Edition",CA-1H1-00F6WN-00,high
case,Corsair,"Corsair 5000D",CC-9011209-WW,high
case,Lian Li,"Lian Li Lancool II Mesh C RGB",LANCOOL-II-MESH-C-RGB-X,high
case,Thermaltake,"Thermaltake The Tower 600",CA-1Z1-00MLWN-00,high
case,Cooler Master,"Cooler Master HAF 912",RC912KKN1,high
case,Cooler Master,"Cooler Master Elite 430",RC430KWN6,high
case,SilverStone,"Silverstone RVZ02B",SSTRVZ02B,high
case,Cooler Master,"Cooler Master MasterBox Lite 3.1",MCW-L3S3-KGNN-00,high
case,Cooler Master,"Cooler Master MasterBox Q300L TUF Gaming Edition",MCB-Q300L-KANN-TUF,high
case,Cooler Master,"Cooler Master MasterBox NR200P",MCB-NR200P-WGNN-SJP,high
case,Antec,"Antec C7 ARGB",0-761345-10136-3,high
case,Tryx,"TRYX FLOVA F50",C-F500F-FM1E-G0W,high
case,Cooler Master,"Cooler Master Elite 301",E301-WGNN-S00,high
case,SilverStone,"Silverstone PS15",SST-PS15W-G,high
case,Thermaltake,"Thermaltake View 380 XL TG ARGB",CA-11E-00MGWN-00,high
case,NZXT,"NZXT H210i",CA-H210I-BR,high
case,Fractal Design,"Fractal Design Focus G",FD-CA-FOCUS-RD-W,high
case,Antec,"Antec P101 Silent",P101SILENT,high
case,Antec,"Antec Nine Hundred",NINEHUNDRED,high
case,Fractal Design,"Fractal Design Define Nano S",FDCADEFNANOSBK,high
case,Cooler Master,"Cooler Master MasterBox MB530P",MCB-B530P-KHNN-S01,high
case,Corsair,"Corsair iCUE 220T RGB",CC-9011190-WW,high
case,Cooler Master,"Cooler Master MasterBox NR200P",MCB-NR200P-PCNN-S00,high
case,SilverStone,"Silverstone Lucid 05",SST-LD05-W-ARGB,high
case,Thermaltake,"Thermaltake The Tower 100 Snow",CA-1R3-00S6WN-00,high
case,Corsair,"Corsair iCUE 5000T RGB",CC-9011231-WW,high
case,NZXT,"NZXT H7",CM-H71BG-01,high
case,Fractal Design,"Fractal Design Define XL R2",FDCADEFXLR2BL,high
case,Thermaltake,"Thermaltake View 71 TG Snow",CA-1I7-00F6WN-00,high
case,Cooler Master,"Cooler Master HAF 932 AMD Limited Edition",AM932RWN1GP,high
case,Corsair,"Corsair Carbide Series 400R",400R,low
case,NZXT,"NZXT S340",CAS340WBB1,high
case,NZXT,"NZXT S340",CAS340WBR1,high
case,NZXT,"NZXT S340 Razer",CAS340WRA,high
case,NZXT,"NZXT S340 Elite",CA-S340W-B4,high
case,Thermaltake,"Thermaltake View 71 ARGB",CA-1I7-00F1WN-03,high
case,Corsair,"Corsair Obsidian Series 500D Premium",CC-9011116-WW,high
case,Thermaltake,"Thermaltake Level 20 XT",CA-1L1-00F1WN-00,high
case,Antec,"Antec TORQUE",TORQUE,low
case,Lian Li,"Lian Li LANCOOL 216 RGB w/Controller",LANCOOL-216RC-X,high
case,Thermaltake,"Thermaltake The Tower 600",CA-1Z1-00MUWN-00,high
case,Cooler Master,"Cooler Master Elite 302",E302-WGNN-S00,high
case,Thermaltake,"Thermaltake The Tower 600",CA-1Z1-00MOWN-00,high
case,Thermaltake,"Thermaltake Core P1",CA-1H9-00T1WN-00,high
case,Thermaltake,"Thermaltake The Tower 200",CA-1X9-00S6WN-00,high
case,Corsair,"Corsair 480T RGB",CC-9011272-WW,high
case,Cooler Master,"Cooler Master CM 690 II",RC692AKKN5,high
case,EVGA,"EVGA Hadron",110MA1001K1,high
case,Thermaltake,"Thermaltake Versa N21",CA-1D9-00M6WN-00,high
case,Cooler Master,"Cooler Master MasterBox 5",MCX-B5S1-KWNN-11,high
case,NZXT,"NZXT H700i",CA-H700W-WB,high
case,Antec,"Antec NX292",NX292,low
case,Lian Li,"Lian Li Lancool 170M",G99OE762X10,high
case,Antec,"Antec AX20 Elite",0-761345-10066-3,high
case,SilverStone,"Silverstone FARA H1M",SST-FAH1MW-G,high
case,SilverStone,"Silverstone SETA A2",SST-SEA2Y-BG,high
case,Thermaltake,"Thermaltake CTE E600",CA-1Y3-00M1WN-00,high
case,Thermaltake,"Thermaltake View 390 Air",CA-11F-00M6WN-00,high
case,Fractal Design,"Fractal Design Meshify 2 RGB",FD-C-MES2A-06,high
case,Cooler Master,"Cooler Master MasterBox Lite 5 RGB",MCW-L5S3-KGNN-02,high
case,Corsair,"Corsair Carbide Series Air 540",CC9011048WW,high
case,Cooler Master,"Cooler Master MasterBox MB520 RGB",MCB-B520-KGNN-RGB,high
case,Antec,"Antec CX800 RGB ELITE",0-761345-10058-8,high
case,Cooler Master,"Cooler Master MasterBox MB400L with ODD",MCB-B400L-KN5N-S00,high
case,Cooler Master,"Cooler Master MasterFrame 500 Mesh ARGB",MF500M-SHNN-S01,high
case,Thermaltake,"Thermaltake The Tower 600",CA-1Z1-00MMWN-00,high
case,Antec,"Antec Performance 1 FT",PERFORMANCE-1-FT-W,high
case,Antec,"Antec CX500M RGB",0-761345-10110-3,high
case,Fractal Design,"Fractal Design Focus G",FD-CA-FOCUS-BU-W,high
case,Thermaltake,"Thermaltake View 51 ARGB Edition",CA-1Q6-00M1WN-00,high
case,Fractal Design,"Fractal Design Meshify 2",FD-C-MES2A-05,high
case,Fractal Design,"Fractal Design Pop Air",FD-C-POA1A-03,high
case,Phanteks,"Phanteks Eclipse P500A D-RGB",PH-EC500ATG_DWT01,high
case,Cooler Master,"Cooler Master MasterBox K501L",MCB-K501L-KANN-S00,high
case,Fractal Design,"Fractal Design Torrent Compact",FD-C-TOR1C-01,high
case,Antec,"Antec Three Hundred",THREEHUNDRED,high
case,Lian Li,"Lian Li O11D-PCMR",O11D-PCMR,low
case,SilverStone,"Silverstone FARA R1 PRO",SST-FAR1B-PRO,high
case,Thermaltake,"Thermaltake View 290 TG ARGB",CA-11G-00M6WN-00,high
case,Cooler Master,"Cooler Master Elite 690 Wood",E690-WHNN-S00,high
case,G.SKILL,"G.Skill Z5i",GCMKGW1Z5I,high
case,NZXT,"NZXT H210i",CA-H210I-B1,high
case,Thermaltake,"Thermaltake Core P8 TG",CA-1Q2-00M1WN-00,high
case,Thermaltake,"Thermaltake The Tower 300",CA-1Y4-00SIWN-00,high
case,Thermaltake,"Thermaltake Divider 170 TG ARGB",CA-1S4-00S1WN-00,high
case,Phanteks,"Phanteks Eclipse P600S",PH-EC600PSTG_DMW01,high
case,NZXT,"NZXT H7 Elite  (1)",CM-H71EB-01,high
case,Thermaltake,"Thermaltake The Tower 500",CA-1X1-00M1WN-00,high
case,Corsair,"Corsair iCUE 4000D RGB Airflow QL Edition",CC-9011232-WW,high
case,Fractal Design,"Fractal Design Arc Mini R2",FDCAARCMINIR2BLW,high
case,NZXT,"NZXT H440",CAH442WM8,high
case,Corsair,"Corsair Crystal 460X RGB",CC-9011129-WW,high
case,Corsair,"Corsair Carbide Series Air 740",CC-9011096-WW,high
case,NZXT,"NZXT H200",CA-H200B-W1,high
case,Lian Li,"Lian Li LANCOOL 205",G99OE743W10,high
case,Thermaltake,"Thermaltake S300 Tempered Glass Snow Edition",CA-1P5-00M6WN-00,high
case,Fractal Design,"Fractal Design Ridge PCIe 3.0",FD-C-RID1N-02,high
case,Lian Li,"Lian Li LANCOOL 216 RGB w/Controller",LANCOOL-216RC-W,high
case,Thermaltake,"Thermaltake View 270 Plus WS TG ARGB",CA-1Y7-00M1WN-WS,high
case,Antec,"Antec C8 ARGB",0-761345-10028-1,high
case,Fractal Design,"Fractal Design Meshify 2 Compact RGB",FD-C-MES2C-08,high
case,Cooler Master,"Cooler Master MasterCase H500 ARGB",MCM-H500-IGNN-S01,high
case,Antec,"Antec ISK 110 VESA U3",W90-W-POWER-SUPPLY-ISK110-VESA-U3,high
case,Cooler Master,"Cooler Master MasterBox MB600L V2",W500-W-POWER-SUPPLY-MB600L2-KNNN50-S00,high
case,Fractal Design,"Fractal Design Core 2300",FDCACORE2300BL,high
case,Corsair,"Corsair 5000D CORE AIRFLOW",CC-9011262-WW,high
case,Fractal Design,"Fractal Design Node 202",W450-W-POWER-SUPPLY-FD-MCA-NODE-202-AB-US,high
case,Thermaltake,"Thermaltake Versa N24",CA-1G1-00M1WN-00,high
case,Fractal Design,"Fractal Design Define Mini C TG",FD-CA-DEF-MINI-C-BK-TG,high
case,Fractal Design,"Fractal Design Pop Mini Silent",FD-C-POS1M-02,high
case,Lian Li,"Lian Li PC-D8000",PCD8000,high
case,Cooler Master,"Cooler Master Storm Scout 2",SGC2100KWN1,high
case,EVGA,"EVGA Hadron Hydro",110MW1002K1,high
case,Corsair,"Corsair Graphite Series 760T",CC9011074WW,high
case,NZXT,"NZXT Noctis 450",CAN450WM1,high
case,Phanteks,"Phanteks Enthoo Pro M",PH-ES515PA_BK,high
case,Phanteks,"Phanteks Evolv Shift Air",PH-ES217A_BK,high
case,Phanteks,"Phanteks Eclipse P300",PH-EC300PTG_WT,high
case,Cooler Master,"Cooler Master MasterBox TD500",MCB-D500D-KANN-S00,high
case,Thermaltake,"Thermaltake H200 TG Snow RGB",CA-1M3-00M6WN-00,high
case,Cooler Master,"Cooler Master MasterBox NR200P",MCB-NR200P-OCNN-S00,high
case,Phanteks,"Phanteks Eclipse P200A DRGB",PH-EC200ATG_DBK01,high
case,Antec,"Antec CX300M RGB",0-761345-10098-4,high
case,SilverStone,"Silverstone Precision PS15 RGB",SST-PS15B-RGB,high
case,Thermaltake,"Thermaltake View 600",CA-11H-00FMWN-00,high
case,Thermaltake,"Thermaltake View 380 XL WS ARGB",CA-11E-00M6WN-WS,high
case,Fractal Design,"Fractal Design Torrent Compact",FD-C-TOR1C-03,high
case,SilverStone,"Silverstone KL07B-E",SST-KL07B-E,high
case,Thermaltake,"Thermaltake Ceres 350 MX",CA-1Z3-00MEWN-00,high
case,Thermaltake,"Thermaltake View 270",CA-1Y7-00M1WN-00,high
case,Thermaltake,"Thermaltake CTE E660 MX",CA-1Y3-00MFWN-01,high
case,Thermaltake,"Thermaltake Versa H22",W500W-POWER-SUPPLY-CA-3B3-50M1NA-00,high
case,Corsair,"Corsair Obsidian Series 350D Window",CC9011029WW,high
case,SilverStone,"Silverstone ML07B",ML07B,low
case,Fractal Design,"Fractal Design Meshify S2",FD-CA-MESH-S2-BKO-TGD,high
case,Corsair,"Corsair 480T",CC-9011271-WW,high
case,Corsair,"Corsair Obsidian Series 800D",CC800DW,high
case,Cooler Master,"Cooler Master HAF 922",RC922MKKN1GP,high
case,NZXT,"NZXT H440",CAH442WW1,high
case,Corsair,"Corsair Carbide Series Air 240",CC9011069WW,high
case,EVGA,"EVGA DG-86",100-E1-1236-K0,high
case,Cooler Master,"Cooler Master MasterCase H500P",MCM-H500P-MGNN-S00,high
case,Cooler Master,"Cooler Master Trooper SE",SGC-5000-KWN2,high
case,Corsair,"Corsair Crystal Series 280X",CC-9011136-WW,high
case,Phanteks,"Phanteks Eclipse P600S",PH-EC600PSTG_WT01,high
case,Phanteks,"Phanteks Eclipse P400S",PH-EC416PSTG_BK,high
case,Antec,"Antec NX310",NX310,low
case,Cooler Master,"Cooler Master CMP 510",CP510-KGNN-S00,high
case,SilverStone,"Silverstone FARA 514X",SST-FA514X-WG,high
case,SilverStone,"Silverstone GD10B",SST-GD10B,high
case,Lian Li,"Lian Li ODYSSEY X",TR-01X,high
case,NZXT,"NZXT H5 Flow Starfield",CC-H51FW-SF-FS,high
case,Corsair,"Corsair Crystal 570X RGB",CC-9011111-WW,high
case,Phanteks,"Phanteks Eclipse P200A Performance",PH-EC200AC_BK01,high
case,Phanteks,"Phanteks EVOLV SHIFT XT",PH-ES121XT_DGS01,high
case,Cooler Master,"Cooler Master HAF X",RC942KKN3,high
case,Cooler Master,"Cooler Master Cosmos II",RC-1200-KKN2,high
case,Cooler Master,"Cooler Master Elite 120 Advanced",RC120AKKN1,high
case,NZXT,"NZXT Phantom 240",CAPH240W1,high
case,Lian Li,"Lian Li PC-O7S",PCO7S,high
case,Thermaltake,"Thermaltake Versa H26",CA-1J5-00M1WN-00,high
case,Corsair,"Corsair Carbide Series 275Q",CC-9011164-WW,high
case,SilverStone,"Silverstone FARA R1",SST-FAR1B-G,high
case,Phanteks,"Phanteks Eclipse P360A",PH-EC360ATG_DWT,high
case,NZXT,"NZXT H7 Flow RGB  (7)",CM-H71FW-R1,high
case,Corsair,"Corsair 6500X",CC-9011283-WW,high
case,Thermaltake,"Thermaltake Ceres 330 ARGB",CA-1Y2-00M1WN-01,high
case,Cooler Master,"Cooler Master Elite 302 Lite",E302L-KGNN-S00,high
case,Corsair,"Corsair FRAME 4000X RS",CC-9011303-WW,high
case,Thermaltake,"Thermaltake CTE C700 TG ARGB",CA-1X7-00F1WN-01,high
case,SilverStone,"Silverstone PM02-G",SST-PM02B-G,high
case,Cooler Master,"Cooler Master MasterFrame 360 Panorama",MF360-KINN-S00,high
case,Lian Li,"Lian Li ODYSSEY X",TR-01A,high
case,Hyte,"HYTE Y60 Ouro Kronii",CS-HYTE-Y60-KRONII,high
case,Fractal Design,"Fractal Design Define 7 Compact",FD-C-DEF7C-02,high
case,Cooler Master,"Cooler Master MasterBox NR200P",MCB-NR200P-ACNN-S00,high
case,Fractal Design,"Fractal Design Torrent Compact RGB",FD-C-TOR1C-05,high
case,Thermaltake,"Thermaltake V3 Black Edition",VL80001W2Z,high
case,Fractal Design,"Fractal Design Arc Midi",FDCAARCBL,high
case,NZXT,"NZXT Phantom 410",CAPH410R1,high
case,Corsair,"Corsair Carbide Series SPEC-03",CC9011052WW,high
case,Phanteks,"Phanteks Enthoo Pro",PH-ES614P_BK02,high
case,Phanteks,"Phanteks Enthoo EVOLV ATX TG",PHES515ETGGS,high
case,Thermaltake,"Thermaltake Core X71",CA-1F8-00M1WN-02,high
case,Lian Li,"Lian Li PC-O11 Air",PC-O11AIR,high
case,Antec,"Antec TORQUE",TORQUE-WHITE,high
case,Antec,"Antec P120 Crystal",P120-CRYSTAL,low
case,Corsair,"Corsair 5000D",CC-9011208-WW,high
case,Hyte,"HYTE Y70 Silver Wolf",CS-HYTE-SW-Y70-EB,high
case,SilverStone,"Silverstone TJ04B-E",SSTTJ04BE,high
case,SilverStone,"Silverstone FARA 313",SST-FA313-B,high
case,Thermaltake,"Thermaltake Versa H24",CA1C100M1NN00,high
case,Thermaltake,"Thermaltake CTE T500 Air",CA-1X8-00F1WN-00,high
case,Antec,"Antec NX200M",NX200M-WHITE,high
case,Corsair,"Corsair Carbide Series 500R",500RWT,high
case,Corsair,"Corsair Carbide Series 275R",CC-9011130-WW,high
case,Fractal Design,"Fractal Design Meshify 2 Lite",FD-C-MEL2A-03,high
case,Cooler Master,"Cooler Master HAF X",RC942KKAA00,high
case,Cooler Master,"Cooler Master Storm Scout",SGC2000KKN1GP,high
case,Corsair,"Corsair Obsidian Series 650D",CC650DW,high
case,Cooler Master,"Cooler Master Storm Enforcer",SGC1000KWN1,high
case,Corsair,"Corsair Graphite Series 600T Mesh",CC600TM,high
case,NZXT,"NZXT Phantom 410",CAPH410B1,high
case,Fractal Design,"Fractal Design Define R4 Blackout",FDCADEFR4BLO,high
case,Corsair,"Corsair Obsidian Series 350D",CC9011028WW,high
case,Phanteks,"Phanteks Enthoo Series Primo Aluminum",PHES813PBL,high
case,Corsair,"Corsair Graphite Series 760T",760TWHITE,high
case,Corsair,"Corsair Graphite Series 380T",CC9011061WW,high
case,NZXT,"NZXT S340",CA-S340W-W3,high
case,Corsair,"Corsair Carbide Series 400C",CC-9011095-CN,high
case,Antec,"Antec VSP-5000",VSP5000,high
case,Lian Li,"Lian Li PC-Q20",PC-Q20B,high
case,NZXT,"NZXT H400i",CA-H400W-WB,high
case,Cooler Master,"Cooler Master MB600L",MCB-B600L-KANN-S00,high
case,Corsair,"Corsair Carbide Series 275R",CC-9011131-WW,high
case,Corsair,"Corsair Carbide Series SPEC-06",CC-9011145-WW,high
case,Lian Li,"Lian Li LANCOOL ONE Digital",LANCOOL-ONE-DIGITAL-GOLD,high
case,Fractal Design,"Fractal Design Meshify S2",FD-CA-MESH-S2-WT-TGC,high
case,Phanteks,"Phanteks ECLIPSE P500A",PH-EC500ATG_DMW01,high
case,SilverStone,"Silverstone Lucid LD03",SST-LD03B,high
case,Thermaltake,"Thermaltake The Tower 500",CA-1X1-00M6WN-00,high
case,Antec,"Antec P6 NEO ARGB",P6-NEO-ARGB,low
case,Thermaltake,"Thermaltake Ceres 500",CA-1X5-00M1WN-00,high
case,Thermaltake,"Thermaltake Core P6",CA-1V2-00M1WN-00,high
case,Corsair,"Corsair Carbide Series 270R",CC-9011106-WW,high
case,Cooler Master,"Cooler Master Cosmos C700P Black Edition",MCC-C700P-KG5N-S00,high
case,NZXT,"NZXT H700",CA-H700B-W1,high
case,Fractal Design,"Fractal Design Focus 2",FD-C-FOC2A-02,high
case,Corsair,"Corsair Graphite Series 600T",CC600TWMWHT,high
case,Fractal Design,"Fractal Design Arc Midi R2",FDCAARCR2BLW,high
case,NZXT,"NZXT H440",CAH440WM4,high
case,Fractal Design,"Fractal Design Define S",FDCADEFSBKW,high
case,NZXT,"NZXT H700i",CA-H700W-BB,high
case,Phanteks,"Phanteks Eclipse P400S",PHEC416PSWWT,high
case,Cooler Master,"Cooler Master MasterBox NR600P",MCB-NR600P-KNNN-S00,high
case,Corsair,"Corsair 4000D Airflow Teak",CC-9900020-WW,high
case,Fractal Design,"Fractal Design Meshify 2",FD-C-MES2A-02,high
case,Hyte,"HYTE Y60 Hakos Baelz",CS-HYTE-Y60-HB,high
case,Lian Li,"Lian Li A4-H20 A3",A4-H20-A3,low
case,Corsair,"Corsair 6500X",CC-9011285-WW,high
case,SilverStone,"Silverstone SG12B-V2",SST-SG12B-V2,high
case,Antec,"Antec P10C",0-761345-80102-7,high
case,Phanteks,"Phanteks Enthoo EVOLV SHIFT X",PH-ES217XE_BK,high
case,Thermaltake,"Thermaltake The Tower 300",CA-1Y4-00SKWN-00,high
case,Corsair,"Corsair 2500X Satin",CC-9011289-WW,high
case,Cooler Master,"Cooler Master MasterCase H100",MCM-H100-KANN-S00,high
case,Antec,"Antec NSK1380",NSK1380,low
case,SilverStone,"Silverstone CS380",SST-CS380B,high
case,Thermaltake,"Thermaltake CTE C750 Air ARGB",CA-1X6-00F1WN-00,high
case,Thermaltake,"Thermaltake CTE E550",CA-1Z8-00MEWN-00,high
case,Cooler Master,"Cooler Master MasterFrame 500 Mesh",MF500M-SHNN-S00,high
case,SilverStone,"Silverstone FARA 512Z",SST-FA512Z-BG,high
case,Antec,"Antec NX416L",0-761345-10016-8,high
case,Thermaltake,"Thermaltake Ceres 350 MX",CA-1Z3-00MAWN-00,high
case,SilverStone,"Silverstone FARA 312Z",SST-FA312Z-BG,high
case,SilverStone,"Silverstone FARA 312X",SST-FA312X-BG,high
case,Thermaltake,"Thermaltake Versa J25 RGB",CA-1L8-00M1WN-01,high
case,Fractal Design,"Fractal Design Define R6 USB-C",FD-CA-DEF-R6C-BK-TGL,high
case,Fractal Design,"Fractal Design Define 7",FD-C-DEF7A-09,high
case,Cooler Master,"Cooler Master MasterBox K501L RGB",MCB-K501L-KGNN-SR1,high
case,Thermaltake,"Thermaltake Core P6",CA-1V2-00M6WN-00,high
case,Thermaltake,"Thermaltake Ceres 300 TG ARGB",CA-1Y2-00M1WN-00,high
case,Antec,"Antec NX500M",0-761345-81056-2,high
case,Antec,"Antec Performance 1 SILENT",PERFORMANCE-1-SILENT,low
case,Cooler Master,"Cooler Master Cosmos",RC1000KSN1GP,high
case,Cooler Master,"Cooler Master HAF 932 Advanced",RC932KKN5GP,high
case,NZXT,"NZXT Source 210 Elite",S210E001,high
case,Cooler Master,"Cooler Master HAF 912 Plus",RC912PKKN1,high
case,Fractal Design,"Fractal Design Define R3",FDCADEFR3USB3BL,high
case,Cooler Master,"Cooler Master Elite 431 Plus",RC431PKWN2,high
case,NZXT,"NZXT Phantom",PHAN002GR,high
case,Cooler Master,"Cooler Master CM Storm Scout 2 Advanced",SGC2100KWN3BOM,high
case,Thermaltake,"Thermaltake View 31 TG",CA-1H8-00M1WN-01,high
case,Phanteks,"Phanteks Enthoo Elite",PH-ES916E_AG,high
case,Thermaltake,"Thermaltake View 71 TG RGB Plus",CA-1I7-00F1WN-02,high
case,Cooler Master,"Cooler Master Cosmos C700P",MCC-C700P-MG5N-S00,high
case,EVGA,"EVGA DG-76",160-B0-2230-KR,high
case,Cooler Master,"Cooler Master MasterBox MB500",MCB-B500D-KGNN-S00,high
case,Thermaltake,"Thermaltake V100",CA-3K7-45M1NU-02,high
case,Cooler Master,"Cooler Master MasterBox NR600 (w/ODD)",MCB-NR600-KG5N-S00,high
case,Cooler Master,"Cooler Master MasterCase H500P Mesh ARGB",MCM-H500P-MGNN-S11,high
case,Cooler Master,"Cooler Master MasterBox MB510L",MCB-B510L-KANN-S00,high
case,Phanteks,"Phanteks Enthoo 719",PH-ES719LTG_AG,high
case,NZXT,"NZXT H710",CA-H710B-BR,high
case,Cooler Master,"Cooler Master MasterBox TD500 Mesh w/o Controller",MCB-D500D-KGNN-S00,high
case,Fractal Design,"Fractal Design Define 7 Mini",FD-C-DEF7M-02,high
case,Thermaltake,"Thermaltake AX500",CA-11D-00F6WN-00,high
case,SilverStone,"Silverstone FARA H1M PRO",SST-FAH1MW-PRO,high
case,Corsair,"Corsair Carbide Series SPEC-ALPHA",CC9011083WW,high
case,Fractal Design,"Fractal Design Pop XL Silent",FD-C-POS1X-02,high
case,Fractal Design,"Fractal Design Pop Air",FD-C-POR1A-04,high
case,Cooler Master,"Cooler Master HAF X nVidia Edition",NV942KKN1,high
case,Cooler Master,"Cooler Master Elite 344",RC344SKR350N2,high
case,Corsair,"Corsair Carbide Series Air 540",CC9011030WW,high
case,Corsair,"Corsair Carbide Series 200R",CC9011041WW,high
case,Phanteks,"Phanteks Enthoo EVOLV ATX TG",PHES515ETGAG,high
case,Thermaltake,"Thermaltake Versa H15",CA1D400S1WN00,high
case,Corsair,"Corsair Carbide Series 600C",CC9011079WW,high
case,Corsair,"Corsair Carbide Series SPEC-ALPHA",CC9011085WW,high
case,Cooler Master,"Cooler Master MasterCase Maker 5",MCZ-005M-KWN00,high
case,Thermaltake,"Thermaltake View 27",CA-1G7-00M1WN-00,high
case,Fractal Design,"Fractal Design Define C",FD-CA-DEF-C-BK-W,high
case,Antec,"Antec Sonata II",W450W-POWER-SUPPLY-SONATA-II,high
case,Phanteks,"Phanteks Eclipse P300",PH-EC300PTG_BR,high
case,NZXT,"NZXT H400i",CA-H400W-BB,high
case,NZXT,"NZXT H200i",CA-H200W-WB,high
case,NZXT,"NZXT H500",CA-H500B-BR,high
case,Cooler Master,"Cooler Master MasterBox MB511 RGB",MCB-B511D-KGNN-RGB,high
case,Antec,"Antec NX400",NX400,low
case,Cooler Master,"Cooler Master MasterBox TD500 Mesh White w/o Controller",MCB-D500D-WGNN-S00,high
case,Thermaltake,"Thermaltake Level 20 HT Snow Edition",CA-1P6-00F6WN-00,high
case,Fractal Design,"Fractal Design Era ITX",FD-CA-ERA-ITX-GY,high
case,Fractal Design,"Fractal Design Meshify 2 Compact TG Light Tint",FD-C-MES2C-04,high
case,Cooler Master,"Cooler Master MasterFrame 700",MCF-MF700-KGNN-S00,high
case,Cooler Master,"Cooler Master HAF 700",H700-WGNN-S00,high
case,Antec,"Antec CX800 RGB ELITE",0-761345-10059-5,high
case,Cooler Master,"Cooler Master MasterBox MB600L V2",MB600L2-KNNN-S00,high
case,SilverStone,"Silverstone CS381B",SST-CS381B,high
case,Thermaltake,"Thermaltake CTE E550",CA-1Z8-00M1WN-00,high
case,Thermaltake,"Thermaltake CTE E550",CA-1Z8-00M6WN-00,high
case,Fractal Design,"Fractal Design Define Mini C",FD-CA-DEF-MINI-C-BK-W,high
case,SilverStone,"Silverstone SUGO 17",SST-SG17W,high
case,Cooler Master,"Cooler Master Silencio S400",MCS-S400-KG5N-S00,high
case,Thermaltake,"Thermaltake Divider 370 TG ARGB",CA-1S4-00M1WN-00,high
case,Thermaltake,"Thermaltake Versa H17",CA-1J1-00S1WN-00,high
case,Fractal Design,"Fractal Design Meshify 2 Compact Lite",FD-C-MEL2C-03,high
case,Corsair,"Corsair Crystal Series 280X",CC-9011134-WW,high
case,Thermaltake,"Thermaltake Core P5 V2",CA-1E7-00M1WN-05,high
case,Antec,"Antec ISK-100",ISK100,high
case,Corsair,"Corsair Obsidian Series 700D",CC700D,high
case,Fractal Design,"Fractal Design Array R2",ARRAYR2,high
case,Antec,"Antec P280",P280,low
case,Corsair,"Corsair Carbide Series 300R Windowed",300RWINDOWED,high
case,Lian Li,"Lian Li PC-Q02",PCQ02B,high
case,Thermaltake,"Thermaltake Core V71",CA1B600F1WN00,high
case,Thermaltake,"Thermaltake Core X9 Snow Edition",CA1D800F6WN00,high
case,NZXT,"NZXT Manta",CAMANTWW1,high
case,Phanteks,"Phanteks Eclipse P400",PH-EC416PTG_WT,high
case,Cooler Master,"Cooler Master MasterBox 5",MCX-B5S2-WWNN-01,high
case,Phanteks,"Phanteks Enthoo EVOLV SHIFT",PH-ES217E_AG,high
case,NZXT,"NZXT H700i",CA-H700W-BR,high
case,Cooler Master,"Cooler Master Stryker SE",SGC-5000W-KWN2,high
case,Fractal Design,"Fractal Design Define S2 Vision Blackout",FD-CA-DEF-S2V-BKO-TGD,high
case,NZXT,"NZXT H500i",CA-H500W-BR,high
case,Fractal Design,"Fractal Design Era ITX",FD-CA-ERA-ITX-BU,high
case,Fractal Design,"Fractal Design Era ITX",FD-CA-ERA-ITX-SI,high
case,Lian Li,"Lian Li LANCOOL 205M",LANCOOL-205M-WHITE,high
case,Antec,"Antec Dark Phantom DP502 Flux",DP502-FLUX,low
case,Antec,"Antec NX320",NX320,low
case,Cooler Master,"Cooler Master CMP 320",CP320-KGNN-S00,high
case,Antec,"Antec NX416L",0-761345-10002-1,high
case,Seasonic,"SeaSonic ARCH Q5",W650-W-POWER-SUPPLY-ARCH-Q503-CONNECT-650-SSR-650FA,high
case,Thermaltake,"Thermaltake CTE E600",CA-1Y3-00M6WN-00,high
case,SilverStone,"Silverstone ML04 Type-C",SST-ML04B-C,high
case,Thermaltake,"Thermaltake TR300 WS",CA-11M-00M6WN-WS,high
case,Cooler Master,"Cooler Master MasterBox 500",MB500-KGNN-S00,high
case,SilverStone,"Silverstone SETA A2",SST-SEA2Y-GWG,high
case,SilverStone,"Silverstone SG02B-F-USB3.0",SSTSG02BFUSB30,high
case,Thermaltake,"Thermaltake CTE C700 TG ARGB",CA-1X7-00F6WN-01,high
case,Corsair,"Corsair Carbide 600Q",CC9011080WW,high
case,SilverStone,"Silverstone RVZ03B-ARGB",RVZ03B-ARGB,low
case,Thermaltake,"Thermaltake View 21 Tempered Glass Edition",CA-1I3-00M1WN-00,high
case,Thermaltake,"Thermaltake Core P90",CA-1J8-00M1WN-00,high
case,Thermaltake,"Thermaltake Divider 500 TG ARGB",CA-1T4-00M1WN-01,high
case,Thermaltake,"Thermaltake CTE T500",CA-1X8-00F6WN-01,high
case,Antec,"Antec Skeleton",SKELETON,low
case,Cooler Master,"Cooler Master Centurion 5",CACT05UW,high
case,Antec,"Antec Twelve Hundred V3",TWELVEHUNDREDV3,high
case,Lian Li,"Lian Li PC-Q09F",PCQ09FB,high
case,NZXT,"NZXT H2",H2001WT,high
case,Fractal Design,"Fractal Design Define Mini",FDCADEFMINIBL,high
case,Cooler Master,"Cooler Master Elite 335 Upgraded",RC335UKKN1,high
case,Lian Li,"Lian Li PC-Q25B",PCQ25B,high
case,Antec,"Antec P183 V3 + 850",P183V3850,high
case,NZXT,"NZXT H440",CAH440WRA,high
case,Antec,"Antec P100",P100,low
case,Fractal Design,"Fractal Design Define R5 Blackout Edition",FDCADEFR5BKOW,high
case,Corsair,"Corsair Carbide Series 88R",CC9011086WW,high
case,Thermaltake,"Thermaltake Core W100",CA1F200F1WN00,high
case,Cooler Master,"Cooler Master MasterCase Pro 3",MCY-C3P1-KWNN,high
case,Phanteks,"Phanteks Enthoo EVOLV SHIFT",PH-ES217E_BK,high
case,EVGA,"EVGA DG-77",170-B0-3540-KR,high
case,Corsair,"Corsair Carbide Series SPEC OMEGA",CC-9011119-WW,high
case,Thermaltake,"Thermaltake View 37",CA-1J7-00M1WN-04,high
case,Phanteks,"Phanteks Eclipse P400S",PH-EC416PSTG_BR,high
case,Corsair,"Corsair Carbide Series Quiet 400Q",CC-9011082-WW,high
case,Cooler Master,"Cooler Master MasterCase H100 ARGB",MCM-H100-KANN-S01,high
case,Cooler Master,"Cooler Master Silencio S400 Sakura Limited Edition",MCS-S400-WG5N-S00,high
case,Corsair,"Corsair 110Q",CC-9011184-WW,high
case,Thermaltake,"Thermaltake Level 20 HT",CA-1P6-00F1WN-00,high
case,Antec,"Antec Dark League DF800 FLUX",DF800-FLUX,low
case,Cooler Master,"Cooler Master Cosmos Infinity 30th Anniversary",MCC-C700M-KHNN-S30,high
case,SilverStone,"Silverstone ML06B-E",ML06B-E,low
case,Thermaltake,"Thermaltake V250 TG ARGB Air",CA-1Q5-00M1WN-03,high
case,Thermaltake,"Thermaltake Divider 500 TG ARGB Air Snow",CA-1T4-00M6WN-02,high
case,Cooler Master,"Cooler Master Elite 502 Lite",E502L-KGNN-S00,high
case,Thermaltake,"Thermaltake V100",W500-W-POWER-SUPPLY-CA-3K7-50M1NA-00,high
case,Thermaltake,"Thermaltake AH T200 Snow",CA-1R4-00S6WN-00,high
case,Thermaltake,"Thermaltake The Tower 200 Bumblebee",CA-1X9-00S4WN-00,high
case,Fractal Design,"Fractal Design Define R5",FDCADEFR5WT,high
case,Thermaltake,"Thermaltake A500",CA-1L3-00M9WN-00,high
case,Corsair,"Corsair Carbide Series 678C",CC-9011167-WW,high
case,Corsair,"Corsair 5000D CORE AIRFLOW",CC-9011261-WW,high
case,Antec,"Antec Fusion Remote",FUSIONREMOTEBLACK,high
case,Corsair,"Corsair Obsidian Series 550D",550D,low
case,Lian Li,"Lian Li PC-Q03",PCQ03B,high
case,Cooler Master,"Cooler Master N200",NSE200AKKR500,high
case,NZXT,"NZXT Source 530",CASO530M1,high
case,NZXT,"NZXT Phantom 530",CAPH530R1,high
case,Corsair,"Corsair Graphite Series 230T",CC9011038WW,high
case,Cooler Master,"Cooler Master Cosmos SE",COS5000KWN1,high
case,Cooler Master,"Cooler Master K380",RCK380KWN1,high
case,NZXT,"NZXT H440 Hyper Beast",CA-H442HB-M1,high
case,Cooler Master,"Cooler Master 690 III",CMS693KKN1,high
case,Corsair,"Corsair Carbide Series SPEC-03",CC9011053WW,high
case,Phanteks,"Phanteks Enthoo Luxe TG",PHES614LBK,high
case,Fractal Design,"Fractal Design Core 1300",FDCACORE1300BL,high
case,Thermaltake,"Thermaltake Versa H25",CA1C200M1WN00,high
case,SilverStone,"Silverstone LC18",LC18BV64,high
case,EVGA,"EVGA DG-86",100-E1-1014-K0,high
case,Cooler Master,"Cooler Master MB600L ODD",MCB-B600L-KA5N-S00,high
case,Phanteks,"Phanteks Eclipse P350X",PH-EC350PTG_DBW,high
case,Fractal Design,"Fractal Design Define S2",FD-CA-DEF-S2-GY-TGL,high
case,Thermaltake,"Thermaltake Core V71 TG",CA-1B6-00F1WN-04,high
case,Corsair,"Corsair iCUE 220T RGB",CC-9011191-WW,high
case,Antec,"Antec NX800",0-761345-81080-7,high
case,Thermaltake,"Thermaltake S300 Tempered Glass Edition",CA-1P5-00M1WN-00,high
case,Cooler Master,"Cooler Master MasterBox MB400L",MCB-B400L-KGNN-S00,high
case,Phanteks,"Phanteks EVOLV SHIFT 2 AIR",PH-ES217A_AG02,high
case,Thermaltake,"Thermaltake The Tower 100",CA-1R3-00SCWN-00,high
case,Antec,"Antec DP503",0-761345-810777,high
case,Thermaltake,"Thermaltake H570 TG ARGB",CA-1T9-00M1WN-01,high
case,Thermaltake,"Thermaltake Divider 170 TG Snow ARGB",CA-1S4-00S6WN-00,high
case,Fractal Design,"Fractal Design Meshify 2 Compact Lite",FD-C-MEL2C-04,high
case,Fractal Design,"Fractal Design Meshify 2 Compact Lite RGB",FD-C-MEL2C-05,high
case,Phanteks,"Phanteks ECLIPSE G500A DRGB (Fanless)",PH-EC500GA_DBK01B,high
case,Phanteks,"Phanteks Eclipse G300A (1 Fan)",PH-EC300GA_DBK01,high
case,Corsair,"Corsair iCUE 5000D RGB AIRFLOW iCUE Lighting Node PRO",CC-9900015-WW,high
case,Antec,"Antec CX300 RGB ELITE",0-761345-10096-0,high
case,SilverStone,"Silverstone PS13",SST-PS13B,high
case,Cooler Master,"Cooler Master MasterBox 520 Mesh",MB520-WGNN-S00,high
case,Thermaltake,"Thermaltake Ceres 350 MX",CA-1Z3-00MFWN-00,high
case,Fractal Design,"Fractal Design Meshify 2 Lite",FD-C-MEL2A-04,high
case,Thermaltake,"Thermaltake Divider 300 ARGB Triangular",CA-1S2-00M1WN-01,high
case,Cooler Master,"Cooler Master Masterbox 520",MB520-WGNN-S01,high
case,Fractal Design,"Fractal Design Define C TG",FD-CA-DEF-C-BK-TG,high
case,Thermaltake,"Thermaltake The Tower 200",CA-1X9-00SAWN-00,high
case,Hyte,"HYTE REVOLT 3",W700-W-POWER-SUPPLY-CS-HYTE-REVOLT3-WP,high
case,Thermaltake,"Thermaltake View 270",CA-1Y7-00MEWN-00,high
case,Thermaltake,"Thermaltake Suppressor F31 TG",CA-1E3-00M1WN-03,high
case,Corsair,"Corsair Carbide Series SPEC OMEGA",CC-9011120-WW,high
case,Thermaltake,"Thermaltake Ceres 500",CA-1X5-00M6WN-00,high
case,Antec,"Antec Minuet",MINUET350,high
case,Cooler Master,"Cooler Master Elite 310",RC310BWN1GP,high
case,Cooler Master,"Cooler Master Elite 360",RC360KKN1GP,high
case,Cooler Master,"Cooler Master CM 690",RC690KKN1GP,high
case,Cooler Master,"Cooler Master CM 690 II Nvidia Edition",NV692AKWN2,high
case,Fractal Design,"Fractal Design Define XL",FDCADEFXLUSB3BL,high
case,NZXT,"NZXT Switch 810",CASW810W1,high
case,Lian Li,"Lian Li PC-Q12",PCQ12B,high
case,Corsair,"Corsair Vengeance C70",CC9011019WW,high
case,Thermaltake,"Thermaltake Armor Revo Gene Snow Edition",VO800M6W2N,high
case,Lian Li,"Lian Li PC-TU100",PCTU100B,high
case,Corsair,"Corsair Carbide Series 330R",330R,low
case,Cooler Master,"Cooler Master HAF Stacker 935",HAF935KWN1,high
case,NZXT,"NZXT Phantom",PHAN001BK,high
case,Cooler Master,"Cooler Master Elite 241",RC241KKR400N1,high
case,Corsair,"Corsair Carbide Series SPEC-03",CC9011054WW,high
case,Lian Li,"Lian Li PC-A51",PCA51WX,high
case,Corsair,"Corsair Graphite Series 380T",CC9011060WW,high
case,Thermaltake,"Thermaltake Core V51",CA1C600M1WN00,high
case,Thermaltake,"Thermaltake Core X1",CA1D600S1WN00,high
case,Phanteks,"Phanteks Mini XL",PHES414MBK,high
case,Antec,"Antec P380",P380,low
case,Corsair,"Corsair Carbide Series SPEC-ALPHA",CC9011084WW,high
case,Thermaltake,"Thermaltake Core P3",CA-1G4-00M3WN-01,high
case,Thermaltake,"Thermaltake Core P3 Snow Edition",CA-1G4-00M6WN-02,high
case,Lian Li,"Lian Li PC-Q37",PC-Q37,low
case,Cooler Master,"Cooler Master MasterBox LITE 5 ARGB",MCW-L5S3-KGNN-05,high
case,Antec,"Antec P110 Luce",P110-LUCE,low
case,Cooler Master,"Cooler Master MasterBox MB511",MCB-B511D-KANN-S00,high
case,Corsair,"Corsair Carbide Series SPEC-06",CC-9011144-WW,high
case,Cooler Master,"Cooler Master MasterBox K500",MCB-K500D-KGNN-S00,high
case,Antec,"Antec P7 Window",P7-WINDOW-RED,high
case,Antec,"Antec Dark Fleet DF500 RGB",DF500-RGB,low
case,Antec,"Antec GX202",GX202,low
case,Antec,"Antec Dark Avenger DA601",DA601,low
case,Fractal Design,"Fractal Design Define S2 Vision RGB",FD-CA-DEF-S2V-RGB-BKO-TGD,high
case,Antec,"Antec NX500",NX500,low
case,Fractal Design,"Fractal Design Define 7 Light",FD-C-DEF7A-02,high
case,Fractal Design,"Fractal Design Define 7",FD-C-DEF7A-05,high
case,Fractal Design,"Fractal Design Define 7",FD-C-DEF7A-06,high
case,Fractal Design,"Fractal Design Define 7 Compact",FD-C-DEF7C-04,high
case,Antec,"Antec NX210",NX210,low
case,Lian Li,"Lian Li O11 Air Mini Glass",G99OE785WIPSG,high
case,SilverStone,"Silverstone SETA A1",SST-SEA1SB-G,high
case,Cooler Master,"Cooler Master MasterFrame 360 Stage Mirror",MF360-KHNN-S01,high
case,Thermaltake,"Thermaltake CTE C700 Air",CA-1X7-00F6WN-00,high
case,Cooler Master,"Cooler Master MasterBox 540",MB540-KGNN-S00,high
case,Thermaltake,"Thermaltake H550 TG ARGB",CA-1P4-00M1WN-00,high
case,SilverStone,"Silverstone GD06B",GD06B,low
case,Antec,"Antec NX260",NX260,low
case,Thermaltake,"Thermaltake CTE C750 Air ARGB",CA-1X6-00F6WN-00,high
case,Thermaltake,"Thermaltake The Tower 200",CA-1X9-00SCWN-00,high
case,Antec,"Antec NX360",0-761345-81036-4,high
case,Thermaltake,"Thermaltake Ceres 330 ARGB",CA-1Y2-00MFWN-00,high
case,Cooler Master,"Cooler Master HAF 912",RC912KKN1BOM,high
case,Cooler Master,"Cooler Master Centurion 590",RC590KKN1GP,high
case,Lian Li,"Lian Li PC-60FN",PC60FN,high
case,Lian Li,"Lian Li PC-7B PLUS II",PC7BPLUSII,high
case,SilverStone,"Silverstone GD04B",GD04B,low
case,Cooler Master,"Cooler Master Elite 371",RC371KKN1,high
case,Antec,"Antec P180",P180,low
case,NZXT,"NZXT Phantom 630",CAPH630M1,high
case,Antec,"Antec VSK-4000",VSK4000,high
case,Thermaltake,"Thermaltake Level 10 GT Battle Edition",VN10008W2N,high
case,Corsair,"Corsair Carbide Series Air 540",CC9011034WLED,high
case,Corsair,"Corsair Carbide Series SPEC-01",CC9011056WW,high
case,Fractal Design,"Fractal Design Core 3500",FDCACORE3500BL,high
case,Phanteks,"Phanteks Enthoo Luxe TG",PH-ES614LTG_BK,high
case,Cooler Master,"Cooler Master Silencio 652",SIL652KKN1,high
case,Phanteks,"Phanteks Enthoo EVOLV ITX",PHES215PBK,high
case,NZXT,"NZXT Noctis 450",CAN450WW1,high
case,Phanteks,"Phanteks Enthoo Pro M",PHES515PBK,high
case,NZXT,"NZXT Manta",CAMANTWM1,high
case,NZXT,"NZXT Manta",CAMANTWM2,high
case,NZXT,"NZXT S340 Elite",CA-S340W-B5,high
case,Antec,"Antec Cube",ANTEC-CUBE-DESIGNED-BY-RAZER,high
case,Antec,"Antec P8",P8,high
case,Fractal Design,"Fractal Design Define R6",FD-CA-DEF-R6-WT-TG,high
case,Cooler Master,"Cooler Master MasterBox Q300L Retro",MCB-Q300L-WANN-SRE,high
case,Cooler Master,"Cooler Master MasterBox MB511",MCB-B511D-KANN-S01,high
case,Corsair,"Corsair Carbide Series SPEC-06",CC-9011147-WW,high
case,Phanteks,"Phanteks Evolv X",PH-ES518XTG_DAG,high
case,Fractal Design,"Fractal Design Meshify S2",FD-CA-MESH-S2-BKO,high
case,Antec,"Antec P7 Silent",P7-SILENT,low
case,Phanteks,"Phanteks Eclipse P600S",PH-EC600PSC_BK01,high
case,Corsair,"Corsair Carbide Series 678C",CC-9011170-WW,high
case,NZXT,"NZXT H400",CA-H400B-W1,high
case,Fractal Design,"Fractal Design Define R6 USB-C Blackout",FD-CA-DEF-R6C-BKO,high
case,NZXT,"NZXT H210",CA-H210B-BR,high
case,Antec,"Antec VSK10",VSK10,low
case,Phanteks,"Phanteks Eclipse P360X",PH-EC360PTG_DBK01,high
case,Antec,"Antec P120 Crystal",P120-CRYSTAL-WHITE,high
case,Antec,"Antec Dark Phantom DP502 Flux",0-761345-80051-8,high
case,Thermaltake,"Thermaltake Core P6",CA-1V2-00MBWN-00,high
case,NZXT,"NZXT H7 Elite  (5)",CM-H71EW-01,high
case,G.SKILL,"G.Skill LT1",GC-TKGW1-LT1,high
case,SilverStone,"Silverstone FARA R1 PRO V2",SST-FAR1B-PRO-V2,high
case,Cooler Master,"Cooler Master MasterBox MB520",MCB-B520-KANN-S01,high
case,Thermaltake,"Thermaltake CTE E660 MX",CA-1Y3-00MCWN-01,high
case,SilverStone,"Silverstone DS380B",DS380B,low
case,SilverStone,"Silverstone Lucid LD03-AF",SST-LD03B-AF,high
case,Thermaltake,"Thermaltake TR300",CA-11M-00M1WN-00,high
case,SilverStone,"Silverstone GD05B-USB3.0",SSTGD05BUSB30,high
case,SilverStone,"Silverstone ALTA F1",SST-ALF1S-G,high
case,Thermaltake,"Thermaltake View 71 TG",CA-1I7-00F1WN-00,high
case,Antec,"Antec NSK3480",NSK3480,low
case,Fractal Design,"Fractal Design Torrent",FD-C-TOR1A-02,high
case,Antec,"Antec P20C ARGB",0-761345-80107-2,high
case,Thermaltake,"Thermaltake Ceres 350 MX",CA-1Z3-00M6WN-00,high
case,Cooler Master,"Cooler Master Elite 330",RC330KKR1,high
case,Cooler Master,"Cooler Master Elite 341",RC341CKKN1GP,high
case,Thermaltake,"Thermaltake Armor+ MX",VH8000BWS,high
case,Antec,"Antec Solo",SOLO,low
case,Cooler Master,"Cooler Master Elite 334 nVidia",NV-334-KWN1-GP,high
case,SilverStone,"Silverstone SG05-B",SG05B,high
case,NZXT,"NZXT Source 210",S210002,high
case,NZXT,"NZXT Source 210",CAS21W2B1,high
case,Cooler Master,"Cooler Master Silencio 550",RC550KKN1,high
case,Cooler Master,"Cooler Master Elite 342",RC342KKRJGP,high
case,SilverStone,"Silverstone PS05B-USB3.0",PS05BUSB30,high
case,NZXT,"NZXT H630",CAH630FW1,high
case,NZXT,"NZXT Phantom 530",CAPH530B1,high
case,Cooler Master,"Cooler Master HAF Stacker 915R",HAF915RKKN1,high
case,NZXT,"NZXT Phantom",PHAN001RD,high
case,NZXT,"NZXT H440",CAH440GM1,high
case,NZXT,"NZXT H440",CAH440WM2,high
case,NZXT,"NZXT H440",CA-H442W-W2,high
case,Thermaltake,"Thermaltake Commander G42",CA1B500M1WN00,high
case,Cooler Master,"Cooler Master Silencio 352",SIL352MKKN1,high
case,Thermaltake,"Thermaltake Core V51 Riing Edition",CA1C600M8WN00,high
case,Thermaltake,"Thermaltake Core V31",CA1C800M1WN00,high
case,Phanteks,"Phanteks Enthoo EVOLV ITX",PHES215PWT,high
case,NZXT,"NZXT Noctis 450",CA-RO450-G1,high
case,Phanteks,"Phanteks Enthoo Pro M TG",PH-ES515PTG_SWT,high
case,Phanteks,"Phanteks Eclipse P400",PH-EC416PTG_BW,high
case,Thermaltake,"Thermaltake Core X5 TG",CA-1E8-00M1WN-02,high
case,Cooler Master,"Cooler Master MasterBox Lite 3.1",MCW-L3B3-KANN-01,high
case,EVGA,"EVGA DG-85",100-E1-1000-K0,high
case,NZXT,"NZXT H400i",CA-H400W-BR,high
case,NZXT,"NZXT H200i",CA-H200W-BB,high
case,Cooler Master,"Cooler Master MasterBox E300L",MCB-E300L-KN5N-B02,high
case,Lian Li,"Lian Li LANCOOL ONE Digital",LANCOOL-ONE-DIGITAL,low
case,Antec,"Antec P5",CA-P5,high
case,Fractal Design,"Fractal Design Meshify S2",FD-CA-MESH-S2-BKO-TGL,high
case,NZXT,"NZXT H200",CA-H200B-B1,high
case,Cooler Master,"Cooler Master MasterCase H500P Mesh",MCM-H500P-MGNN-S10,high
case,Cooler Master,"Cooler Master MasterBox Q300P",MCB-Q300P-KANN-S02,high
case,NZXT,"NZXT Cyberpunk 2077 H710i",CA-H710I-CP,high
case,Phanteks,"Phanteks EVOLV SHIFT 2 AIR",PH-ES217A_BK02,high
case,Antec,"Antec DF700 FLUX",0-761345-80074-7,high
case,Corsair,"Corsair iCUE 5000X RGB Neon Night",CC-9050002-WW,high
case,Thermaltake,"Thermaltake AH T200",CA-1R4-00SAWN-00,high
case,Thermaltake,"Thermaltake Core P5 TG Ti",CA-1E7-00M9WN-00,high
case,Thermaltake,"Thermaltake Divider 500 TG ARGB Air",CA-1T4-00M1WN-02,high
case,Phanteks,"Phanteks ECLIPSE G500A Performance",PH-EC500GA_BBK01,high
case,Cooler Master,"Cooler Master MasterBox TD500 Mesh V2 Ryu",TD500V2-WGNN-SRY,high
case,Thermaltake,"Thermaltake CTE E660 MX",CA-1Y3-00M6WN-01,high
case,Thermaltake,"Thermaltake CTE E600",CA-1Y3-00MFWN-00,high
case,SilverStone,"Silverstone FARA 514X",SST-FA514X-BG,high
case,SilverStone,"Silverstone ALTA G1M",SST-ALG1MW,high
case,Thermaltake,"Thermaltake Divider 300 TG",CA-1S2-00M1WN-00,high
case,SilverStone,"Silverstone FARA R1 PRO V2",SST-FAR1W-PRO-V2,high
case,Phanteks,"Phanteks Enthoo EVOLV SHIFT X",PH-ES217XE_AG,high
case,SilverStone,"Silverstone SG03B-F",SG03BF,high
case,Thermaltake,"Thermaltake H570 TG ARGB",CA-1T9-00M6WN-01,high
case,SilverStone,"Silverstone ALTA F1",SST-ALF1B-G,high
case,Corsair,"Corsair 5000T",CC-9011301-WW,high
case,Phanteks,"Phanteks Enthoo EVOLV TG",PH-ES314ETG_GS,high
case,SilverStone,"Silverstone SG06BB-LITE",SG06BBLITE,high
case,Corsair,"Corsair Crystal Series 460X RGB",CC-9011099-WW,high
case,Corsair,"Corsair Crystal 570X RGB Mirror Black",CC-9011126-WW,high
case,Phanteks,"Phanteks Enthoo EVOLV TG",PH-ES314ETG_BK,high
case,Thermaltake,"Thermaltake Versa N27",CA-1H6-00M1WN-02,high
case,Thermaltake,"Thermaltake A700 TG",CA-1O2-00F9WN-00,high
case,Antec,"Antec P183",P183,low
case,Cooler Master,"Cooler Master Elite 370",RC370KKN1,high
case,Cooler Master,"Cooler Master HAF 932",RC932KKN1GP,high
case,Cooler Master,"Cooler Master Storm Sniper",SGC6000KXN1GP,high
case,NZXT,"NZXT Gamma Classic",GAMA001BK,high
case,Cooler Master,"Cooler Master ATCS 840",RC840SSN1GP,high
case,Lian Li,"Lian Li PC-Q09F",PCQ09FW,high
case,NZXT,"NZXT Guardian 921 RB",921RB001BL,high
case,Fractal Design,"Fractal Design Arc Mini",FDCAARCMINIBL,high
case,SilverStone,"Silverstone TJ08B-E",TJ08BE,high
case,Cooler Master,"Cooler Master CM 690 II",RC692KKN2,high
case,Thermaltake,"Thermaltake ARMOR REVO",VO200M1W2N,high
case,SilverStone,"Silverstone SG06B-USB3.0",SSTSG06BUSB30,high
case,Lian Li,"Lian Li PC-A76",PCA76,high
case,NZXT,"NZXT Phantom 820",CAPH820G1,high
case,NZXT,"NZXT Phantom 820",CAPH820W1,high
case,Fractal Design,"Fractal Design Core 3000 USB 3.0",FDCACORE3000USB3BL,high
case,NZXT,"NZXT Phantom 630",CAP630WW1,high
case,Cooler Master,"Cooler Master Elite 350",RC350KKR500GP,high
case,Thermaltake,"Thermaltake Chaser A31",VP300A1W2N,high
case,Thermaltake,"Thermaltake Chaser A71",VP400M1W2N,high
case,Cooler Master,"Cooler Master HAF XB EVO",RC-902XB-KWN2,high
case,Thermaltake,"Thermaltake ARMOR A30i Speedy",VM700A3W2N,high
case,Antec,"Antec NSK4100",NSK4100,low
case,Cooler Master,"Cooler Master Storm Trooper",SGC5000KKN1,high
case,NZXT,"NZXT H440",CAH442WM1,high
case,Antec,"Antec ISK600",ISK600,low
case,Antec,"Antec NSK3180",NSK3180,low
case,SilverStone,"Silverstone RVZ01B",RVZ01B,low
case,Corsair,"Corsair Graphite Series 760T",CC9011073WW,high
case,Thermaltake,"Thermaltake Versa H23",CA1B100M1WN01,high
case,Thermaltake,"Thermaltake Versa H21",CA1B200M1WN00,high
case,Thermaltake,"Thermaltake Versa H22",CA1B300M1WN00,high
case,Cooler Master,"Cooler Master HAF 912 Advanced",RC912AKWN1,high
case,Cooler Master,"Cooler Master K350",RCK350KWN2EN,high
case,Corsair,"Corsair Graphite Series 780T",CC9011064WW,high
case,Fractal Design,"Fractal Design Core 2500",FDCACORE2500BL,high
case,Fractal Design,"Fractal Design Define R5 Blackout Edition",FDCADEFR5BKO,high
case,Lian Li,"Lian Li PC-Q26",PCQ26B,high
case,Lian Li,"Lian Li PC-T80",PCT80X,high
case,Phanteks,"Phanteks Enthoo Primo",PHES813PWT,high
case,Phanteks,"Phanteks Enthoo Primo",PHES813PSRD,high
case,Phanteks,"Phanteks Enthoo Pro M TG",PH-ES515PA_TG,high
case,Phanteks,"Phanteks Eclipse P400",PHEC416PBK,high
case,Phanteks,"Phanteks Eclipse P400",PH-EC416PTG_BR,high
case,Thermaltake,"Thermaltake Core X5 Riing Edition",CA-1E8-00M8WN-00,high
case,Lian Li,"Lian Li PC-Q20",PC-Q20P,high
case,Cooler Master,"Cooler Master MasterBox Lite 3",MCW-L3S2-KW5N,high
case,Lian Li,"Lian Li PC-O11",PC-O11WX,high
case,Corsair,"Corsair Carbide Series SPEC-04",CC-9011117-WW,high
case,Lian Li,"Lian Li PC-O11ROG",PC-O11-WGX,high
case,Cooler Master,"Cooler Master MasterBox 5T",MCX-B5S3T-RWNN,high
case,EVGA,"EVGA DG-84",100-E2-1000-K0,high
case,Phanteks,"Phanteks Eclipse P300",PH-EC300PTG_BW,high
case,Lian Li,"Lian Li PC-V3000",PC-V3000WX,high
case,Corsair,"Corsair Carbide Series 275R",CC-9011132-NWG,high
case,Cooler Master,"Cooler Master MasterCase MC500Mt",MCM-M500T-RH5N-S00,high
case,Cooler Master,"Cooler Master MasterCase MC500",MCM-M500-KG5N-S00,high
case,Thermaltake,"Thermaltake View 22",CA-1J3-00M1WN-00,high
case,Cooler Master,"Cooler Master MasterBox MB500 TUF Edition",MCB-B500D-KGNN-TUF,high
case,Cooler Master,"Cooler Master Cosmos C700M",MCC-C700M-WG5N-S00,high
case,Cooler Master,"Cooler Master MasterCase SL600M",MCM-SL600M-SGNN-S00,high
case,Antec,"Antec Dark Phantom DP501",DP501,low
case,NZXT,"NZXT H700 Nuka-Cola",CA-H700B-NC,high
case,Phanteks,"Phanteks Eclipse P400S",PHEC416PSCAG,high
case,Fractal Design,"Fractal Design Define R6 USB-C",FD-CA-DEF-R6C-WT-TGC,high
case,Thermaltake,"Thermaltake V150 Tempered Glass ARGB Breeze",CA-1R1-00S1WN-02,high
case,Thermaltake,"Thermaltake The Tower 100",CA-1R3-00SDWN-00,high
case,Seasonic,"SeaSonic SYNCRO Q704",SYNCRO-Q704,low
case,Fractal Design,"Fractal Design Torrent",FD-C-TOR1A-06,high
case,Lian Li,"Lian Li Q58 (PCIe 3.0)",Q58W3,high
case,Cooler Master,"Cooler Master MasterBox MB600L V2 w/ODD",MB600L2-KG5N-S00,high
case,Antec,"Antec DF800 FLUX",0-761345-80084-6,high
case,Hyte,"HYTE Y40 Songque",CS-HYTE-SQ-Y40,high
case,Antec,"Antec Dark Phantom DP31",DP31,low
case,Antec,"Antec P7 NEO",P7-NEO,low
case,Cooler Master,"Cooler Master MasterBox MB520",MCB-B520-KANN-S00,high
case,SilverStone,"Silverstone SETA Q1",SST-SEQ1B,high
case,SilverStone,"Silverstone CS01",SSTCS01S,high
case,Antec,"Antec VSK 3000 Elite",VSK3000-ELITE,high
case,Thermaltake,"Thermaltake S250 TG ARGB",CA-1Y6-00M1WN-00,high
case,Thermaltake,"Thermaltake Versa H22",CA1B300M1NN00,high
case,Thermaltake,"Thermaltake Divider 200 TG Air Snow",CA-1V1-00S6WN-01,high
case,Thermaltake,"Thermaltake H590 TG ARGB",CA-1X4-00M6WN-00,high
case,Thermaltake,"Thermaltake Ceres 350 MX",CA-1Z3-00M4WN-00,high
case,Cooler Master,"Cooler Master Silencio 452",SIL452KKN1,high
case,SilverStone,"Silverstone SETA A1",SST-SEA1TB-G,high
case,Antec,"Antec DARK CUBE",DARK-CUBE,low
case,SilverStone,"Silverstone FARA 511Z",SST-FA511Z-BG,high
case,Phanteks,"Phanteks Evolv S2",PH-ES524S2_DWT01,high
case,Corsair,"Corsair Carbide Series 330R",CC9011076WW,high
case,Thermaltake,"Thermaltake Core P3",CA-1G4-00M3WN-03,high
case,Antec,"Antec Striker",STRIKER,low
case,Cooler Master,"Cooler Master Elite 500",E500-KNNN-S00,high
case,Antec,"Antec ISK 310-150",W150-W-POWER-SUPPLY-ISK-310-150,high
case,Antec,"Antec NSK1480",NSK1480,low
case,Corsair,"Corsair Graphite Series 600T",CC600T,high
case,Cooler Master,"Cooler Master USP 100",RCP100RKR1,high
case,Thermaltake,"Thermaltake ArmorPlus",VH6000BWS,high
case,Antec,"Antec One Hundred",ONEHUNDRED,high
case,Cooler Master,"Cooler Master ATCS 840",RC840KKN1GP,high
case,Lian Li,"Lian Li PC-T60",PCT60B,high
case,Lian Li,"Lian Li PC-V351",PCV351B,high
case,NZXT,"NZXT Apollo",APOLLOSILVERNP,high
case,SilverStone,"Silverstone GD05B",GD05B,low
case,Cooler Master,"Cooler Master Elite 371",RC371KKA400,high
case,NZXT,"NZXT Tempest 410",T410001,high
case,Thermaltake,"Thermaltake Commander MS-I ID",VN400A1W2N,high
case,Thermaltake,"Thermaltake Overseer RX-I",VN700M1W2N,high
case,Thermaltake,"Thermaltake Commander MS/I Snow Edition",VN40006W2N,high
case,NZXT,"NZXT Phantom 410",CAPH410W2,high
case,NZXT,"NZXT Phantom 410",CAPH410G1,high
case,Cooler Master,"Cooler Master CM 690 II Advanced NVIDIA Edition",NV692AKWN5,high
case,Fractal Design,"Fractal Design Define R4",FDCADEFR4WHW,high
case,Thermaltake,"Thermaltake V3 Black AMD Edition",VL800P1W2N,high
case,SilverStone,"Silverstone SG05-LITE",SG05W-LITE,high
case,Lian Li,"Lian Li PC-Q16",PCQ16B,high
case,Lian Li,"Lian Li PC-V650",PCV650B,high
case,Antec,"Antec VSK-3000",VSK3000,high
case,NZXT,"NZXT Phantom 630",CAP630WG1,high
case,Cooler Master,"Cooler Master Storm Scout 2",SGC2100WWN1,high
case,Thermaltake,"Thermaltake Chaser A31 Thunder Edition",VP200A6W2N,high
case,Thermaltake,"Thermaltake Level 10 GTS Snow Edition",VO30006W2N,high
case,SilverStone,"Silverstone SG10B",SG10B,low
case,Cooler Master,"Cooler Master N600",NSE600KKN2,high
case,Corsair,"Corsair Carbide Series 330R",CC9011024WW,high
case,Cooler Master,"Cooler Master K280",RCK280KKN1,high
case,Lian Li,"Lian Li PC-A79",PCA79B,high
case,Corsair,"Corsair Graphite Series 230T",CC9011042WW,high
case,Antec,"Antec Nineteen Hundred",NINETEENHUNDREDGREEN,high
case,Corsair,"Corsair Graphite Series 730T",730TBLACK,high
case,Corsair,"Corsair Carbide Series SPEC-03",CC9011058WW,high
case,Lian Li,"Lian Li PC-A51",PCA51A,high
case,Lian Li,"Lian Li PC-A51",PCA51B,high
case,Phanteks,"Phanteks Enthoo Luxe",PHES614LWT,high
case,Lian Li,"Lian Li PC-A61",PCA61A,high
case,Phanteks,"Phanteks Enthoo EVOLV",PHES314EWT,high
case,Fractal Design,"Fractal Design Define R5",FDCADEFR5TIW,high
case,Phanteks,"Phanteks Enthoo Primo",PHES813PSOR,high
case,Phanteks,"Phanteks Enthoo EVOLV ATX",PHES515EAG,high
case,Thermaltake,"Thermaltake Versa N21",CA1D900M1WN00,high
case,Thermaltake,"Thermaltake Core P5",CA1E700M1WN00,high
case,Phanteks,"Phanteks Eclipse P400",PHEC416PWT,high
case,Corsair,"Corsair Carbide Series SPEC-ALPHA",CC-9011093-WW,high
case,SilverStone,"Silverstone RVZ01-E",SSTRVZ01BE,high
case,Lian Li,"Lian Li PC-Q20",PC-Q20A,high
case,SilverStone,"Silverstone RL06",RL06WS-W,high
case,SilverStone,"Silverstone RVZ03",SST-RVZ03W,high
case,Thermaltake,"Thermaltake Core G21 Tempered Glass Edition",CA-1I4-00M1WN-00,high
case,Phanteks,"Phanteks Enthoo EVOLV ITX TG",PH-ES215PTG_WT,high
case,Lian Li,"Lian Li PC-A41",PC-A41B,high
case,Lian Li,"Lian Li PC-D600",PC-D600WB,high
case,NZXT,"NZXT H200i",CA-H200W-BR,high
case,Cooler Master,"Cooler Master MasterBox Pro 5",MCY-B5P2-KWGN-00,high
case,Corsair,"Corsair Carbide Series SPEC OMEGA",CC-9011121-WW,high
case,Phanteks,"Phanteks Enthoo Pro Tempered Glass",PH-ES614PTG_SWT,high
case,Cooler Master,"Cooler Master MasterCase MC500M",MCM-M500M-KG5N-S00,high
case,Lian Li,"Lian Li PC-Q39GWX",PC-Q39GWX,low
case,NZXT,"NZXT H500",CA-H500B-BL,high
case,Lian Li,"Lian Li PC-O11AIR RGB",PC-O11AIR-RGB,low
case,Lian Li,"Lian Li LANCOOL ONE",LANCOOL-ONE,low
case,Thermaltake,"Thermaltake Level 20 GT RGB Plus",CA-1K9-00F1WN-01,high
case,Thermaltake,"Thermaltake V200",CA-1K8-00M1WN-00,high
case,Phanteks,"Phanteks Eclipse P400S",PHEC416PSCWT,high
case,Phanteks,"Phanteks Eclipse P400S",PHEC416PSWBK,high
case,NZXT,"NZXT H400",CA-H400B-B1,high
case,Fractal Design,"Fractal Design Define R6 USB-C",FD-CA-DEF-R6C-WT,high
case,SilverStone,"Silverstone RL08BW-RGB",SST-RL08BW-RGB,high
case,NZXT,"NZXT CRFT 08 H510 Valhalla",CA-H510B-VL,high
case,NZXT,"NZXT H510i All Might",CA-H510I-MH-AM,high
case,Thermaltake,"Thermaltake The Tower 100",CA-1R3-00SBWN-00,high
case,Corsair,"Corsair iCUE 5000X RGB Planetary",CC-9050005-WW,high
case,Hyte,"HYTE REVOLT 3 EU",W700-W-POWER-SUPPLY-CS-HYTE-RVLT3-BP-EU,high
case,Fractal Design,"Fractal Design Pop Silent",FD-C-POS1A-04,high
case,Thermaltake,"Thermaltake View 300 MX Snow TG ARGB",CA-1P6-00M6WN-00,high
case,Thermaltake,"Thermaltake Divider 370 TG Snow ARGB",CA-1S4-00M6WN-00,high
case,Cooler Master,"Cooler Master Masterbox 520",MB520-KGNN-S01,high
case,Corsair,"Corsair iCUE 5000D RGB AIRFLOW iCUE Lighting Node PRO",CC-9900014-WW,high
case,Thermaltake,"Thermaltake The Tower 200",CA-1X9-00SBWN-00,high
case,Cooler Master,"Cooler Master MasterBox MB520",MCB-B520-KANN-S02,high
case,Thermaltake,"Thermaltake Ceres 350 MX",CA-1Z3-00MCWN-00,high
case,Antec,"Antec Performance 1 FT ARGB",0-761345-10089-2,high
case,Thermaltake,"Thermaltake TR300",CA-11M-00M6WN-00,high
case,Cooler Master,"Cooler Master Elite 502 Lite",E502L-WGNN-S00,high
case,Thermaltake,"Thermaltake DH102",VH2001BNS,high
case,Antec,"Antec NX1000",NX1000,low
case,Cooler Master,"Cooler Master Silencio S600",MCS-S600-KG5N-S00,high
case,Thermaltake,"Thermaltake Level 10 GTS Snow Edition",VO30006N2N,high
case,NZXT,"NZXT H440",CA-H442W-M9,high
case,Thermaltake,"Thermaltake Level 20 GT ARGB",CA-1K9-00F1WN-02,high
case,Phanteks,"Phanteks Evolv X",PH-E518XTG_DMW01,high
case,Thermaltake,"Thermaltake H100 TG",CA-1L4-00M1WN-02,high
case,Fractal Design,"Fractal Design Era ITX",FD-CA-ERA-ITX-CHP,high
case,Thermaltake,"Thermaltake Versa T26 TG ARGB",CA-1W1-00M1WN-01,high
case,Thermaltake,"Thermaltake The Tower 200",CA-1X9-00SEWN-00,high
case,Cooler Master,"Cooler Master CMP 520L",CP520-KGNN-S03,high
case,SilverStone,"Silverstone SETA H1",SST-SEH1B-G,high
case,Antec,"Antec Dark Fleet DF-85",DF85,high
case,Antec,"Antec Nine Hundred Two",NINEHUNDREDTWO,high
case,Antec,"Antec Sonata III",SONATAIII500,high
case,Corsair,"Corsair Graphite Series 600T",600TSILVER,high
case,Antec,"Antec VSK-2000",VSK2000,high
case,Antec,"Antec Three Hundred Illusion",THREEHUNDREDILLUSION,high
case,Cooler Master,"Cooler Master Elite 330",RC330KKN1GP,high
case,Cooler Master,"Cooler Master Elite 360",RC360KKR1,high
case,Cooler Master,"Cooler Master Centurion 534",RC534KKN2GP,high
case,Thermaltake,"Thermaltake LANBOX Lite",VF6000BNS,high
case,Thermaltake,"Thermaltake Xaser VI",VG4000SNA,high
case,Thermaltake,"Thermaltake V9 Black Edition",VJ400G1N2Z,high
case,Thermaltake,"Thermaltake Element Q",VL52021N2U,high
case,Thermaltake,"Thermaltake V4 Black Edition",VM30001W2Z,high
case,Antec,"Antec Sonata IV",SONATAIV,high
case,Cooler Master,"Cooler Master Elite 430",RC430KWN1,high
case,Thermaltake,"Thermaltake Armor A30",VM70001W2Z,high
case,Lian Li,"Lian Li PC-Q09F",PCQ09FR,high
case,Lian Li,"Lian Li PC-Q11",PCQ11B,high
case,Lian Li,"Lian Li PC-8N",PC8N,high
case,Lian Li,"Lian Li PC-T7",PCT7A,high
case,Lian Li,"Lian Li PC-V2120",PCV2120A,high
case,SilverStone,"Silverstone FT03",SSTFT03T,high
case,SilverStone,"Silverstone SG01-BF",SG01BF,high
case,Fractal Design,"Fractal Design Define XL",FDCADEFXLUSB3TI,high
case,Thermaltake,"Thermaltake Level 10 GT",VN10006W2N,high
case,Thermaltake,"Thermaltake Level 10 GT LCS",VN10031W2N,high
case,NZXT,"NZXT Source 220",CAS220WB1,high
case,SilverStone,"Silverstone SG08B",SSTSG08B,high
case,NZXT,"NZXT Switch 810",CASW810B1,high
case,NZXT,"NZXT Switch 810",CASW810G1,high
case,Cooler Master,"Cooler Master HAF XM",RC922XMKKN1,high
case,Fractal Design,"Fractal Design Define R4",FDCADEFR4TIW,high
case,SilverStone,"Silverstone TJ07B-W-USB3.0",TJ07BWUSB30,high
case,SilverStone,"Silverstone FT02B-USB3.0",SSTFT02BWUSB30,high
case,SilverStone,"Silverstone SG06BB-450-USB3.0",SG06BB450USB30,high
case,SilverStone,"Silverstone GD04B-USB3.0",GD04SUSB30,high
case,Cooler Master,"Cooler Master Elite 311",RC311BSWN1,high
case,Cooler Master,"Cooler Master Elite 311",RC311BBKR420,high
case,Cooler Master,"Cooler Master HAF XB",RC902XBKKN1,high
case,Fractal Design,"Fractal Design Define XL R2",FDCADEFXLR2TI,high
case,Cooler Master,"Cooler Master Storm Scout 2",SGC2100GWN3,high
case,Antec,"Antec GX700",GX700,low
case,NZXT,"NZXT H630",CAH630FM1,high
case,NZXT,"NZXT H230",CAH230IB1,high
case,Fractal Design,"Fractal Design Arc XL",FDCAARCXLBLW,high
case,Antec,"Antec 1100 Illusion",1100ILLUSION,high
case,Corsair,"Corsair Graphite Series 230T",CC9011040WW,high
case,Antec,"Antec GX500",GX500,low
case,NZXT,"NZXT H440",CAH440WM7,high
case,SilverStone,"Silverstone SG08B-LITE",SG08BLITE,high
case,Cooler Master,"Cooler Master 690 III",CMS693GWN1,high
case,Antec,"Antec Eleven Hundred V2",ELEVENHUNDREDV2,high
case,Lian Li,"Lian Li PC-V1000L",PCV1000LB,high
case,Thermaltake,"Thermaltake Versa H35",CA1D100M1WN00,high
case,Phanteks,"Phanteks Enthoo EVOLV",PHES314EAG,high
case,Fractal Design,"Fractal Design Define R5",FDCADEFR5WTW,high
case,Phanteks,"Phanteks Enthoo Primo",PHES813PSWT,high
case,Phanteks,"Phanteks Enthoo EVOLV ITX",PHES215PSRD,high
case,SilverStone,"Silverstone KL06B",SSTKL06B,high
case,Lian Li,"Lian Li PC-O5S",PC-05SX,high
case,Lian Li,"Lian Li PC-O5S",PC-O5SW,high
case,Thermaltake,"Thermaltake Core X2",CA1D700C1WN00,high
case,SilverStone,"Silverstone SG12B",SG12B,low
case,Antec,"Antec P70",P70,high
case,Phanteks,"Phanteks Enthoo Pro M",PHES515PTG,high
case,Lian Li,"Lian Li PC-O8X",PC-O8SWX,high
case,Cooler Master,"Cooler Master MasterCase 5",MCX0005KKN00,high
case,SilverStone,"Silverstone ML08",SSTML08B,high
case,Phanteks,"Phanteks Mini XL",PH-ES414DS_BK,high
case,Thermaltake,"Thermaltake Core P5",CA-1E7-00M8WN-00,high
case,Lian Li,"Lian Li PC-Q10",PCQ10WX,high
case,Lian Li,"Lian Li PC-Q21",PCQ21B,high
case,Corsair,"Corsair Carbide Series SPEC-ALPHA",CC-9011094-WW,high
case,Thermaltake,"Thermaltake Core X5",CA1E800M1WN00,high
case,NZXT,"NZXT S340 Elite Hyper Beast",CA-S340E-HB,high
case,Thermaltake,"Thermaltake View 27",CA-1G7-00M6WN-WT,high
case,Thermaltake,"Thermaltake Versa N26",VERSA-N26,low
case,Cooler Master,"Cooler Master MasterBox Lite 3",MCW-L3S2-KN5N,high
case,Cooler Master,"Cooler Master CM 590 III",RC-593-KWN2,high
case,SilverStone,"Silverstone RL06",RL06WS-GP,high
case,Cooler Master,"Cooler Master MasterCase Pro 6",MCY-C6P2-KW5N,high
case,Phanteks,"Phanteks Enthoo EVOLV TG",PH-ES314ETG_AG,high
case,Fractal Design,"Fractal Design Focus G",FD-CA-FOCUS-GY-W,high
case,Phanteks,"Phanteks Enthoo EVOLV ITX TG",PH-ES215PTG_SRD,high
case,Thermaltake,"Thermaltake Versa N27",CA-1H6-00M6WN-00,high
case,Xfx,"XFX Type-01 Series Bravo Edition",TY-PE1C-3000,high
case,NZXT,"NZXT H700i Ninja",CA-H700W-NJ,high
case,Cooler Master,"Cooler Master MasterBox Pro 5 ARGB",MCY-B5P2-KWGN-03,high
case,Lian Li,"Lian Li ALPHA 550W",ALPHA-550W,low
case,Lian Li,"Lian Li ALPHA 550X",ALPHA-550X,low
case,Fractal Design,"Fractal Design Define R6 Blackout",FD-CA-DEF-R6-BKO-TG,high
case,EVGA,"EVGA DG-73",130-P0-0020-KR,high
case,NZXT,"NZXT H500 Overwatch",CA-H500B-OW,high
case,Thermaltake,"Thermaltake View 32 TG",CA-1J2-00M1WN-00,high
case,Thermaltake,"Thermaltake Level 20 GT",CA-1K9-00F1WN-00,high
case,Phanteks,"Phanteks Evolv X",PH-ES518XTG_DGS,high
case,Thermaltake,"Thermaltake Versa J24 RGB",CA-1L7-00M1WN-01,high
case,Fractal Design,"Fractal Design Define S2",FD-CA-DEF-S2-WT-TGC,high
case,Fractal Design,"Fractal Design Define S2",FD-CA-DEF-S2-BK-TGL,high
case,NZXT,"NZXT H500i",CA-H500W-BL,high
case,SilverStone,"Silverstone SST-PS15B",SST-PS15B,low
case,NZXT,"NZXT H400",CA-H400B-BR,high
case,Fractal Design,"Fractal Design Define R6 USB-C Blackout",FD-CA-DEF-R6C-BKO-TGL,high
case,SilverStone,"Silverstone SG13 V2",SG13WB-Q-USA,high
case,SilverStone,"Silverstone FARA R1",SST-FAR1W-G,high
case,SilverStone,"Silverstone FARA R1",SST-FAR1B,high
case,Thermaltake,"Thermaltake Versa T25",CA-1R5-00M1WN-00,high
case,Lian Li,"Lian Li Q58 (PCIe 3.0)",Q58X3,high
case,Thermaltake,"Thermaltake AH T200",CA-1R4-00S1WN-00,high
case,Thermaltake,"Thermaltake View 300 MX",CA-1P6-00M1WN-00,high
case,Thermaltake,"Thermaltake Divider 200 TG Air",CA-1V1-00S1WN-01,high
case,Cooler Master,"Cooler Master MasterBox TD500 Mesh V2 Chun-Li",TD500V2-WGNN-SCL,high
case,Thermaltake,"Thermaltake Ceres 330 ARGB",CA-1Y2-00M6WN-01,high
case,Cooler Master,"Cooler Master Elite 302 Lite",E302L-WGNN-S00,high
case,NZXT,"NZXT H510i Rivals",CA-H510I-MH-RV,high
case,SilverStone,"Silverstone FARA R1 PRO",SST-FAR1W-PRO,high
case,Thermaltake,"Thermaltake CTE T500",CA-1X8-00F1WN-01,high
case,Cooler Master,"Cooler Master N300",NSE300KKN2,high
case,Thermaltake,"Thermaltake Versa H21",W500W-POWER-SUPPLY-CA-3B2-50M1NA-00,high
case,Thermaltake,"Thermaltake Divider 300 TG Air",CA-1S2-00M1WN-02,high
case,SilverStone,"Silverstone FARA 513",SST-FA513-B,high
case,Cooler Master,"Cooler Master 690 III",CMS693KWN1,high
case,SilverStone,"Silverstone PS13",SST-PS13B-W,high
case,Antec,"Antec P7 Window",P7-WINDOW-GREEN,high
case,Fractal Design,"Fractal Design Define 7 Compact",FD-C-DEF7C-05,high
case,Thermaltake,"Thermaltake Divider 550 TG Ultra",CA-1T7-00M1WN-00,high
case,Antec,"Antec CX600M RGB",0-761345-10118-9,high
case,Antec,"Antec Dark Fleet DF-35",DF35,high
case,Antec,"Antec Twelve Hundred",TWELVEHUNDRED,high
case,Cooler Master,"Cooler Master Centurion 5",CACT05UB,high
case,Cooler Master,"Cooler Master Elite 310",RC310SWN1GP,high
case,Cooler Master,"Cooler Master Sileo 500",RC500KKR3GP,high
case,Cooler Master,"Cooler Master Centurion 541",RC541SKRJGP,high
case,Cooler Master,"Cooler Master Gladiator 600",RC600KKN1GP,high
case,Cooler Master,"Cooler Master Storm Scout",SGC2000KKA3GP,high
case,Thermaltake,"Thermaltake WingRS 201",VJ60001N2Z,high
case,Thermaltake,"Thermaltake Element V",VL200K1W2Z,high
case,Thermaltake,"Thermaltake V3 Black Edition",VL84301W2Z,high
case,Lian Li,"Lian Li PC-Q08",PCQ08B,high
case,Lian Li,"Lian Li PC-Q09",PCQ09B,high
case,Lian Li,"Lian Li PC-Q09",PCQ09W,high
case,Lian Li,"Lian Li PC-A05N",PCA05NA,high
case,Lian Li,"Lian Li PC-A06FB",PCA06FB,high
case,Lian Li,"Lian Li PC-A77F",PCA77F,high
case,Lian Li,"Lian Li PC-V2120",PCV2120B,high
case,NZXT,"NZXT M59 - 001BK",M59001BK,high
case,NZXT,"NZXT Vulcan",VULC001BK,high
case,SilverStone,"Silverstone TJ09-B",TJ09B,high
case,SilverStone,"Silverstone LC17-B",LC17B,high
case,SilverStone,"Silverstone LC20-B",LC20B,high
case,SilverStone,"Silverstone SG05BB-450",SG05BB450,high
case,SilverStone,"Silverstone SG06BB-450",SG06BB450,high
case,Cooler Master,"Cooler Master HAF 922",RC922MKKN3GP,high
case,Lian Li,"Lian Li PC-C60",PCC60A,high
case,Lian Li,"Lian Li PC-X900",PCX900R,high
case,SilverStone,"Silverstone TJ08B-E",TJ08T-E,high
case,Lian Li,"Lian Li PC-7FN USB 3.0",PC7FNUSB30,high
case,SilverStone,"Silverstone PS07B",SSTPS07B,high
case,Antec,"Antec One",ONE,high
case,Thermaltake,"Thermaltake Commander MS-I Epic Edition",VN400A1W2NB,high
case,Lian Li,"Lian Li PC-Q15",PCQ15B,high
case,Lian Li,"Lian Li PC-Q18",PCQ18B,high
case,Lian Li,"Lian Li PC-Q02",PCQ02A,high
case,Cooler Master,"Cooler Master Elite 361",RC361KKN1,high
case,Antec,"Antec LanBoy Air",LANBOYAIRBLUE,high
case,SilverStone,"Silverstone FT02B-USB3.0",SSTFT02BUSB30,high
case,SilverStone,"Silverstone SG05B-USB3.0",SSTSG05BUSB30,high
case,SilverStone,"Silverstone FT03-MINI",SSTFT03BMINI,high
case,Thermaltake,"Thermaltake Commander MS-II",VN900A1W2N,high
case,Lian Li,"Lian Li PC-V750",PCV750A,high
case,Lian Li,"Lian Li PC-X2000FNB",PCX2000FNB,high
case,SilverStone,"Silverstone SG07B-USB3.0",SG07BUSB30,high
case,Cooler Master,"Cooler Master Elite 311",RC311BRWN1,high
case,Lian Li,"Lian Li PC-A75",PCA75,high
case,Lian Li,"Lian Li PC-7H",PC7HA,high
case,NZXT,"NZXT Phantom 630",CAPH630G1,high
case,NZXT,"NZXT Phantom 630",CAPH630W1,high
case,NZXT,"NZXT Phantom 630",CAP630WM1,high
case,Cooler Master,"Cooler Master Elite 330U",RC330UKKR350,high
case,Thermaltake,"Thermaltake Chaser A31 Thunder Edition",VP200A1W2N,high
case,Thermaltake,"Thermaltake Level 10 GTS",VO30001N2N,high
case,Thermaltake,"Thermaltake Urban S31 Window",VP700M1W2N,high
case,Thermaltake,"Thermaltake VP300A5W2N",VP300A5W2N,low
case,Lian Li,"Lian Li PC-A79",PCA79A,high
case,Thermaltake,"Thermaltake Urban 21 BOM",URBAN21BOM,high
case,Cooler Master,"Cooler Master N600 Windowed",NSE600KWN1,high
case,Corsair,"Corsair Graphite Series 230T",CC9011036WW,high
case,Antec,"Antec GX500",GX500WINDOW,high
case,NZXT,"NZXT Phantom",PHAN003RD,high
case,NZXT,"NZXT Phantom",PHAN003PK,high
case,SilverStone,"Silverstone TJ08B-EW",TJ08BEW,high
case,NZXT,"NZXT H440",CAH442WM4,high
case,NZXT,"NZXT H440 EnVyUs",CAH442WEN,high
case,SilverStone,"Silverstone PS09B",PS09B,low
case,Thermaltake,"Thermaltake Armor Series",VA8003BWS,high
case,Thermaltake,"Thermaltake Urban S1",CA1A800M1NN00,high
case,Fractal Design,"Fractal Design Core 3300",FDCACORE3300BL,high
case,Fractal Design,"Fractal Design Core 3500",FDCACORE3500BLW,high
case,Lian Li,"Lian Li PC-V359W",PCV359WX,high
case,Thermaltake,"Thermaltake Commander G41",CA1B400M1WN00,high
case,Fractal Design,"Fractal Design Core 1500",FDCACORE1500BL,high
case,Thermaltake,"Thermaltake Versa H24",CA1C100M1WN00,high
case,Thermaltake,"Thermaltake Versa H34",CA1C900M1WN00,high
case,Cooler Master,"Cooler Master Silencio 652S",SIL652KKN2,high
case,Fractal Design,"Fractal Design Define R5",FDCADEFR5TI,high
case,Phanteks,"Phanteks Enthoo Primo",PHES813PSGR,high
case,SilverStone,"Silverstone RV05B",RV05B,low
case,Antec,"Antec NX100",0-761345-80013-6,high
case,SilverStone,"Silverstone SG04B-F",SG04BF,high
case,Thermaltake,"Thermaltake Core P5 TG Snow Edition",CA-1E7-00M6WN-01,high
case,SilverStone,"Silverstone PM02-G",SST-PM02W-G,high
case,Lian Li,"Lian Li PC-O10",PC-O10-WX,high
case,SilverStone,"Silverstone GD04B-USB3.0",SSTGD04BUSB30,high
case,Lian Li,"Lian Li PC-9N",PC9NB,high
case,Thermaltake,"Thermaltake Suppressor F31",CA1E300M1NN00,high
case,Cooler Master,"Cooler Master MasterCase SL600M Black Edition",MCM-SL600M-KGNN-S00,high
case,Thermaltake,"Thermaltake Commander C31 TG ARGB",CA-1N2-00M1WN-00,high
case,Thermaltake,"Thermaltake Divider 300 ARGB Snow Triangular",CA-1S2-00M6WN-01,high
case,Antec,"Antec Three Hundred",THREEHUNDREDBP430,high
case,Antec,"Antec Dark Fleet DF-30",DF30,high
case,Antec,"Antec ISK 300-65",ISK30065,high
case,Antec,"Antec ISK 300-150",ISK300150,high
case,Antec,"Antec Mini P180",MINIP180WHITE,high
case,Antec,"Antec NSK 6582B",NSK6582B,high
case,Antec,"Antec Twelve Hundred",TWELVEHUNDRED750BLUE,high
case,Cooler Master,"Cooler Master Centurion 5",CACT05WW,high
case,Cooler Master,"Cooler Master Elite 310",RC310RWN1GP,high
case,Cooler Master,"Cooler Master Elite 335",RC335KKN1GP,high
case,Cooler Master,"Cooler Master Elite 370",RC370KKA400,high
case,Cooler Master,"Cooler Master CM690 II Basic",RC692KKN3,high
case,Cooler Master,"Cooler Master HAF 932",RC932KWN3,high
case,Cooler Master,"Cooler Master Storm Sniper",SGC6000KWS2GP,high
case,Thermaltake,"Thermaltake LANBOX Lite",VF6000BWS,high
case,Thermaltake,"Thermaltake SopranoRS 101",VG7000BWS,high
case,Thermaltake,"Thermaltake Element G",VL10001W2Z,high
case,Thermaltake,"Thermaltake Element G",VL18501W2Z,high
case,Thermaltake,"Thermaltake Element V NVIDIA Edition",VL200L1W2Z,high
case,Thermaltake,"Thermaltake ARMOR A90",VL90001W2Z,high
case,Thermaltake,"Thermaltake ARMOR A60",VM20001W2Z,high
case,Thermaltake,"Thermaltake Dokker",VM600M1W2Z,high
case,NZXT,"NZXT Lexa S",LEXS001BK,high
case,Lian Li,"Lian Li K60B",K60B,low
case,Cooler Master,"Cooler Master Cosmos S",RC1100KKN1GP,high
case,Lian Li,"Lian Li PC-Q06",PCQ06A,high
case,Lian Li,"Lian Li PC-Q06",PCQ06R,high
case,Lian Li,"Lian Li PC-Q07",PCQ07,high
case,Lian Li,"Lian Li PC-Q08",PCQ08A,high
case,Lian Li,"Lian Li PC-60FNWX",PC60FNWX,high
case,Lian Li,"Lian Li PC-8NWX",PC8NWX,high
case,Lian Li,"Lian Li PC-K56",PCK56,high
case,Lian Li,"Lian Li PC-9F",PC9F,high
case,Lian Li,"Lian Li PC-B70",PCB70,high
case,Lian Li,"Lian Li PC-T60",PC-T60A,high
case,Lian Li,"Lian Li PC-T60",PC-T60R,high
case,Lian Li,"Lian Li PC-P50",PCP50,high
case,Lian Li,"Lian Li PC-P50WB",PCP50WB,high
case,Lian Li,"Lian Li PC-C39",PCC39,high
case,Lian Li,"Lian Li PC-C37B",PCC37B,high
case,Lian Li,"Lian Li PC-C36B",PCC36B,high
case,Lian Li,"Lian Li PC-T7",PCT7B,high
case,Lian Li,"Lian Li PC-V1200Bplus II",PCV1200BPLUSII,high
case,Lian Li,"Lian Li PC-V2120",PCV2120X,high
case,Lian Li,"Lian Li PC-V352",PCV352A,high
case,Lian Li,"Lian Li PC-V354",PCV354B,high
case,Lian Li,"Lian Li PC-V354",PCV354R,high
case,Antec,"Antec Nine Hundred Two V3",NINEHUNDREDTWOV3,high
case,NZXT,"NZXT Whisper",WHI001BK,high
case,NZXT,"NZXT Apollo",APOLLOBLUENP,high
case,NZXT,"NZXT Tempest EVO",TEVO001BK,high
case,SilverStone,"Silverstone FT01-B",FT01BW,high
case,SilverStone,"Silverstone RV01-BW",RV01BW,high
case,SilverStone,"Silverstone SG07-B",SG07B,high
case,SilverStone,"Silverstone LC20-B",LC20BM,high
case,Antec,"Antec P193 V3",P193V3,high
case,Lian Li,"Lian Li PC-K63",PCK63,high
case,Lian Li,"Lian Li LanCool PC-K57",PCK57,high
case,Thermaltake,"Thermaltake V9 BlacX",VM400M1W2Z,high
case,Lian Li,"Lian Li PC-A05FNB",PCA05FNB,high
case,Lian Li,"Lian Li PC-P80NB",PCP80NB,high
case,Lian Li,"Lian Li PC-U6B",PCU6B,high
case,Lian Li,"Lian Li PC-V600F",PCV600FA,high
case,Lian Li,"Lian Li PC-Z60B",PCZ60B,high
case,Lian Li,"Lian Li PC-Z70B",PCZ70B,high
case,SilverStone,"Silverstone TJ11B-W",TJ11BW,high
case,Thermaltake,"Thermaltake Soprano DX",VE7000BNS,high
case,Fractal Design,"Fractal Design Define XL",DEFINEXLTITANIUM,high
case,NZXT,"NZXT Source 210 Elite",S210E002,high
case,Lian Li,"Lian Li PC-TU200",PCTU200A,high
case,NZXT,"NZXT Source 220",CASO22001,high
case,NZXT,"NZXT Tempest 410 Elite",T410E001,high
case,Antec,"Antec P280",P280WINDOW,high
case,NZXT,"NZXT Switch 810",CASW810M1,high
case,Lian Li,"Lian Li PC-C32B USB3.0",PCC32BUSB30,high
case,Lian Li,"Lian Li PC-K65",PCK65,high
case,Lian Li,"Lian Li PC-Q09FN",PCQ09FNB,high
case,NZXT,"NZXT Phantom 410",CAPH410B2,high
case,Fractal Design,"Fractal Design Define R4",FDCADEFR4WH,high
case,Cooler Master,"Cooler Master Elite 120 Advanced",RC120AWWN1,high
case,Antec,"Antec LanBoy Air",LANBOYAIRYELLOW,high
case,SilverStone,"Silverstone RV02B-EW-USB3.0",SSTRV02BEWUSB30,high
case,SilverStone,"Silverstone SG02B-F-USB3.0",SG02WFUSB30,high
case,Lian Li,"Lian Li PC-V355",PCV355B,high
case,Lian Li,"Lian Li PC-A55",PCA55B,high
case,Lian Li,"Lian Li PC-V750",PCV750B,high
case,SilverStone,"Silverstone LC20B-M-USB3.0",LC20BMUSB30,high
case,Cooler Master,"Cooler Master Elite 342",RC-343-KKN3,high
case,Cooler Master,"Cooler Master Elite 311",RC311BBWN1,high
case,Lian Li,"Lian Li PC-CK101",PCCK101L,high
case,Lian Li,"Lian Li PC-CK101",PCCK101S,high
case,Cooler Master,"Cooler Master Storm Scout 2 Advanced",SGC2100KWN3,high
case,SilverStone,"Silverstone PS08B",PS08B,low
case,SilverStone,"Silverstone PS08B",PS08W,high
case,SilverStone,"Silverstone SG09B",SG09B,low
case,SilverStone,"Silverstone TJ10S-W",SSTTJ10SW,high
case,SilverStone,"Silverstone RL03B-W-USB 3.0",RL03BWUSB30,high
case,Thermaltake,"Thermaltake Soprano",VO900M1N2N,high
case,Thermaltake,"Thermaltake Overseer RX-I Snow Edition",VN700M6W2N,high
case,Thermaltake,"Thermaltake Urban S21",CA-1A4-00M1WN-00,high
case,Lian Li,"Lian Li PC-Q27",PCQ27B,high
case,Lian Li,"Lian Li PC-Q28",PCQ28A,high
case,Lian Li,"Lian Li PC-C37B USB3.0",PCC37BUSB30,high
case,Lian Li,"Lian Li PC-K7B USB3.0",PCK7BUSB30,high
case,Lian Li,"Lian Li PC-TU100",PCTU100A,high
case,SilverStone,"Silverstone SG06BB-LITE",SG06SLITE,high
case,Thermaltake,"Thermaltake V2 Plus",VO545A1N2U,high
case,SilverStone,"Silverstone FT04",FT04BW,high
case,SilverStone,"Silverstone FT04",FT04SW,high
case,Lian Li,"Lian Li PC-A76WX",PCA76WX,high
case,NZXT,"NZXT H230",CAH230IW1,high
case,Cooler Master,"Cooler Master N300",NSE300KWN1,high
case,Thermaltake,"Thermaltake Versa II",VO700A1N3N,high
case,Corsair,"Corsair Graphite Series 230T Windowed",230TWINDOWEDBLUE,high
case,Cooler Master,"Cooler Master HAF Stacker 915F",HAF915FKKN1,high
case,NZXT,"NZXT Phantom",PHAN002OR,high
case,Thermaltake,"Thermaltake ARMOR A30i",VM700A1W2N,high
case,Antec,"Antec Nineteen Hundred",NINETEENHUNDREDRED,high
case,NZXT,"NZXT H440",CAH442CM8,high
case,Cooler Master,"Cooler Master 690 III",CMS-693-WWN1-V2,high
case,NZXT,"NZXT Phantom 240",CAPH240R1,high
case,Thermaltake,"Thermaltake Urban R31",CA1A700M1WN00,high
case,Thermaltake,"Thermaltake Urban T81",CA1B700F1WN00,high
case,Cooler Master,"Cooler Master K280 USB3.0",RCK280KKN4,high
case,Cooler Master,"Cooler Master K550",RCK550KWN1,high
case,Lian Li,"Lian Li PC-A61",PCA61WX,high
case,Lian Li,"Lian Li PC-Q01",PCQ01A,high
case,Lian Li,"Lian Li PC-Q01",PCQ01B,high
case,Lian Li,"Lian Li PC-V1000L",PCV1000LA,high
case,Lian Li,"Lian Li PC-V358",PCV358B,high
case,Lian Li,"Lian Li PC-Q36W",PCQ36WX,high
case,SilverStone,"Silverstone FT05",FT05BW,high
case,SilverStone,"Silverstone SG05BB-450-USB3",SG05WUSB30,high
case,Cooler Master,"Cooler Master N400",NSE400KWN2,high
case,Cooler Master,"Cooler Master K281",RCK281KKN1,high
case,Corsair,"Corsair Carbide Series 330R Titanium Edition",CC9011071WW,high
case,SilverStone,"Silverstone KL05B",KL05BW,high
case,Phanteks,"Phanteks Enthoo EVOLV ITX",PHES215PCBK,high
case,SilverStone,"Silverstone PS11B",SSTPS11BW,high
case,Thermaltake,"Thermaltake Suppressor F51",CA-1E1-00M1WN-00,high
case,Lian Li,"Lian Li PC-O5S",PC-O5SX,high
case,Lian Li,"Lian Li PC-O8X",PCO8WX,high
case,Lian Li,"Lian Li PC-O8X",PC-O8WBU,high
case,Lian Li,"Lian Li PC-O8X",PC-O8WGD,high
case,Corsair,"Corsair Carbide Series SPEC-M2",CC9011087WW,high
case,SilverStone,"Silverstone RVX01 Window",SSTRVX01BRW,high
case,Lian Li,"Lian Li PC-V33",PCV33WX,high
case,Phanteks,"Phanteks Eclipse P400",PHEC416PAG,high
case,Phanteks,"Phanteks Eclipse P400",PH-EC416PTG_AG,high
case,SilverStone,"Silverstone CS01-HS",SSTCS01SHS,high
case,Thermaltake,"Thermaltake Core X71",CA1F800M1WN00,high
case,Antec,"Antec Three Hundred U3",THREEHUNDREDU3,high
case,Antec,"Antec VSK3-500",VSK3500,high
case,Thermaltake,"Thermaltake Core P3 SE",CA-1G4-00M1WN-00,high
case,Antec,"Antec Super Lanboy",SUPER-LANBOY,low
case,Thermaltake,"Thermaltake Versa C21",CA-1G8-00M1WN-00,high
case,Lian Li,"Lian Li PC-O9",PC-O9-WX,high
case,SilverStone,"Silverstone RL05",SST-RL05BR-W,high
case,Corsair,"Corsair Carbide Series SPEC-04",CC-9011108-WW,high
case,Corsair,"Corsair Carbide Series SPEC-04",CC-9011109-WW,high
case,Thermaltake,"Thermaltake Versa C23 RGB",CA-1H7-00M1WN-00,high
case,Cooler Master,"Cooler Master Elite 343",W420W-POWER-SUPPLY-RC-343-KKR420,high
case,Phanteks,"Phanteks Enthoo EVOLV SHIFT",PH-ES217A_AG,high
case,Lian Li,"Lian Li PC-D600",PC-D600WA,high
case,Lian Li,"Lian Li PC-M25",PC-M25B,high
case,NZXT,"NZXT H700i",CA-H700W-BL,high
case,Lian Li,"Lian Li ALPHA 330X",ALPHA-330X,low
case,Lian Li,"Lian Li ALPHA 330W",ALPHA-330W,low
case,Cooler Master,"Cooler Master MB600L ODD",MCB-B600L-KA5N-S02,high
case,Cooler Master,"Cooler Master MB600L",MCB-B600L-KANN-S01,high
case,Corsair,"Corsair SPEC-OMEGA RGB Newegg Edition",CC-9011140-NWG,high
case,EVGA,"EVGA DG-75",150-B0-2020-KR,high
case,Cooler Master,"Cooler Master MasterCase MC500P",MCM-M500P-KG5N-S00,high
case,Cooler Master,"Cooler Master MasterBox MB500 ARGB",MCB-B500D-KGNN-S01,high
case,NZXT,"NZXT H500 Vault Boy",CA-H500B-VB,high
case,Lian Li,"Lian Li PC-Q50",PC-Q50A,high
case,SilverStone,"Silverstone FTZ01-E",SST-FTZ01S-E,high
case,Cooler Master,"Cooler Master MasterBox E500L",MCB-E500L-KA5N-S00,high
case,Cooler Master,"Cooler Master MasterBox E500L",MCB-E500L-KN5N-S00,high
case,Thermaltake,"Thermaltake Versa J22",CA-1L5-00M1WN-00,high
case,Thermaltake,"Thermaltake Versa J22 RGB",CA-1L5-00M1WN-01,high
case,Thermaltake,"Thermaltake Versa J23 RGB",CA-1L6-00M1WN-01,high
case,Thermaltake,"Thermaltake V100",W450-W-POWER-SUPPLY-CA-3K7-45M1WU-00,high
case,Antec,"Antec Dark Fleet DF500",DF500,low
case,Thermaltake,"Thermaltake Commander C36 TG ARGB",CA-1N7-00M1WN-00,high
case,SilverStone,"Silverstone RL07",SST-RL07B-G,high
case,NZXT,"NZXT H200",CA-H200B-BR,high
case,Phanteks,"Phanteks Eclipse P400S",PH-EC416PSTG_AG,high
case,Cooler Master,"Cooler Master MasterCase H500P Mesh",MCM-H500P-WGNN-S00,high
case,NZXT,"NZXT H400",CA-H400B-BL,high
case,Thermaltake,"Thermaltake Core X31 TG",CA-1E9-00M1WN-03,high
case,Cooler Master,"Cooler Master MasterBox MB510L",MCB-B510L-KANN-S02,high
case,Cooler Master,"Cooler Master MasterCase Maker 5t",MCZ-C5M2T-RW5N,high
case,Fractal Design,"Fractal Design Define R6 USB-C",FD-CA-DEF-R6C-GY-TGL,high
case,Antec,"Antec GX330",GX330,low
case,NZXT,"NZXT H510 Siege",CA-H510B-R6,high
case,Fractal Design,"Fractal Design Vector RS Blackout",FD-C-VER1A-01,high
case,Fractal Design,"Fractal Design Vector RS",FD-C-VER1A-02,high
case,Thermaltake,"Thermaltake S500 Tempered Glass Snow Edition",CA-1O3-00M6WN-00,high
case,NZXT,"NZXT H510i Phantom Gaming",CA-H510I-AR,high
case,Cooler Master,"Cooler Master MasterBox MB320L ARGB",MCB-B320L-KGNN-S01,high
case,SilverStone,"Silverstone SG13 V2",SG13B-Q-USA,high
case,Fractal Design,"Fractal Design Define 7",FD-C-DEF7A-04,high
case,Fractal Design,"Fractal Design Define 7",FD-C-DEF7A-07,high
case,Cooler Master,"Cooler Master MASTERBOX E501L",MCB-E501L-KN5N-S00,high
case,SilverStone,"Silverstone SETA A1",SST-SEA1GW-G,high
case,Fractal Design,"Fractal Design Define 7 Compact",FD-C-DEF7C-03,high
case,SilverStone,"Silverstone PS14-E",SST-PS14B-EG,high
case,Phanteks,"Phanteks Evolv Shift 2",PH-ES217E_AG02,high
case,Corsair,"Corsair iCUE 5000X RGB Glitch",CC-9050004-WW,high
case,Antec,"Antec NX700",NX700,low
case,Thermaltake,"Thermaltake AH T200",CA-1R4-00SBWN-00,high
case,Cooler Master,"Cooler Master CMP 510",CP510-KGNN-S02,high
case,Thermaltake,"Thermaltake Divider 200 TG",CA-1V1-00S1WN-00,high
case,Thermaltake,"Thermaltake Divider 500 TG ARGB Snow",CA-1T4-00M6WN-01,high
case,Antec,"Antec NX420",NX420,low
case,Antec,"Antec NX360 Elite",0-761345-81037-1,high
case,Antec,"Antec AX51 Elite",AX51-ELITE,low
case,Cooler Master,"Cooler Master MasterBox MB520",MCB-B520-KANN-S03,high
case,SilverStone,"Silverstone FARA V1M PRO",SST-FAV1MB-PRO,high
case,Antec,"Antec Draco 10",DRACO-10,low
case,Cooler Master,"Cooler Master Elite 300 TG",E300-KG5N-S00,high
case,Thermaltake,"Thermaltake S250 TG ARGB",CA-1Y6-00M6WN-00,high
case,Thermaltake,"Thermaltake CTE E660 MX",CA-1Y3-00M1WN-01,high
case,SilverStone,"Silverstone FARA R1 PRO",SST-FAB1B-PRO,high
case,Xfx,"XFX Type-01 Series Bravo Edition",TYPE1B3000,high
case,SilverStone,"Silverstone SG02-BF",SG02BF,high
case,Thermaltake,"Thermaltake Core P5 TG",CA-1E7-00M1WN-03,high
case,Thermaltake,"Thermaltake Commander C34 TG ARGB",CA-1N5-00M1WN-00,high
case,Thermaltake,"Thermaltake Commander C31 TG Snow ARGB",CA-1N2-00M6WN-00,high
case,Thermaltake,"Thermaltake Commander C34 TG Snow ARGB",CA-1N5-00M6WN-00,high
case,Thermaltake,"Thermaltake V150",CA-1R1-00S1WN-00,high
case,Thermaltake,"Thermaltake Divider 300 TG Snow",CA-1S2-00M6WN-00,high
case,Thermaltake,"Thermaltake Divider 300 TG Air Snow",CA-1S2-00M6WN-02,high
case,Antec,"Antec Dark Fleet DF-10",DF10,high
case,Antec,"Antec NSK4482",NSK4482,low
case,Antec,"Antec NSK4482B",NSK4482B,low
case,Antec,"Antec Six Hundred",SIXHUNDRED,high
case,Antec,"Antec Six Hundred",SIXHUNDREDBLACK,high
case,Antec,"Antec P193",P193,low
case,Antec,"Antec Sonata Elite",SONATAELITE,high
case,Antec,"Antec Sonata Proto",SONATAPROTO,high
case,Antec,"Antec Two Hundred V2",TWOHUNDREDV2,high
case,Antec,"Antec VSK2450",VSK2450,low
case,Cooler Master,"Cooler Master Cosmos Pure",RC1000KKKN2GP,high
case,Cooler Master,"Cooler Master Elite 310",RC310BKR2GP,high
case,Cooler Master,"Cooler Master Elite 310",RC310OWR460,high
case,Cooler Master,"Cooler Master Elite 310",RC310OWN1GP,high
case,Cooler Master,"Cooler Master Elite 370",RC370KKR400,high
case,Cooler Master,"Cooler Master Centurion 5 II",RC502KWN1,high
case,Cooler Master,"Cooler Master Centurion 5 II",RC502SWN1,high
case,Cooler Master,"Cooler Master Centurion 534",RC534KKRKGP,high
case,Cooler Master,"Cooler Master Centurion 541",RC541SKN1,high
case,Cooler Master,"Cooler Master CM690 II Advanced",RC692KKN2ADVANCED,high
case,Cooler Master,"Cooler Master CM690 II Advanced",RC692AKKN5BW,high
case,Cooler Master,"Cooler Master CM690 II Advanced",RC-692A-WNN2,high
case,Antec,"Antec M FusionRemote",MFUSIONREMOTE350,high
case,Thermaltake,"Thermaltake Spedo Advance Package",VI90001W2Z,high
case,Thermaltake,"Thermaltake Element T",VK90001N2Z,high
case,Thermaltake,"Thermaltake Level 10",VL30001N1Z,high
case,Thermaltake,"Thermaltake Element Q",VL520B1N2U,high
case,Thermaltake,"Thermaltake V5 Black Edition",VL70001W2Z,high
case,Thermaltake,"Thermaltake ARMOR A90",VL98521W2U,high
case,Thermaltake,"Thermaltake V6 BlacX Edition",VM100M1W2Z,high
case,Thermaltake,"Thermaltake ARMOR A60 AMD Edition",VM200P1W2Z,high
case,Thermaltake,"Thermaltake V9 BlacX Edition",VM400M1W2ZB,high
case,Lian Li,"Lian Li PC-K58",PCK58,high
case,Lian Li,"Lian Li PC-K58",PCK58W,high
case,Lian Li,"Lian Li PC-K62",PCK62,high
case,Lian Li,"Lian Li PC-K62R1",PCK62R1,high
case,Antec,"Antec Two Hundred S",TWOHUNDREDS,high
case,Thermaltake,"Thermaltake WingMA",VI5000BNS,high
case,Lian Li,"Lian Li PC-Q06",PCQ06B,high
case,Lian Li,"Lian Li PC-Q07R",PCQ07R,high
case,Lian Li,"Lian Li PC-Q08",PCQ08R,high
case,Lian Li,"Lian Li PC-Q09F",PCQ09FA,high
case,Lian Li,"Lian Li PC-Q09",PCQ09A,high
case,Lian Li,"Lian Li PC-Q09",PCQ09R,high
case,Lian Li,"Lian Li PC-Q11",PCQ11A,high
case,Lian Li,"Lian Li PC-Q11",PCQ11R,high
case,Lian Li,"Lian Li PC-Q11",PCQ11W,high
case,Lian Li,"Lian Li PC-7FN",PC7FN,high
case,Lian Li,"Lian Li PC-7FNWX",PC7FNWX,high
case,Lian Li,"Lian Li PC-K56W",PCK56W,high
case,Lian Li,"Lian Li PC-A04",PCA04A,high
case,Lian Li,"Lian Li PC-A04",PCA04B,high
case,Lian Li,"Lian Li PC-A70F",PCA70F,high
case,Lian Li,"Lian Li PC-X500FX",PCX500FX,high
case,Lian Li,"Lian Li PC-X1000",PCX1000,high
case,Lian Li,"Lian Li PC-B10",PCB10,high
case,Lian Li,"Lian Li PC-P80",PCP80,high
case,Lian Li,"Lian Li PC-A71F",PCA71F,high
case,Lian Li,"Lian Li PC-B25F",PCB25F,high
case,Lian Li,"Lian Li PC-B25FWB",PCB25FWB,high
case,Lian Li,"Lian Li PC-P50",PCP50R,high
case,Lian Li,"Lian Li PC-C50",PCC50A,high
case,Lian Li,"Lian Li PC-C50",PCC50B,high
case,Lian Li,"Lian Li PC-C32B",PCC32B,high
case,Lian Li,"Lian Li PC-C33B",PCC33B,high
case,Lian Li,"Lian Li PC-C34F",PCC34F,high
case,Lian Li,"Lian Li PC-T1",PCT1B,high
case,Lian Li,"Lian Li PC-T1",PCT1R,high
case,Lian Li,"Lian Li PC-V1020",PCV1020A,high
case,Lian Li,"Lian Li PC-V1020",PCV1020B,high
case,Lian Li,"Lian Li PC-V1020",PCV1020R,high
case,Lian Li,"Lian Li PC-V351",PCV351A,high
case,Lian Li,"Lian Li PC-V352",PCV352B,high
case,Lian Li,"Lian Li PC-V352",PCV352R,high
case,Lian Li,"Lian Li PC-V354",PCV354A,high
case,Antec,"Antec P183 V3",P183V3,high
case,NZXT,"NZXT Guardian 921 RB",921RB001RD,high
case,NZXT,"NZXT Apollo",APOLLOBLACKNP,high
case,NZXT,"NZXT Apollo",APOLLOORANGENP,high
case,NZXT,"NZXT Alpha",CSNTALPWOW,high
case,NZXT,"NZXT Beta Evo",CSNTBETAEVO,high
case,NZXT,"NZXT Lexa Blackline",CSNTLEXABLB,high
case,NZXT,"NZXT Lexa Blackline",LEXABLACKLINE,high
case,NZXT,"NZXT Duet",DUETBLK,high
case,NZXT,"NZXT Hush",CSNTHUSHW,high
case,NZXT,"NZXT Hush",HUSHBLACK,high
case,NZXT,"NZXT Tempest EVO",CAMOTEMPESTEVO,high
case,SilverStone,"Silverstone FT01-B",FT01B,high
case,SilverStone,"Silverstone FT01-B",SST-FT01S,high
case,SilverStone,"Silverstone FT01-B",SST-FT01S-W,high
case,SilverStone,"Silverstone FT02B",FT02B,low
case,SilverStone,"Silverstone FT02B",FT02BW,high
case,SilverStone,"Silverstone FT03",FT03B,high
case,SilverStone,"Silverstone FT03",FT03S,high
case,SilverStone,"Silverstone GD01B-MXR",GD01BMXR,high
case,SilverStone,"Silverstone GD01B-MXR",GD01BR,high
case,SilverStone,"Silverstone KL02-B",KL02B,high
case,SilverStone,"Silverstone KL02-B",KL02BW,high
case,SilverStone,"Silverstone KL03-B",KL03B,high
case,SilverStone,"Silverstone KL03-B",KL03S,high
case,SilverStone,"Silverstone PS05-B",PS05B,high
case,SilverStone,"Silverstone RV02B-EW",RV02BW,high
case,SilverStone,"Silverstone RV02B-EW",RV02BEW,high
case,SilverStone,"Silverstone RV02B-EW",RV02WEW,high
case,SilverStone,"Silverstone SG03B-F",SG03B-F-USB3,high
case,SilverStone,"Silverstone SG04B-F",SG04BFH,high
case,SilverStone,"Silverstone SG06-B",SG06B,high
case,SilverStone,"Silverstone SG07-B",SG07BW,high
case,SilverStone,"Silverstone TJ07-BW",TJ07BW,high
case,SilverStone,"Silverstone TJ08-B",TJ08B,high
case,SilverStone,"Silverstone TJ09-BW",TJ09BW,high
case,SilverStone,"Silverstone TJ10-B",TJ10B,high
case,SilverStone,"Silverstone LC10B-E",LC10BE,high
case,SilverStone,"Silverstone LC13B-E",LC13BE,high
case,SilverStone,"Silverstone LC17-B",LC17SC,high
case,SilverStone,"Silverstone ML02B-MXR",ML02BMXR,high
case,Lian Li,"Lian Li PC-K59",PCK59,high
case,Lian Li,"Lian Li PC-K59",PCK59W,high
case,NZXT,"NZXT Zero 2",CSNTZERO2,high
case,Cooler Master,"Cooler Master HAF 922",RC922MKWN2GP,high
case,Lian Li,"Lian Li PC-K57W",PCK57W,high
case,SilverStone,"Silverstone RV03B-W",RV03BW,high
case,SilverStone,"Silverstone RV03B-W",SSTRV03BWA,high
case,NZXT,"NZXT Beta",CSNTBETAB,high
case,Lian Li,"Lian Li PC-A05FNA",PCA05FNA,high
case,Lian Li,"Lian Li PC-A70F USB3.0",PCA70FUSB30,high
case,Lian Li,"Lian Li PC-A71F USB3.0",PCA71FUSB30,high
case,Lian Li,"Lian Li PC-C60",PCC60B,high
case,Lian Li,"Lian Li PC-V600F",PCV600FB,high
case,Lian Li,"Lian Li PC-V600F",PCV600FR,high
case,Lian Li,"Lian Li PC-V600F",PCV600FX,high
case,Lian Li,"Lian Li PC-X2000F",PCX2000F,high
case,Lian Li,"Lian Li PC-X900",PCX900B,high
case,Fractal Design,"Fractal Design Core 3000",FDCACORE3000BL,high
case,Fractal Design,"Fractal Design Define XL",DEFINEXLBLACK,high
case,NZXT,"NZXT Source 210",S210001,high
case,Cooler Master,"Cooler Master Elite 330 Upgraded",RC330UKKN1,high
case,SilverStone,"Silverstone PS06B-W",PS06BW,high
case,Antec,"Antec Solo II",SOLOII,high
case,Fractal Design,"Fractal Design Define R3",DEFINER3BLACK,high
case,Fractal Design,"Fractal Design Define R3",DEFINER3WHITE,high
case,Fractal Design,"Fractal Design Define R3",DEFINER3SILVER,high
case,Fractal Design,"Fractal Design Define R3",DEFINER3TITANIUM,high
case,Fractal Design,"Fractal Design Define R3",FDCADEFR3USB3WH,high
case,Fractal Design,"Fractal Design Define R3",FDCADEFR3USB3TI,high
case,Fractal Design,"Fractal Design Define R3",FDCADEFR3USB3SI,high
case,Cooler Master,"Cooler Master Silencio 450",RC450KKN1,high
case,Lian Li,"Lian Li PC-K9B",PCK9B,high
case,Lian Li,"Lian Li PC-8NW USB3.0",PC8NWUSB30,high
case,Lian Li,"Lian Li PC-K9WX",PCK9WX,high
case,Lian Li,"Lian Li PC-60FN USB3.0",PC60FNUSB30,high
case,Lian Li,"Lian Li PC-90",PC90,high
case,Lian Li,"Lian Li PC-TU200",PCTU200B,high
case,Lian Li,"Lian Li PC-V353",PCV353B,high
case,Lian Li,"Lian Li PC-V353",PCV353A,high
case,NZXT,"NZXT Tempest 210",CATP21001,high
case,NZXT,"NZXT Hades",HADE001BK,high
case,SilverStone,"Silverstone Fortress Series FT02S",FT02S,low
case,SilverStone,"Silverstone Fortress Series FT02S",FT02SW,high
case,Antec,"Antec P280",P280WHITEWINDOW,high
case,Antec,"Antec P280",P280-W,high
case,Lian Li,"Lian Li PC-C37U",PCC37U,high
case,Thermaltake,"Thermaltake VN10006W2N-B",VN10006W2NB,high
case,SilverStone,"Silverstone PS07B",SSTPS07W,high
case,SilverStone,"Silverstone PS07B",PS07BW,high
case,Lian Li,"Lian Li PC-6",PC6,high
case,Antec,"Antec One Hundred USM",ONEHUNDREDUSM,high
case,Lian Li,"Lian Li PC-B10 USB3.0",PCB10USB30,high
case,Lian Li,"Lian Li PC-100",PC100,high
case,Lian Li,"Lian Li PC-K56 N",PCK56N,high
case,Antec,"Antec One Illusion",ONEILLUSION,high
case,Cooler Master,"Cooler Master HAF XM",RC922XMKWN2,high
case,Lian Li,"Lian Li PC-Q15",PCQ15A,high
case,Lian Li,"Lian Li PC-Q12",PCQ12A,high
case,Lian Li,"Lian Li PC-Q09FN",PCQ09FNA,high
case,Lian Li,"Lian Li PC-V700",PCV700X,high
case,Lian Li,"Lian Li PC-V700",PCV700B,high
case,Lian Li,"Lian Li PC-Q18",PCQ18A,high
case,Lian Li,"Lian Li PC-Q25A",PCQ25A,high
case,NZXT,"NZXT Phantom 410",CAPH410B3,high
case,Fractal Design,"Fractal Design Define R4",FDCADEFR4TI,high
case,Fractal Design,"Fractal Design Define R4 Blackout",FDCADEFR4BLOW,high
case,Thermaltake,"Thermaltake Armor Revo Snow Edition",VO200M6W2N,high
case,SilverStone,"Silverstone KL04B",SSTKL04B,high
case,Cooler Master,"Cooler Master Elite 361",RC361KKR350,high
case,Antec,"Antec LanBoy Air",LANBOYAIRRED,high
case,Antec,"Antec LanBoy Air",LANBOYAIRBLACK,high
case,SilverStone,"Silverstone LC10B-E-USB3.0",SSTLC10BEUSB30,high
case,SilverStone,"Silverstone FT02B-USB3.0",SSTFT02SWUSB30,high
case,SilverStone,"Silverstone FT02B-USB3.0",FT02SUSB30,high
case,SilverStone,"Silverstone LC13B-E-USB3.0",SSTLC13BEUSB30,high
case,SilverStone,"Silverstone FT03-MINI",SSTFT03SMINI,high
case,Lian Li,"Lian Li PC-V355",PCV355A,high
case,Lian Li,"Lian Li PC-A55",PCA55A,high
case,Lian Li,"Lian Li PC-Q03",PCQ03A,high
case,Lian Li,"Lian Li PC-Q16",PCQ16A,high
case,SilverStone,"Silverstone RL01B-USB 3.0",SSTRL01BWUSB30,high
case,SilverStone,"Silverstone RL01B-USB 3.0",SSTRL01BUSB30,high
case,Lian Li,"Lian Li PC-K56N USB 3.0",PCK56NUSB30,high
case,Lian Li,"Lian Li PC-V750",PCV750WX,high
case,Lian Li,"Lian Li PC-B12",PCB12B,high
case,SilverStone,"Silverstone SG01B-F-USB3.0",SG01BFUSB30,high
case,SilverStone,"Silverstone SG01B-F-USB3.0",SG01SFUSB30,high
case,Cooler Master,"Cooler Master Elite 311",RC311BOWN1,high
case,SilverStone,"Silverstone TJ04B-EW",SSTTJ04BEW,high
case,Lian Li,"Lian Li PC-A75",PCA75WX,high
case,Cooler Master,"Cooler Master Storm Scout 2 Advanced",SGC2100GWN1,high
case,Lian Li,"Lian Li PC-7H",PC7HX,high
case,Lian Li,"Lian Li PC-7H",PC7HB,high
case,Lian Li,"Lian Li PC-7H",PC7HWX,high
case,Fractal Design,"Fractal Design Arc Midi R2",FDCAARCR2BL,high
case,Cooler Master,"Cooler Master Force 500",CACMFORCE500500W,high
case,SilverStone,"Silverstone TJ10B-USB3.0",SSTTJ10BUSB30,high
case,SilverStone,"Silverstone TJ10B-W",SSTTJ10BW,high
case,SilverStone,"Silverstone TJ10B-W-USB3.0",SSTTJ10BWUSB30,high
case,SilverStone,"Silverstone TJ10B-WNV",SSTTJ10BWNV,high
case,SilverStone,"Silverstone TJ10S",SSTTJ10S,high
case,SilverStone,"Silverstone TJ10B-WNV-USB3.0",SSTTJ10BWNVUSB30,high
case,SilverStone,"Silverstone RV02B-W-USB3.0",RV02BWUSB30,high
case,SilverStone,"Silverstone RL04B",RL04B,low
case,Lian Li,"Lian Li PC-9N",PC9NA,high
case,Lian Li,"Lian Li PC-Q07B USB3.0",PCQ07BUSB30,high
case,Thermaltake,"Thermaltake Armor Revo Gene",VO800M1W2N,high
case,Thermaltake,"Thermaltake Level 10 Limited Edition",VL300A2N1N,high
case,Thermaltake,"Thermaltake Level 10 GTS",VO30001W2N,high
case,Thermaltake,"Thermaltake Versa I",VO600A1N3N,high
case,Thermaltake,"Thermaltake Urban S41",VP600M1N2N,high
case,Thermaltake,"Thermaltake Urban S31",VP700M1N2N,high
case,Thermaltake,"Thermaltake Urban S31 Window",VP700M6W2N,high
case,Thermaltake,"Thermaltake Urban S21",VP800A1W2N,high
case,Lian Li,"Lian Li PC-Q27",PCQ27A,high
case,Lian Li,"Lian Li PC-Q28",PCQ28B,high
case,Lian Li,"Lian Li PC-Q30",PCQ30A,high
case,Lian Li,"Lian Li PC-Q30",PCQ30X,high
case,Cooler Master,"Cooler Master RC-912-KKN4",RC912KKN4,high
case,SilverStone,"Silverstone GD01B-R-USB3.0",GD01BRUSB30,high
case,SilverStone,"Silverstone LC16BM-USB3.0",LC16BMUSB30,high
case,SilverStone,"Silverstone RL02B-W-USB 3.0",RL02BWUSB30,high
case,SilverStone,"Silverstone RL04W",RL04W,low
case,Thermaltake,"Thermaltake Chaser A31 Snow White",VP300A6W2N,high
case,Thermaltake,"Thermaltake Versa G1",VO600A1W3N,high
case,Thermaltake,"Thermaltake Versa G2",VO700A1W3N,high
case,Thermaltake,"Thermaltake New Soprano Snow Edition",VO900M6N2N,high
case,SilverStone,"Silverstone RV04B-W",RV04BW,high
case,Cooler Master,"Cooler Master N500",NSE500KKN1,high
case,Cooler Master,"Cooler Master K280",RCK280KKR500,high
case,Cooler Master,"Cooler Master Silencio 650",RC650LKKN1,high
case,Thermaltake,"Thermaltake Chaser A21",CA1A300M1WN00,high
case,Thermaltake,"Thermaltake Urban S71",VP500M1W2N,high
case,Thermaltake,"Thermaltake Urban S71",VP500M1N2N,high
case,NZXT,"NZXT H440",CA-H442W-M0,high
case,SilverStone,"Silverstone RV01B-W-USB3.0",RV01BWUSB30,high
case,Thermaltake,"Thermaltake Urban T31 Window",CA1A500M1WN00,high
case,Corsair,"Corsair Carbide Series SPEC-02",SPEC-02-RED-LED-CC-9011051-WW,high
case,Antec,"Antec VSK-4350E-N",VSK4350EN,high
case,NZXT,"NZXT Phantom 240",CAPH240B3,high
case,SilverStone,"Silverstone PS10B",PS10B,low
case,Thermaltake,"Thermaltake Urban R21",CA1A600M1WN00,high
case,Thermaltake,"Thermaltake Urban SD1",CA1A900S1NN00,high
case,Cooler Master,"Cooler Master TC102",TC102KKR500,high
case,Cooler Master,"Cooler Master K350",RCK350KWN1EN,high
case,Cooler Master,"Cooler Master K350",RCK350KWN1EN500W,high
case,Thermaltake,"Thermaltake SD101",VP11821N2U,high
case,Phanteks,"Phanteks Enthoo Luxe TG",PH-ES614LTG_AG,high
case,Corsair,"Corsair Graphite Series 380T",CC9011065WW,high
case,Antec,"Antec GX500 ILLUSION",GX500ILLUSION,high
case,Lian Li,"Lian Li PC-Q33",PCQ33A,high
case,Lian Li,"Lian Li PC-Q33",PCQ33B,high
case,Lian Li,"Lian Li PC-Q33",PCQ33WA,high
case,Lian Li,"Lian Li PC-Q33",PCQ33WB,high
case,Antec,"Antec ASK4000E-U3",ASK4000EU3,high
case,Lian Li,"Lian Li PC-A61",PCA61B,high
case,Lian Li,"Lian Li PC-B16",PCB16,high
case,Lian Li,"Lian Li PC-10N",PC10NB,high
case,Lian Li,"Lian Li PC-10N",PC10NA,high
case,Lian Li,"Lian Li PC-Q19",PCQ19A,high
case,Lian Li,"Lian Li PC-Q19",PCQ19B,high
case,Lian Li,"Lian Li PC-Q35A",PCQ35A,high
case,Lian Li,"Lian Li PC-Q35A",PCQ35B,high
case,Lian Li,"Lian Li PC-V1000L",PCV1000LWX,high
case,Lian Li,"Lian Li PC-V2130",PCV2130A,high
case,Lian Li,"Lian Li PC-V2130",PCV2130B,high
case,Lian Li,"Lian Li PC-V2130",PCV2130WX,high
case,Lian Li,"Lian Li PC-V358",PCV358A,high
case,Lian Li,"Lian Li PC-V359W",PCV359WA,high
case,Lian Li,"Lian Li PC-V359W",PCV359WG,high
case,Lian Li,"Lian Li PC-V359W",PCV359WRX,high
case,Lian Li,"Lian Li PC-V359W",PCV359WB,high
case,Lian Li,"Lian Li PC-Q36W",PCQ36WA,high
case,Lian Li,"Lian Li PC-Q36W",PCQ36WG,high
case,Lian Li,"Lian Li PC-Q36W",PCQ36WRX,high
case,Lian Li,"Lian Li PC-Q36W",Q36WA,high
case,Lian Li,"Lian Li PC-Q36W",Q36WXB,high
case,SilverStone,"Silverstone RV05B-W",RV05BW,high
case,SilverStone,"Silverstone RV05B",SST-RV05WB,high
case,SilverStone,"Silverstone RV05B",SST-RV05WB-W,high
case,SilverStone,"Silverstone FT05",FT05B,high
case,SilverStone,"Silverstone FT05",FT05S,high
case,SilverStone,"Silverstone FT05",FT05SW,high
case,Thermaltake,"Thermaltake Level 10 Titanium",VL300A9N1N,high
case,Phanteks,"Phanteks Enthoo EVOLV",PHES314EBK,high
case,Lian Li,"Lian Li PC-Q26",PCQ26A,high
case,Cooler Master,"Cooler Master N400",NSE400KKN1,high
case,Cooler Master,"Cooler Master N400",NSE400KWN1,high
case,Thermaltake,"Thermaltake Core V41",CA1C700M1WN00,high
case,Cooler Master,"Cooler Master Elite 334U",RC334UKKN1,high
case,Lian Li,"Lian Li PC-K69",PCK69,high
case,Lian Li,"Lian Li PC-T80",PCT80A,high
case,SilverStone,"Silverstone KL05B",KL05BQ,high
case,SilverStone,"Silverstone PS11B",SSTPS11BQ,high
case,SilverStone,"Silverstone KL06B",SSTKL06BW,high
case,Antec,"Antec P50",P50,high
case,Antec,"Antec P50",P50WINDOWILLUSION,high
case,Lian Li,"Lian Li PC-O5",PCO5,high
case,Thermaltake,"Thermaltake Suppressor F51",CA-1E1-00M1WN-03,high
case,Lian Li,"Lian Li PC-O6S",PCO6S,high
case,Lian Li,"Lian Li PC-O6S",PCO6SX,high
case,Lian Li,"Lian Li PC-O7S",PC07SX,high
case,Lian Li,"Lian Li PC-O8X",PC-O8WGN,high
case,Cooler Master,"Cooler Master MasterCase 5",MCX-0005-KWN00,high
case,SilverStone,"Silverstone ML08",SSTML08BHW,high
case,SilverStone,"Silverstone ML08",SSTML08BW,high
case,Thermaltake,"Thermaltake Suppressor F31",CA1E300M1WN02,high
case,SilverStone,"Silverstone RVX01",SSTRVX01BR,high
case,SilverStone,"Silverstone RVX01 Window",SSTRVX01BAW,high
case,SilverStone,"Silverstone RVX01 Window",SSTRVX01BVW,high
case,Lian Li,"Lian Li PC-Q21",PCQ21A,high
case,Lian Li,"Lian Li PC-V33",PCV33B,high
case,Lian Li,"Lian Li PC-V33",PC-V33A,high
case,Lian Li,"Lian Li PC-Q04",PCQ04A,high
case,Lian Li,"Lian Li PC-Q04",PCQ04B,high
case,Thermaltake,"Thermaltake Core X31",CA1E900M1WN02,high
case,SilverStone,"Silverstone PS12B",SSTPS12B,high
case,Antec,"Antec S10",S10,high
case,Lian Li,"Lian Li PC-TU300",PCTU300A,high
case,Lian Li,"Lian Li PC-TU300",PCTU300X,high
case,Antec,"Antec GX1000",GX1000,low
case,Antec,"Antec GX900",GX900B,high
case,Antec,"Antec X1-T",X1T,high
case,SilverStone,"Silverstone FT01B-USB3.0",SST-FT01B-USB30,high
case,SilverStone,"Silverstone FT01B-USB3.0",SST-FT01B-W-USB30,high
case,SilverStone,"Silverstone FT01B-USB3.0",SST-FT01S-USB30,high
case,SilverStone,"Silverstone FT01B-USB3.0",SST-FT01S-W-USB30,high
case,SilverStone,"Silverstone PM01",SST-PM01WA-W,high
case,SilverStone,"Silverstone PM01",SST-PM01CR-W,high
case,SilverStone,"Silverstone PM01",SST-PM01B-RGB,high
case,SilverStone,"Silverstone PM01",SST-PM01C-RGB,high
case,SilverStone,"Silverstone PM01",SST-PM01W-RGB,high
case,Thermaltake,"Thermaltake Core P3",CA-1G4-00M1WN-02,high
case,Antec,"Antec P9",P9-WINDOW,high
case,Thermaltake,"Thermaltake View 27",CA-1H2-00M1WN-00,high
case,Thermaltake,"Thermaltake View 27",CA-1H2-00M1WN-01,high
case,Lian Li,"Lian Li PC-O9",PC-O9-WRX,high
case,Thermaltake,"Thermaltake Versa C22 RGB Snow Edition",CA-1G9-00M6WN-00,high
case,SilverStone,"Silverstone RL05",SST-RL05BB-W,high
case,SilverStone,"Silverstone RL05",SST-RL05BW-W,high
case,SilverStone,"Silverstone RL05",SST-RL05WR-W,high
case,Cooler Master,"Cooler Master CM 590 III",RC-593-WWN2,high
case,SilverStone,"Silverstone RL06",RL06WS-PRO,high
case,SilverStone,"Silverstone RL06",RL06BR-G,high
case,SilverStone,"Silverstone RL06",RL06BR-GP,high
case,SilverStone,"Silverstone RL06",RL06WS-G,high
case,Cooler Master,"Cooler Master MasterCase Pro 6",MCY-C6P2-KW5N-01,high
case,Lian Li,"Lian Li Odyssey",PC-Y6W,high
case,Thermaltake,"Thermaltake Versa N27",CA-1H6-00M6WN-02,high
case,Lian Li,"Lian Li PC-7N",PC-7NB,high
case,Lian Li,"Lian Li PC-M25",PC-M25A,high
case,Lian Li,"Lian Li PC-X510",PC-X510WX,high
case,NZXT,"NZXT H400i",CA-H400W-BL,high
case,NZXT,"NZXT H200i",CA-H200W-BL,high
case,Cooler Master,"Cooler Master MB600L ODD",MCB-B600L-KA5N-S01,high
case,Cooler Master,"Cooler Master MB600L",MCB-B600L-KANN-S02,high
case,Fractal Design,"Fractal Design Define R6",FD-CA-DEF-R6-GY,high
case,Thermaltake,"Thermaltake View 37",CA-1J7-00M1WN-00,high
case,Thermaltake,"Thermaltake View 37",CA-1J7-00M1WN-01,high
case,Lian Li,"Lian Li PC-Q38",PC-Q38WX,high
case,Lian Li,"Lian Li PC-Q50",PC-Q50X,high
case,Cooler Master,"Cooler Master MasterBox MB511",MCB-B511D-KANN-S03,high
case,Cooler Master,"Cooler Master MasterBox E300L",MCB-E300L-KN5N-B00,high
case,Cooler Master,"Cooler Master MasterBox K500 Phantom Gaming Edition",MCB-K500D-KGNN-ASR,high
case,Cooler Master,"Cooler Master MasterBox E500L",MCB-E500L-KA5N-S02,high
case,Cooler Master,"Cooler Master MasterBox E500L",MCB-E500L-KN5N-S01,high
case,Cooler Master,"Cooler Master MasterBox E500L",MCB-E500L-KN5N-S02,high
case,Lian Li,"Lian Li LANCOOL ONE Digital",LANCOOL-ONE-DIGITAL-WHITE,high
case,Thermaltake,"Thermaltake Versa J23",CA-1L6-00M1WN-00,high
case,Thermaltake,"Thermaltake Versa J25",CA-1L8-00M1WN-00,high
case,Fractal Design,"Fractal Design Define S2 Blackout",FD-CA-DEF-S2-BKO-TGL,high
case,Thermaltake,"Thermaltake Commander C32 TG ARGB",CA-1N3-00M1WN-00,high
case,Thermaltake,"Thermaltake Commander C35 TG ARGB",CA-1N6-00M1WN-00,high
case,Thermaltake,"Thermaltake Commander C33 TG ARGB",CA-1N4-00M1WN-00,high
case,Antec,"Antec Dark Phantom DP501",DP501-WHITE,high
case,NZXT,"NZXT H700 PUBG",CA-H700B-PG,high
case,SilverStone,"Silverstone CS280B",SST-CS280B,high
case,Cooler Master,"Cooler Master MasterBox MB510L",MCB-B510L-KANN-S03,high
case,Fractal Design,"Fractal Design Define R6 USB-C",FD-CA-DEF-R6C-GY,high
case,SilverStone,"Silverstone RL08BR-RGB",SST-RL08BR-RGB,high
case,Antec,"Antec NX800",0-761345-81083-8,high
case,SilverStone,"Silverstone SG13 V2",SG13WB-USA,high
case,Thermaltake,"Thermaltake Level 20 RS ARGB",CA-1P8-00M1WN-00,high
case,Cooler Master,"Cooler Master MasterBox E500 (w/o ODD)",MCB-E500-KGNN-S00,high
case,SilverStone,"Silverstone PS14-E",SST-PS14B-E,high
case,Cooler Master,"Cooler Master CMP 501",CMP-501-1NWRT60-AU,high
case,Antec,"Antec Striker Phantom Gaming Edition",STRIKER-PGE,high
case,SilverStone,"Silverstone FARA R1",SST-FAR1W,high
case,SilverStone,"Silverstone FARA R1 Rainbow",SST-FAR1B-RB,high
case,Antec,"Antec NX100",0-761345-80023-5,high
case,Thermaltake,"Thermaltake Commander G33",CA-1P3-00M1WN-00,high
case,Hyte,"HYTE REVOLT 3 EU",W700-W-POWER-SUPPLY-CS-HYTE-RVLT3-WP-EU,high
case,Cooler Master,"Cooler Master Elite 500",E500-KGNN-S00,high
case,Thermaltake,"Thermaltake AH T200",CA-1R4-00SCWN-00,high
case,SilverStone,"Silverstone CS330B",SST-CS330B,high
case,Cooler Master,"Cooler Master CMP 510",CP510-KGNN-S01,high
case,Antec,"Antec DP505",0-761345-81076-0,high
case,Thermaltake,"Thermaltake Divider 200 TG Snow",CA-1V1-00S6WN-00,high
case,Lian Li,"Lian Li PC-8FI",PC-8FIB,high
case,Lian Li,"Lian Li PC-8FI",PC-8FIA,high
case,Lian Li,"Lian Li PC-8FI",PC-8FIR,high
case,SilverStone,"Silverstone FARA R1 PRO V2",SST-FAB1B-PRO-V2,high
case,Thermaltake,"Thermaltake H590 TG ARGB",CA-1X4-00M1WN-00,high
case,Cooler Master,"Cooler Master MasterBox MB400L with ODD",MCB-B400L-KG5N-S00,high
case,Antec,"Antec AX51",AX51,low
case,Cooler Master,"Cooler Master MasterBox 520 Mesh Blackout Edition",MB520-KGNN-SNO,high
case,Antec,"Antec P82 Silent",P82-SILENT,low
case,Cooler Master,"Cooler Master CMP 500",CMP-500-1RWWN00,high
psu,Corsair,"Corsair SF1000  (43)",CP-9020257,high
psu,Corsair,"Corsair RM850e  (39)",CP-9020296-NA,high
psu,Corsair,"Corsair RM750e  (19)",CP-9020295-NA,high
psu,Corsair,"Corsair RM1000x  (50)",CP-9020271-NA,high
psu,Corsair,"Corsair SF750  (43)",CP-9020284,high
psu,Corsair,"Corsair RM850x  (57)",CP-9020270-NA,high
psu,Corsair,"Corsair SF850  (34)",CP-9020256,high
psu,Corsair,"Corsair CX750M  (33)",CP-9020222-NA,high
psu,Thermaltake,"Thermaltake Smart",PS-SPD-0500NPCWUS-W,high
psu,Lian Li,"Lian Li EDGE GOLD",EG1000G-WHITE,high
psu,Cooler Master,"Cooler Master V850 SFX GOLD",MPY-8501-SFHAGV-US,high
psu,Corsair,"Corsair RM1000e  (14)",CP-9020297-NA,high
psu,Corsair,"Corsair RM650e  (12)",CP-9020302-NA,high
psu,Thermaltake,"Thermaltake Smart",PS-SPD-0600NPCWUS-W,high
psu,Corsair,"Corsair RM850e  (9)",CP-9020293-NA,high
psu,Corsair,"Corsair HX1500i  (4)",CP-9020309-NA,high
psu,Corsair,"Corsair RM750e  (5)",CP-9020292-NA,high
psu,Seasonic,"SeaSonic PRIME TX-1600 Noctua Edition",PRIME-TX-1600-NOCTUA-EDITION,low
psu,Corsair,"Corsair CX  (17)",CP-9020278-NA,high
psu,Lian Li,"Lian Li EDGE GOLD",EG0850G-WHITE,high
psu,Lian Li,"Lian Li SP V2",SP750GB,high
psu,Corsair,"Corsair CX  (9)",CP-9020277-NA,high
psu,Corsair,"Corsair RM1000e  (6)",CP-9020294-NA,high
psu,Corsair,"Corsair RM850x  (223)",CP-9020200-NA,high
psu,Lian Li,"Lian Li EDGE GOLD",EG1000G-BLACK,high
psu,Corsair,"Corsair HX1200i  (5)",CP-9020307-NA,high
psu,Thermaltake,"Thermaltake Toughpower GT",PS-TPT-0850FNFAGE-3,high
psu,Corsair,"Corsair RM750x  (10)",CP-9020285-NA,high
psu,Lian Li,"Lian Li SP V2",SP850GB,high
psu,Corsair,"Corsair RM750e  (165)",CP-9020262-NA,high
psu,Thermaltake,"Thermaltake Toughpower GX2",PS-TPD-0600NNFAGU-2,high
psu,Corsair,"Corsair RM1000x  (120)",CP-9020201-NA,high
psu,SilverStone,"Silverstone Extreme 500 Bronze",SST-EX500-B,high
psu,Thermaltake,"Thermaltake Smart",PS-SPD-0700NPCWUS-W,high
psu,Seasonic,"SeaSonic Focus GX V4 ATX 3  (10)",FOCUS-GX-850-V4,high
psu,Lian Li,"Lian Li SX1200P",SX1200PW,high
psu,SilverStone,"Silverstone FX500-G",SST-FX500-G,high
psu,NZXT,"NZXT C850 Core",PA-8G3BB-US,high
psu,Cooler Master,"Cooler Master MWE Gold V3",MPE-6502-ACAAG-3BUS,high
psu,Corsair,"Corsair CX650M  (34)",CP-9020221-NA,high
psu,Seasonic,"SeaSonic Focus GX V4 ATX 3  (3)",FOCUS-GX-1000-V4-WHITE,high
psu,Lian Li,"Lian Li EDGE GOLD",EG0850G-BLACK,high
psu,Cooler Master,"Cooler Master MWE Gold 750 V3",MPX-7503-AFAG-2BUV,high
psu,Lian Li,"Lian Li SP1000P",SP1000PB,high
psu,Corsair,"Corsair RM850e  (115)",CP-9020263-NA,high
psu,Corsair,"Corsair RM1200e",CP-9020258-NA,high
psu,Seasonic,"SeaSonic Focus GX V4 ATX 3  (7)",FOCUS-GX-1000-V4,high
psu,Lian Li,"Lian Li SX1200P",SX1200PB,high
psu,Thermaltake,"Thermaltake TR2 S",PS-TRS-0600NPCWEU-2,high
psu,Corsair,"Corsair CS750M",CS750M,low
psu,Seasonic,"SeaSonic S12III",SSR-500GB3,high
psu,Thermaltake,"Thermaltake Smart BM2",PS-SPD-0550MNFABU-1,high
psu,EVGA,"EVGA SuperNOVA 850 G+",120-GP-0850-X1,high
psu,Corsair,"Corsair RM550x  (31)",CP-9020177-NA,high
psu,Thermaltake,"Thermaltake Smart BX1",PS-SPD-0750NNFABU-1,high
psu,SilverStone,"Silverstone Strider Platinum",ST75FPT,high
psu,Fractal Design,"Fractal Design Ion SFX 500G",FD-PSU-ION-SFX-500G-BK,high
psu,Seasonic,"SeaSonic FOCUS",FOCUS-PX-750,high
psu,Phanteks,"Phanteks AMP GH",PH-P1200GH_BK01,high
psu,EVGA,"EVGA 750 N1",100-N1-0750-L1,high
psu,Thermaltake,"Thermaltake Smart RGB",PS-SPR-0600NHFAWU-1,high
psu,Corsair,"Corsair CX850M",CP-9020099-NA,high
psu,EVGA,"EVGA 750 BP",100-BP-0750-K1,high
psu,Cooler Master,"Cooler Master MWE White V2 230V",MPE-6501-ACABW-EU,high
psu,SilverStone,"Silverstone SX1000R-PL",SST-SX1000R-PL,high
psu,SilverStone,"Silverstone Extreme 850R Platinum",SST-EX850R-PM,high
psu,EVGA,"EVGA SuperNOVA 1000 G2",120-G2-1000-XR,high
psu,Cooler Master,"Cooler Master MWE",MPX-6001-ACAAB-US,high
psu,Corsair,"Corsair VS650",CP-9020051-WW,high
psu,Cooler Master,"Cooler Master MasterWatt",MPX-7501-AMAABUS,high
psu,EVGA,"EVGA SuperNOVA 650 P2",220-P2-0650-X1,high
psu,Phanteks,"Phanteks AMP",PH-P650G_US01,high
psu,Seasonic,"SeaSonic M12II",S12II620BRONZE,high
psu,Cooler Master,"Cooler Master MWE Gold 750",MPY-7501-AFAAG-US,high
psu,Seasonic,"SeaSonic B12 BC",B12-BC-650,high
psu,Corsair,"Corsair VS500  (2)",CP-9020223-NA,high
psu,Corsair,"Corsair RM550",RM550,low
psu,Cooler Master,"Cooler Master V SFX Gold ATX 3.1",MPY-7501-SFHAGV-3EWU,high
psu,Antec,"Antec EARTHWATTS GOLD PRO 650",EA650G-PRO,high
psu,Cooler Master,"Cooler Master MasterWatt 550",MPX-5501-AMAAB-US,high
psu,Phanteks,"Phanteks AMP GH",PH-P1200GH_WT01,high
psu,EVGA,"EVGA SuperNOVA 750 GM",123-GM-0750-X1,high
psu,EVGA,"EVGA 650BP",100-BP-0650-K1,high
psu,Thermaltake,"Thermaltake Toughpower GF3 TT Premium",PS-TPD-0750FNFAGU-4,high
psu,Cooler Master,"Cooler Master V550 V2",MPY-550V-AGBAG-US,high
psu,Seasonic,"SeaSonic G12 GC",G12-GC-750,high
psu,Corsair,"Corsair HX750",CP-9020212-NA,high
psu,Seasonic,"SeaSonic G12 GM",G12-GM-650,high
psu,Seasonic,"SeaSonic PRIME SNOWSILENT",SSR-750TR-SNOWSILENT,high
psu,Seasonic,"SeaSonic S12III",SSR-550GB3,high
psu,Seasonic,"SeaSonic ATX3-FOCUS-GX-850-WHITE",ATX3-FOCUS-GX-850-WHITE,low
psu,Thermaltake,"Thermaltake Toughpower SFX",PS-STP-0450FPCGUS-G,high
psu,SilverStone,"Silverstone ATTIS 650R",SST-AT650R-BF-WBW,high
psu,Antec,"Antec High Current Gamer PRO ATX3.1",0-761345-20018-9,high
psu,NZXT,"NZXT C  (9)",NP-C650M-US,high
psu,EVGA,"EVGA 600 BA",100-BA-0600-K1,high
psu,Corsair,"Corsair CX750F",CP-9020227-NA,high
psu,EVGA,"EVGA SuperNOVA 1300 GT",220-GT-1300-X1,high
psu,Cooler Master,"Cooler Master MWE Gold V2 ATX 3.1",MPE-C501-AFCAG-3EUK,high
psu,SilverStone,"Silverstone Strider Titanium",SST-ST1300-TI,high
psu,Cooler Master,"Cooler Master X Mighty 2000 230V",MPS-K001-AFBP-BUK,high
psu,Thermaltake,"Thermaltake Toughpower GX1 RGB",PS-TPD-0700NHFAGU-1,high
psu,Corsair,"Corsair TX950",CMPSU-950TX,high
psu,Antec,"Antec High Current Gamer Gold",HCG750-GOLD,high
psu,Thermaltake,"Thermaltake Toughpower GF A3 ATX 3.0",PS-TPD-0750FNFAGA-H,high
psu,Seasonic,"SeaSonic G",SSR550RM,high
psu,Corsair,"Corsair VS550",CP-9020050-WW,high
psu,Cooler Master,"Cooler Master Elite Gold",MPW-C001-AFAG-BAU,high
psu,Cooler Master,"Cooler Master V850 Gold V2",MPY-850V-AFBAG,high
psu,Thermaltake,"Thermaltake Toughpower PF3",PS-TPD-1200FNFAPU-3,high
psu,Cooler Master,"Cooler Master MWE White V2 230V",MPE-5501-ACABW-B,high
psu,EVGA,"EVGA SuperNOVA 650 GS",220-GS-0650-V1,high
psu,EVGA,"EVGA SuperNOVA 750 G6",220-G6-0750-X1,high
psu,Antec,"Antec EARTHWATTS GOLD PRO 750",EA750G-PRO,high
psu,Thermaltake,"Thermaltake Smart RGB",PS-SPR-0700NHFAWU-1,high
psu,Corsair,"Corsair VS450",CP-9020049-WW,high
psu,SilverStone,"Silverstone HELA 850R",SST-HA850R-PM,high
psu,SilverStone,"Silverstone SX650-G",SST-SX650-G,high
psu,Cooler Master,"Cooler Master V1000",RSA00AFBAG1US,high
psu,EVGA,"EVGA 450 BT",100-BT-0450-K1,high
psu,Seasonic,"SeaSonic PRIME Titanium",SSR-750TD,high
psu,Cooler Master,"Cooler Master GX III GOLD",MPX-7503-AFAG,high
psu,Thermaltake,"Thermaltake TR2",TR600,high
psu,Seasonic,"SeaSonic G12 GC",G12-GC-650,high
psu,EVGA,"EVGA SuperNOVA 750 B2",110-B2-0750-VR,high
psu,Fractal Design,"Fractal Design Integra M",FDPSUIN3B650W,high
psu,SilverStone,"Silverstone ATTIS 750R",SST-AT750R-BF,high
psu,Seasonic,"SeaSonic FOCUS Gold",SSR-550FM,high
psu,Antec,"Antec Basiq",BP550PLUS,high
psu,SilverStone,"Silverstone Extreme Rz",SST-EX650R-GM,high
psu,Fractal Design,"Fractal Design Ion+ 2 Platinum",FD-P-IA2P-660,high
psu,Seasonic,"SeaSonic FOCUS",FOCUS-GM-650,high
psu,Thermaltake,"Thermaltake Toughpower Grand RGB",PS-TPG-0650FPCGUS-R,high
psu,Antec,"Antec NeoECO Gold",NE850G-M,high
psu,Thermaltake,"Thermaltake Toughpower GF A3 ATX 3.0",PS-TPD-1050FNFAGA-H,high
psu,EVGA,"EVGA 450 B3",220-B3-0450-V1,high
psu,Corsair,"Corsair CX450M  (0)",CP-9020219-NA,high
psu,Seasonic,"SeaSonic G12 GM",G12-GM-850,high
psu,Thermaltake,"Thermaltake Toughpower SFX",PS-STP-0850FNFAGU-1,high
psu,Cooler Master,"Cooler Master V650",RS650AFBAG1US,high
psu,Antec,"Antec VP PLUS",VP500P-PLUS,high
psu,Fractal Design,"Fractal Design Ion+ 2 Platinum",FD-P-IA2P-860,high
psu,EVGA,"EVGA 550 B3",220-B3-0550-V1,high
psu,Cooler Master,"Cooler Master Elite V3",MPW-5001-ACAAN1,high
psu,Cooler Master,"Cooler Master G550M",RS550AMAAB1US,high
psu,SilverStone,"Silverstone ST85F-GS-V2",SST-ST85F-GS-V2,high
psu,Antec,"Antec NE1000G M ATX3.0",NE1000G-M-ATX30,high
psu,Fractal Design,"Fractal Design Ion Gold",FD-P-IA2G-850,high
psu,SilverStone,"Silverstone DA750 Gold",SST-DA750-G,high
psu,Cooler Master,"Cooler Master V750",RS750AFBAG1US,high
psu,Seasonic,"SeaSonic FOCUS GX",FOCUS-GX-1000,high
psu,Antec,"Antec NeoECO Gold ZEN",NE500G-ZEN,high
psu,NZXT,"NZXT E500",NP-1PM-E500A,high
psu,Fractal Design,"Fractal Design Integra M",FDPSUIN3B550W,high
psu,EVGA,"EVGA 700 BQ",110-BQ-0700-V1,high
psu,SilverStone,"Silverstone TX300",TX300,low
psu,EVGA,"EVGA 710 BP",100-BP-0710-K1,high
psu,Cooler Master,"Cooler Master MWE Gold V2 ATX3.0",MPE-C501-AFCAG-3,high
psu,Corsair,"Corsair Vengeance 650M",CP-9020112-DE,high
psu,Phanteks,"Phanteks Revolt X",PH-P1000PS,high
psu,Seasonic,"SeaSonic Platinum",SS660XP2,high
psu,Antec,"Antec VP PLUS",VP700P-PLUS,high
psu,Thermaltake,"Thermaltake Smart BM2",PS-SPD-0750MNFABU-1,high
psu,Thermaltake,"Thermaltake Toughpower GF1 Snow - TT Premium",PS-TPD-0750FNFAGX-W,high
psu,Corsair,"Corsair RM650i",CP-9020081-NA,high
psu,Corsair,"Corsair HX1050",CMPSU-1050HX,high
psu,Corsair,"Corsair TX650M",TX650M,low
psu,Antec,"Antec High Current Gamer PRO ATX3.1",0-761345-20012-7,high
psu,SilverStone,"Silverstone Strider Titanium",ST80FTI,high
psu,Fractal Design,"Fractal Design Ion+ 560P",FD-PSU-IONP-560P-BK,high
psu,EVGA,"EVGA SuperNOVA 550 GS",220-GS-0550-V1,high
psu,Thermaltake,"Thermaltake Smart Pro RGB",PS-SPR-0650FPCBUS-R,high
psu,Cooler Master,"Cooler Master i500",RS500ACAAB1US,high
psu,Cooler Master,"Cooler Master MWE White V2",MPE-5501-ACAAW-EU,high
psu,Cooler Master,"Cooler Master Elite NEX White W600 Black Mesh 230V",MPW-6001-ACBW-BE1,high
psu,Thermaltake,"Thermaltake Smart BX1 RGB 750",PS-SPR-0750NHFABU-1,high
psu,Antec,"Antec VP PLUS",VP650-PLUS,high
psu,Cooler Master,"Cooler Master GX III GOLD",MPX-8503-AFAG-BUS,high
psu,Cooler Master,"Cooler Master MWE Gold V2 ATX 3.1",MPE-A501-AFCAG-3EGUK,high
psu,Cooler Master,"Cooler Master V750 V2",MPY-750V-AGBAG-US,high
psu,Seasonic,"SeaSonic B12 BC",B12-BC-850,high
psu,Fractal Design,"Fractal Design Ion Gold",FD-P-IA2G-750,high
psu,Phanteks,"Phanteks Revolt X",PH-P1200PS,high
psu,Corsair,"Corsair AX750",CMPSU-750AX,high
psu,Antec,"Antec High Current Gamer",HCG620M,high
psu,EVGA,"EVGA SuperNOVA 650 G6",220-G6-0650-X1,high
psu,Seasonic,"SeaSonic TFX 350",TFX-350,low
psu,Seasonic,"SeaSonic CORE GX ATX 3  (1)",CORE-ATX-3-GX-750-WHITE,high
psu,Thermaltake,"Thermaltake TR2",TR500,high
psu,SilverStone,"Silverstone Strider Plus",SST-ST50F-PB,high
psu,Seasonic,"SeaSonic ATX3-FOCUS-GX-1000-WHITE",ATX3-FOCUS-GX-1000-WHITE,low
psu,Seasonic,"SeaSonic CORE GM",CORE-GM-500,high
psu,Seasonic,"SeaSonic FOCUS SGX",SSR-500SGX,high
psu,Seasonic,"SeaSonic PRIME PX",PRIME-PX-850,high
psu,Thermaltake,"Thermaltake Toughpower GF A3 ATX 3.0",PS-TPD-0650FNFAGA-H,high
psu,Corsair,"Corsair TX550M",TX550M,low
psu,EVGA,"EVGA 650 N1",100-N1-0650-L1,high
psu,Corsair,"Corsair AX850",CMPSU-850AX,high
psu,Corsair,"Corsair GS600",GS600,low
psu,NZXT,"NZXT C750",PA-7B1BB-US,high
psu,SilverStone,"Silverstone NJ450-SXL",SST-NJ450-SXL,high
psu,SilverStone,"Silverstone DA850 Gold",SST-DA850-G,high
psu,Cooler Master,"Cooler Master MWE 450",MPW-4502-ACABW-EU,high
psu,Cooler Master,"Cooler Master V650 Gold V2",MPY-650V-AFBAG,high
psu,SilverStone,"Silverstone Triton 1000Rz",SST-TR1000R-GM-WWW,high
psu,Antec,"Antec NE1300G M ATX3.0",NE1300G-M-ATX30,high
psu,Thermaltake,"Thermaltake TR2 S",PS-TRS-0700NPCWEU-2,high
psu,Fractal Design,"Fractal Design Ion Gold",FD-P-IA2G-650,high
psu,EVGA,"EVGA N1",100-N1-0550-L1,high
psu,Seasonic,"SeaSonic Platinum",PLATINUM1000,high
psu,Thermaltake,"Thermaltake Smart Pro RGB",PS-SPR-0850FPCBUS-R,high
psu,Thermaltake,"Thermaltake Toughpower PF1 - TT Premium Edition",PS-TPD-0650FNFAPU-1,high
psu,Antec,"Antec NeoECO Gold",NE750G-M,high
psu,Thermaltake,"Thermaltake Litepower GEN2 230V",PS-LTP-0750NPCNAU-2,high
psu,SilverStone,"Silverstone Strider Titanium",ST60FTI,high
psu,Seasonic,"SeaSonic FOCUS",FOCUS-PX-650,high
psu,Corsair,"Corsair GS700",GS700,low
psu,EVGA,"EVGA SuperNOVA 1000 P6",220-P6-1000-X1,high
psu,Cooler Master,"Cooler Master G750M",RS750AMAAB1US,high
psu,Corsair,"Corsair CX550F",CP-9020225-NA,high
psu,Fractal Design,"Fractal Design Ion+ 660P",FD-PSU-IONP-660P-BK,high
psu,EVGA,"EVGA SuperNOVA 850G XC",520-5G-0850-K1,high
psu,Thermaltake,"Thermaltake Toughpower PF1 - TT Premium Edition",PS-TPD-0850FNFAPU-1,high
psu,Seasonic,"SeaSonic VERTEX PX-850",VERTEX-PX-850,low
psu,Antec,"Antec NE850G M ATX3.0",NE850G-M-ATX30,high
psu,EVGA,"EVGA 460 BP",100-BP-0460-K1,high
psu,Seasonic,"SeaSonic FOCUS SGX",SSR-450SGX,high
psu,Antec,"Antec VP PLUS",VP550P-PLUS,high
psu,Thermaltake,"Thermaltake Toughpower GF1 Snow - TT Premium",PS-TPD-0850FNFAGX-W,high
psu,SilverStone,"Silverstone Triton 1000Rz",SST-TR1000R-GM,high
psu,Cooler Master,"Cooler Master MWE GOLD 650 V2",MPE-6501-ACAAG,high
psu,Seasonic,"SeaSonic PRIME PX",PRIME-PX-1000,high
psu,NZXT,"NZXT C  (16)",NP-C750M-US,high
psu,Cooler Master,"Cooler Master XG750 Plus",MPG-7501-AFBAP-XUS,high
psu,Thermaltake,"Thermaltake Toughpower GX1",PS-TPD-0600NNFAGU-1,high
psu,Thermaltake,"Thermaltake Thermaltake TP-750M",TP-750M,low
psu,Corsair,"Corsair CS450M",CS450M,low
psu,EVGA,"EVGA 550 BP",100-BP-0550-K1,high
psu,Seasonic,"SeaSonic M12II",M12II520BRONZE,high
psu,Corsair,"Corsair VS500",CP-9020118-NA,high
psu,Cooler Master,"Cooler Master MWE Bronze 550",MPX-5501-ACAAB-US,high
psu,Seasonic,"SeaSonic G",SSR650RM,high
psu,EVGA,"EVGA 450 W3",100-W3-0450-K1,high
psu,SilverStone,"Silverstone SX300-B",SST-SX300-B,high
psu,EVGA,"EVGA 750 B3",220-B3-0850-V1,high
psu,Thermaltake,"Thermaltake Toughpower iRGB PLUS TT Premium Edition",PS-TPI-1650F3FDTA-1,high
psu,EVGA,"EVGA SuperNOVA 750 G1",120-G1-0750-XR,high
psu,Phanteks,"Phanteks Revolt Pro",PH-P850GC,high
psu,Seasonic,"SeaSonic PRIME Platinum",SSR-1200PD,high
psu,Thermaltake,"Thermaltake Toughpower PF3-L",PS-TPD-1050FNFAPU-L,high
psu,Cooler Master,"Cooler Master MWE White V2 230V",MPE-7501-ACABW,high
psu,Seasonic,"SeaSonic FOCUS",FOCUS-GM-550,high
psu,Seasonic,"SeaSonic PRIME PX",PRIME-PX-650,high
psu,Thermaltake,"Thermaltake Smart",SP-750PCBUS,high
psu,Corsair,"Corsair HX620",CMPSU-620HX,high
psu,Antec,"Antec VP",VP450,high
psu,Seasonic,"SeaSonic ATX3-FOCUS-GX-750-WHITE",ATX3-FOCUS-GX-750-WHITE,low
psu,EVGA,"EVGA 500 BA",100-BA-0500-K1,high
psu,Cooler Master,"Cooler Master MWE GOLD 750 V2",MPE-7501-ACAAG,high
psu,Thermaltake,"Thermaltake Toughpower SFX",PS-STP-0650FNFAGE-1,high
psu,Seasonic,"SeaSonic VERTEX GX-750",VERTEX-GX-750,low
psu,Cooler Master,"Cooler Master MWE Gold V2 ATX 3.1",MPE-7501-AFAAG-3EGUK,high
psu,Seasonic,"SeaSonic FOCUS SPX  (2)",FOCUS-SPX-650-2021,high
psu,Seasonic,"SeaSonic Prime Fanless PX-450",PRIME-FANLESS-PX-450,low
psu,Seasonic,"SeaSonic X",X850,high
psu,Corsair,"Corsair VX550",CMPSU-550VX,high
psu,Thermaltake,"Thermaltake Toughpower SFX 600W Gold",PS-STP-0600FPCGUS-G,high
psu,EVGA,"EVGA SuperNOVA 850 T2",220-T2-0850-X1,high
psu,Antec,"Antec VP PLUS",VP600P-PLUS,high
psu,Antec,"Antec NeoECO Gold ZEN",NE600G-ZEN,high
psu,Cooler Master,"Cooler Master Elite NEX White W500 Black Mesh 230V",MPW-5001-ACBW-BE1,high
psu,Seasonic,"SeaSonic PRIME",PRIME-GX-850,high
psu,Corsair,"Corsair TX750M",TX750M,low
psu,SilverStone,"Silverstone Extreme Rz",SST-EX1000R-PM,high
psu,Seasonic,"SeaSonic PRIME",PRIME-GX-1000,high
psu,EVGA,"EVGA SuperNOVA 650 P5",220-P5-0650-X1,high
psu,Corsair,"Corsair AX1500i 240V",CP-9020100-AU,high
psu,EVGA,"EVGA SuperNOVA 1600 P2",220-P2-1600-X1,high
psu,Cooler Master,"Cooler Master V550",RS550AFBAG1US,high
psu,Cooler Master,"Cooler Master G500",MPW-5001-ACAAG-US,high
psu,EVGA,"EVGA 450 BV",100-BV-0450-K1,high
psu,EVGA,"EVGA SuperNOVA 750 P5",220-P5-0750-X1,high
psu,Thermaltake,"Thermaltake Toughpower Grand RGB Platinum",TPG-1200F1FAPU-1,high
psu,Antec,"Antec High Current Gamer",HCG520M,high
psu,Seasonic,"SeaSonic FOCUS Plus Platinum",SSR-550PX,high
psu,Seasonic,"SeaSonic PRIME Titanium",SSR-1000TD,high
psu,Cooler Master,"Cooler Master MWE Gold",MPY-5501-AFAAG-US,high
psu,Cooler Master,"Cooler Master MasterWatt Lite 500W Full Range",MPX-5001-ACAAW,high
psu,Lian Li,"Lian Li PE",PE-750,high
psu,SilverStone,"Silverstone ST75F-GS-V3",SST-ST75F-GS-V3,high
psu,Antec,"Antec NeoECO Classic",NE650C,high
psu,Cooler Master,"Cooler Master B600 ver. 2",RS-600-ACAB-B1-EU,high
psu,Seasonic,"SeaSonic CORE GX ATX 3  (0)",CORE-ATX-3-GX-650-WHITE,high
psu,Antec,"Antec High Current Gamer",HCG900,high
psu,Thermaltake,"Thermaltake Toughpower GF2 ARGB",PS-TPD-0750F3FAGU-2,high
psu,SilverStone,"Silverstone Strider",ST65FG,high
psu,Thermaltake,"Thermaltake Litepower",PS-LTP-0450NNCNUS-F,high
psu,EVGA,"EVGA SuperNOVA 1600 G2",120-G2-1600-X1,high
psu,Seasonic,"SeaSonic SS-850HT Silver",SS850HTSILVER,high
psu,SilverStone,"Silverstone Essential",SST-ET750-G,high
psu,Thermaltake,"Thermaltake Toughpower SFX",PS-STP-0750FNFAGU-1,high
psu,Thermaltake,"Thermaltake Toughpower GF1 ARGB",PS-TPD-0850F3FAGU-1,high
psu,Seasonic,"SeaSonic FOCUS Gold",SSR-450FM,high
psu,SilverStone,"Silverstone Strider",ST70FES,high
psu,Thermaltake,"Thermaltake Toughpower GF1 Snow - TT Premium",PS-TPD-0650FNFAGX-W,high
psu,Cooler Master,"Cooler Master V1000 Platinum",MPZ-A001-AFBAPV-US,high
psu,EVGA,"EVGA W3",100-W3-0600-K1,high
psu,Cooler Master,"Cooler Master V SFX Platinum ATX 3.1",MPZ-B001-SFAP-EGUS,high
psu,Seasonic,"SeaSonic G12 GC",G12-GC-550,high
psu,EVGA,"EVGA SuperNOVA 650 P6",220-P6-0650-X1,high
psu,Cooler Master,"Cooler Master V1200",RSC00AFBAG1US,high
psu,Cooler Master,"Cooler Master V SFX Gold ATX 3.0",MPY-7501-SFHAGV-3WU,high
psu,Cooler Master,"Cooler Master MWE Gold V2 ATX3.0",MPE-A501-AFCAG-3,high
psu,SilverStone,"Silverstone Strider Platinum",ST85F-PT,high
psu,Thermaltake,"Thermaltake Toughpower SFX",PS-STP-0550FNFAGE-1,high
psu,Antec,"Antec VP",VP500P,high
psu,Corsair,"Corsair AX650",AX650,low
psu,Phanteks,"Phanteks AMP",PH-P550G_US01,high
psu,Seasonic,"SeaSonic PRIME SNOWSILENT",SSR-650PD2-SNOWSILENT,high
psu,Seasonic,"SeaSonic PRIME Ultra Platinum 650",SSR-650PD2,high
psu,Seasonic,"SeaSonic Snow Silent 1050",SNOWSILENT1050,high
psu,SilverStone,"Silverstone Strider",ST70FPB,high
psu,Seasonic,"SeaSonic M12II",SS750AM,high
psu,Lian Li,"Lian Li EG850 Mesh",EG850-MESH,low
psu,Cooler Master,"Cooler Master Silent Pro M",RS850AMBAJ3US,high
psu,Cooler Master,"Cooler Master Silent Pro Gold",RSC0080GAD3US,high
psu,Thermaltake,"Thermaltake Toughpower XT",TPX675M,high
psu,Thermaltake,"Thermaltake Toughpower XT",TPX775M,high
psu,Seasonic,"SeaSonic M12II",S12II430B,high
psu,Thermaltake,"Thermaltake Toughpower iRGB PLUS 1200 Platinum",PS-TPI-1200F2FDPU-1,high
psu,Thermaltake,"Thermaltake Toughpower DPS G RGB Titanium",PS-TPG-1500DPCTUS-T,high
psu,Cooler Master,"Cooler Master MWE White V2 230V",MPE-4501-ACAAW-EU,high
psu,Xfx,"XFX XT",P1-600B-XTFR,high
psu,Antec,"Antec NeoECO Platinum",NE850-PLATINUM,high
psu,Thermaltake,"Thermaltake Toughpower GF A3 - TT Premium Edition",PS-TPD-1050FNFAGU-B,high
psu,Corsair,"Corsair VS600",CP-9020119-NA,high
psu,Antec,"Antec High Current Gamer",HCG750M,high
psu,Xfx,"XFX P1-650X-XXB9",P1-650X-XXB9,low
psu,Cooler Master,"Cooler Master V Semi-Modular",RS-650-AMAA-G1,high
psu,Cooler Master,"Cooler Master GX",RS650ACAAD3US,high
psu,Fractal Design,"Fractal Design Ion+ 2 Platinum",FD-P-IA2P-760,high
psu,Seasonic,"SeaSonic PRIME Titanium",SSR-850TD,high
psu,Antec,"Antec NeoECO Classic",NE550C,high
psu,Thermaltake,"Thermaltake Litepower",PS-LTP-0350NNCNUS-F,high
psu,Seasonic,"SeaSonic Platinum",SS520FL,high
psu,EVGA,"EVGA SuperNOVA 850 GS",220-GS-0850-V1,high
psu,Phanteks,"Phanteks Revolt SFX",PH-P650GSF,high
psu,Antec,"Antec High Current Pro",HCP850,high
psu,Xfx,"XFX PRO Black Edition",P1-850B-BEFX,high
psu,Fractal Design,"Fractal Design Integra R2",FDPSUIN2B500W,high
psu,Cooler Master,"Cooler Master MWE Bronze V2",MPE-7001-ACAAB-US,high
psu,Antec,"Antec VP PLUS",VP650P-PLUS,high
psu,EVGA,"EVGA 510 BP",100-BP-0510-K1,high
psu,Fractal Design,"Fractal Design Edison M",FDPSUED1B550W,high
psu,Seasonic,"SeaSonic PRIME Ultra Gold 1000",SSR-1000GD,high
psu,Seasonic,"SeaSonic X",SS750KM,high
psu,Thermaltake,"Thermaltake Toughpower XT",TPX1475M,high
psu,Corsair,"Corsair Vengeance 500",CP-9020107-DE,high
psu,Thermaltake,"Thermaltake Toughpower Grand RGB 650 SE",PS-TPG-0650FPCGUS-S,high
psu,Antec,"Antec NeoECO",NEOECO520C,high
psu,Cooler Master,"Cooler Master GX",RS750ACAAE3US,high
psu,Cooler Master,"Cooler Master Silent Pro Gold",RSA0080GAD3US,high
psu,Cooler Master,"Cooler Master Silent Pro M",RSA00AMBAJ3US,high
psu,Seasonic,"SeaSonic X",SS460FL2ACTIVEPFCF3,high
psu,Cooler Master,"Cooler Master V850 Gold i",MPZ-8501-AFAG-BUS,high
psu,Cooler Master,"Cooler Master i700",RS700ACAAB1US,high
psu,Cooler Master,"Cooler Master MasterWatt 650 TUF Gaming Alliance Edition",MPX-6501-AMAAB-SF,high
psu,Cooler Master,"Cooler Master Extreme 2",RS475PCAR,high
psu,Antec,"Antec VP PLUS",VP450P-PLUS,high
psu,Thermaltake,"Thermaltake Smart",SP-650M,high
psu,Thermaltake,"Thermaltake Litepower GEN2 230V",PS-LTP-0650NPCNAU-2,high
psu,Cooler Master,"Cooler Master B500",RS500ACABM3,high
psu,Fractal Design,"Fractal Design Newton R3",FDPSUNT3B800W,high
psu,Corsair,"Corsair VS400",CP-9020117-NA,high
psu,Thermaltake,"Thermaltake Smart RGB 230V",PS-SPR-0600NHSAWE-1,high
psu,Thermaltake,"Thermaltake Toughpower GX1",PS-TPD-0700NNFAGE-1,high
psu,EVGA,"EVGA 550 GD",100-GD-0550-V2,high
psu,Thermaltake,"Thermaltake Smart SE",SPS-630M,high
psu,SilverStone,"Silverstone Strider",ST75FGS,high
psu,SilverStone,"Silverstone VIVA",SST-VA650-G,high
psu,EVGA,"EVGA SuperNOVA 1000 G1",120-G1-1000-VR,high
psu,Seasonic,"SeaSonic X",X660GOLD,high
psu,Seasonic,"SeaSonic SS-400ET Bronze",SS400ETBRONZE,high
psu,Cooler Master,"Cooler Master Elite NEX PN600 Peak 230V",MPW-6001-ACBK-P,high
psu,Corsair,"Corsair CX850M V2 (2017 Edition)",CP-9020157-NA,high
psu,Xfx,"XFX TS",P1-650G-TS3X,high
psu,Corsair,"Corsair G700",CMPSU-700G,high
psu,Seasonic,"SeaSonic FOCUS SGX  (0)",FOCUS-SGX-550,high
psu,Cooler Master,"Cooler Master Elite V2",RS550-PCARN1-US,high
psu,Thermaltake,"Thermaltake Toughpower GX1 500",PS-TPD-0500NNFAGU-1,high
psu,EVGA,"EVGA SuperNOVA 1050 GS",220-GS-1050-V1,high
psu,SilverStone,"Silverstone Essential",SST-ET750-B,high
psu,NZXT,"NZXT E650",NP-1PM-E650A,high
psu,Corsair,"Corsair TX850 V2",TX850-V2,low
psu,Cooler Master,"Cooler Master Thunder",RS600ACABD3,high
psu,Fractal Design,"Fractal Design Integra M",FDPSUIN3B450W,high
psu,Thermaltake,"Thermaltake TR2",PSTR20500NPCBUSB,high
psu,SilverStone,"Silverstone Nightjar",NJ520,high
psu,EVGA,"EVGA SuperNOVA G FTW",535-5G-1000-K1,high
psu,Thermaltake,"Thermaltake TR2",W0070,high
psu,Phanteks,"Phanteks AMP v2",PH-P1000G_WT02,high
psu,Phanteks,"Phanteks AMP v2",PH-P1000G_02,high
psu,Seasonic,"SeaSonic PRIME Platinum",SSR-1000PD,high
psu,Seasonic,"SeaSonic PRIME Gold",SSR-1200GD,high
psu,EVGA,"EVGA SuperNOVA 750 GA",220-GL-0750-X1,high
psu,Seasonic,"SeaSonic Platinum",SS1050XP3,high
psu,Seasonic,"SeaSonic 750FX WHITE",SSR-750FX-WHITE,high
psu,SilverStone,"Silverstone Strider Platinum",ST55FPT,high
psu,Cooler Master,"Cooler Master XG650",MPG-6501-AFBAP-US,high
psu,Thermaltake,"Thermaltake Litepower",W0355RA,high
psu,Seasonic,"SeaSonic SS-600ES",SS-600ES,low
psu,Seasonic,"SeaSonic PRIME SNOWSILENT",SSR-550GD2-SNOWSILENT,high
psu,Thermaltake,"Thermaltake Toughpower iRGB PLUS 1000",PS-TPI-1000F3FDGU-1,high
psu,Thermaltake,"Thermaltake Smart",SP-730P,high
psu,Cooler Master,"Cooler Master MasterWatt Maker 1500 (no Bluetooth)",MPZ-F001-AFBAT-S1,high
psu,Seasonic,"SeaSonic M12II",SS650AM,high
psu,Thermaltake,"Thermaltake Toughpower Grand RGB 850 SE",PS-TPG-0850FPCGUS-S,high
psu,NZXT,"NZXT HALE90 V2 1000W",PS-H9V2-100,high
psu,Antec,"Antec Earthwatts Green",EA500D,high
psu,Antec,"Antec Earthwatts",EA750,high
psu,Cooler Master,"Cooler Master Elite",RS400PSARJ3,high
psu,SilverStone,"Silverstone Strider",ST50FES,high
psu,Thermaltake,"Thermaltake Toughpower XT",TPX575M,high
psu,Thermaltake,"Thermaltake TR2",TR600P,high
psu,Thermaltake,"Thermaltake TR2",TR800P,high
psu,Thermaltake,"Thermaltake TR2",W0379RU,high
psu,Seasonic,"SeaSonic X",SS650KM,high
psu,Seasonic,"SeaSonic SS-460FL Active PFC F3",SS460FLACTIVEPFCF3,high
psu,Thermaltake,"Thermaltake Toughpower DPS G RGB Titanium",PS-TPG-1000DPCTUS-T,high
psu,Cooler Master,"Cooler Master G Gold 750 V2",MPE-7502-ACAAG-US,high
psu,Seasonic,"SeaSonic PRIME Ultra Platinum 750",SSR-750PD2,high
psu,Phanteks,"Phanteks AMP",PH-P1000G_WT,high
psu,Antec,"Antec High Current Gamer Gold",HCG1000-GOLD,high
psu,Antec,"Antec CSK",CSK450,high
psu,SilverStone,"Silverstone VA550-B",SST-VA550-B,high
psu,Cooler Master,"Cooler Master M620",RS-620-ASAA-A1,high
psu,Cooler Master,"Cooler Master 500W MasterWatt Lite 230V",MPX-5001-ACABW,high
psu,Seasonic,"SeaSonic CORE GX-500",CORE-GX-500,low
psu,Thermaltake,"Thermaltake TR2 RX",W0319,high
psu,EVGA,"EVGA 700 GQ",110-GQ-0700-V7,high
psu,EVGA,"EVGA 650 GD",100-GD-0650-V2,high
psu,EVGA,"EVGA 450 B1",100-B1-0450-K1,high
psu,Cooler Master,"Cooler Master G450M",RS450-AMAAB1-EU,high
psu,Cooler Master,"Cooler Master GX III GOLD",MPX-6503-AFAG,high
psu,Fractal Design,"Fractal Design Tesla R2",FDPSUTS2B800W,high
psu,NZXT,"NZXT HALE82 V2 700W",V2-700W,low
psu,Corsair,"Corsair TX650 V2",CMPSU-650TXV2,high
psu,Antec,"Antec NeoECO",NE550M,high
psu,Cooler Master,"Cooler Master Elite NEX N600",MPW-6001-ACAN-B,high
psu,Xfx,"XFX Core Edition",PRO850W-P1-850S-NLB9,high
psu,EVGA,"EVGA 750 B3",220-B3-0750-V1,high
psu,Seasonic,"SeaSonic M12II",SS850AM2,high
psu,SilverStone,"Silverstone Strider",ST60FPS,high
psu,EVGA,"EVGA SuperNOVA 750 G7",220-G7-0750-X1,high
psu,Fractal Design,"Fractal Design Integra M",FDPSUIN3B750W,high
psu,Thermaltake,"Thermaltake Toughpower",PS-TPD-1500MPCGUS-1,high
psu,Cooler Master,"Cooler Master V550 Gold V2",MPY-550V-AFBAG,high
psu,Seasonic,"SeaSonic Snow Silent",SS750XP2S,high
psu,Seasonic,"SeaSonic PRIME Gold",SSR-1000GD-OLD,high
psu,Antec,"Antec True Power",TP550C,high
psu,Cooler Master,"Cooler Master MWE Bronze V2",MPE-5001-ACAAB-US,high
psu,Seasonic,"SeaSonic PRIME TX-650",PRIME-TX-650,low
psu,EVGA,"EVGA 500 BT",100-BT-0500-K1,high
psu,Corsair,"Corsair VS350",CP-9020052-WW,high
psu,Thermaltake,"Thermaltake TOUGHPOWER PF1 ARGB",PS-TPD-0850F3FAPU-1,high
psu,SilverStone,"Silverstone Strider Platinum",SST-ST1200-PT,high
psu,Xfx,"XFX ProSeries",P1-450S-X2B9,high
psu,Cooler Master,"Cooler Master Silent Pro Gold",RS55080GA,high
psu,Cooler Master,"Cooler Master GX III GOLD",MPX-A503-AFAG-BUS,high
psu,SilverStone,"Silverstone Strider",ST85FGS,high
psu,Corsair,"Corsair TX650",TX650,low
psu,Seasonic,"SeaSonic X",SS750KM3,high
psu,Seasonic,"SeaSonic PRIME Ultra Gold 650",SSR-650GD2,high
psu,Seasonic,"SeaSonic M12II",SS850AM,high
psu,Seasonic,"SeaSonic X",X1250,high
psu,Antec,"Antec True Power",TP550,high
psu,Antec,"Antec True Power",TP650,high
psu,Corsair,"Corsair HX650",CMPSU-650HX-A,high
psu,Seasonic,"SeaSonic X",SS560KMACTIVEPFCF3,high
psu,Thermaltake,"Thermaltake Toughpower GF1 - TT Premium",PS-TPD-1000FNFAGX-1,high
psu,Thermaltake,"Thermaltake Toughpower Grand RGB Platinum",PS-TPG-1050F1FAPU-1,high
psu,Antec,"Antec Earthwatts Green",EA350GREEN,high
psu,Seasonic,"SeaSonic SSP-300ST",SSP300ST,high
psu,Xfx,"XFX XT",P1-500B-XTFR,high
psu,Xfx,"XFX TS",P1-430S-XXB9,high
psu,Cooler Master,"Cooler Master GXII",RS750ACAAB1US,high
psu,SilverStone,"Silverstone Strider",ST70FESG,high
psu,Antec,"Antec High Current Gamer",HCG850M,high
psu,Seasonic,"SeaSonic G",SSR750RM,high
psu,SilverStone,"Silverstone VIVA",SST-VA750-G,high
psu,NZXT,"NZXT HALE82 V2 550W",V2-550W,low
psu,Thermaltake,"Thermaltake Toughpower GF2 ARGB",PS-TPD-0850F3FAGU-2,high
psu,SilverStone,"Silverstone Essential",SST-ET550-G,high
psu,SilverStone,"Silverstone Essential",SST-ET650-G,high
psu,Seasonic,"SeaSonic 850FX WHITE",SSR-850FX-WHITE,high
psu,EVGA,"EVGA SuperNOVA 1000 PQ",210-PQ-1000-X1,high
psu,Seasonic,"SeaSonic PRIME",PRIME-GX-650,high
psu,Cooler Master,"Cooler Master MWE Gold 650",MPY6501ACAAGUS,high
psu,EVGA,"EVGA SuperNOVA NEX750B",120-PB-0750-KR,high
psu,EVGA,"EVGA SuperNOVA 550 GT",220-GT-0550-Y1,high
psu,Cooler Master,"Cooler Master Silent Pro M2",RS-520-SPM2,high
psu,Seasonic,"SeaSonic CORE GM",CORE-GM-550,high
psu,EVGA,"EVGA SuperNOVA 750 P6",220-P6-0750-X1,high
psu,Cooler Master,"Cooler Master MWE GOLD 550 V2",MPE-5501-ACAAG,high
psu,EVGA,"EVGA SuperNOVA 650 G7",220-G7-0650-X1,high
psu,Antec,"Antec High Current Pro",HCP750,high
psu,Cooler Master,"Cooler Master New GX",RS450ACAAE3US,high
psu,Antec,"Antec Earthwatts",EA500GREEN,high
psu,Thermaltake,"Thermaltake TR2",PSTR20600NPCBUSB,high
psu,Fractal Design,"Fractal Design Integra R2",FDPSUIN2B750W,high
psu,Fractal Design,"Fractal Design Newton R3",FDPSUNT3B600W,high
psu,Fractal Design,"Fractal Design Integra R2",FDPSUIN2B650W,high
psu,EVGA,"EVGA GE",200-GE-0500-V1,high
psu,Cooler Master,"Cooler Master Silent Pro M2",RS850SPM2D3US,high
psu,Cooler Master,"Cooler Master eXtreme Power Plus",RS500PCARD3US,high
psu,Seasonic,"SeaSonic Platinum",SS520FL2,high
psu,Cooler Master,"Cooler Master GXII",RS550ACAAB1US,high
psu,Thermaltake,"Thermaltake Toughpower",PS-TPD-1200MPCGUS-1,high
psu,Thermaltake,"Thermaltake Toughpower DPS G",PS-TPG-0650DPCGUS-G,high
psu,Thermaltake,"Thermaltake Toughpower GF A3 - TT Premium Edition",PS-TPD-1200FNFAGE-H,high
psu,Cooler Master,"Cooler Master MWE Gold V2 ATX3.0",MPE-C501-AFCAG-3G,high
psu,Seasonic,"SeaSonic PRIME Ultra Gold 550",SSR-550GD2,high
psu,Seasonic,"SeaSonic PRIME Ultra Titanium",SSR-750TR,high
psu,SilverStone,"Silverstone Essential",SST-ET650-HG,high
psu,Corsair,"Corsair CX-500 V3",CMPSU-500CXV3,high
psu,Corsair,"Corsair CX-750 V3",CMPSU-750CXV3,high
psu,Antec,"Antec VP",VP600P,high
psu,Cooler Master,"Cooler Master V450",RS450AMAAG1AU,high
psu,Xfx,"XFX XTR",P1-650B-BEFX,high
psu,Seasonic,"SeaSonic PRIME Ultra Platinum 850",SSR-850PD-U,high
psu,Seasonic,"SeaSonic PRIME Ultra Gold 850",SSR-850GD,high
psu,Seasonic,"SeaSonic PRIME Ultra Gold 750",SSR-750GD2,high
psu,Cooler Master,"Cooler Master Silent Pro Hybrid",RSD00SPHAD3,high
psu,Cooler Master,"Cooler Master Silent Pro Hybrid",RS850SPHAD3,high
psu,Cooler Master,"Cooler Master Silent Pro Hybrid",RSA50SPHAD3,high
psu,Seasonic,"SeaSonic X",X1050,high
psu,Seasonic,"SeaSonic Platinum",SS760XP2,high
psu,Antec,"Antec NeoECO",NEOECO400C,high
psu,Cooler Master,"Cooler Master eXtreme Power",RS550PCARE3US,high
psu,SilverStone,"Silverstone Strider",ST85FP,high
psu,Thermaltake,"Thermaltake Toughpower Grand",TPG650M,high
psu,Thermaltake,"Thermaltake TR2",TRX650M,high
psu,Xfx,"XFX Black Edition",P1-750B-CAG9,high
psu,Antec,"Antec Earthwatts",EA450,high
psu,Thermaltake,"Thermaltake Toughpower",W0155RU,high
psu,Seasonic,"SeaSonic PRIME Gold",SSR-650GD,high
psu,Thermaltake,"Thermaltake Toughpower DPS G RGB Gold",PS-TPG-0750DPCGUS-R,high
psu,Cooler Master,"Cooler Master V750 Gold i",MPZ-7501-AFAG-BUS,high
psu,Cooler Master,"Cooler Master MWE BRONZE 550 V3",MPE-5501-ACAAW-3BUS,high
psu,Thermaltake,"Thermaltake Toughpower XT",TPX875M,high
psu,Cooler Master,"Cooler Master Extreme 2",RS525PCAR,high
psu,EVGA,"EVGA SuperNOVA 750 T2",220-T2-0750-X1,high
psu,Corsair,"Corsair GS800 2013 Edition",CP-9020065-WW,high
psu,Antec,"Antec NeoECO V2",NE650M-V2,high
psu,Thermaltake,"Thermaltake Smart RGB 230V",PS-SPR-0500NHSAWE-1,high
psu,Thermaltake,"Thermaltake Toughpower iRGB PLUS",PS-TPI-1250DPCTUS-T,high
psu,Thermaltake,"Thermaltake Toughpower PF3-L",PS-TPD-0850FNFAPU-L,high
psu,Cooler Master,"Cooler Master 400W MasterWatt Lite 230V",MPX-4001-ACABW,high
psu,Thermaltake,"Thermaltake Smart",SP-1000M,high
psu,Antec,"Antec NE450M",NE450M,low
psu,Antec,"Antec High Current Pro",HCP1300PLATINUM,high
psu,Cooler Master,"Cooler Master Silent Pro M2",RSF00SPM2D3US,high
psu,Fractal Design,"Fractal Design Newton R3",FDPSUNT3B1000W,high
psu,Seasonic,"SeaSonic X",SS650KM3,high
psu,Thermaltake,"Thermaltake Toughpower PF1 - TT Premium Edition",PS-TPD-1200FNFAPE-1,high
psu,SilverStone,"Silverstone Strider",SSTST65FG,high
psu,Seasonic,"SeaSonic SS-1250XM2",SS1250XM,high
psu,Xfx,"XFX P1-750X-XXB9",P1-750X-XXB9,low
psu,Cooler Master,"Cooler Master V Gold",MPY-7501-AFAAGV,high
psu,SilverStone,"Silverstone Essential",SST-ET550-HG,high
psu,NZXT,"NZXT HALE82N 750W",NP-1BN-0750A-US,high
psu,Lian Li,"Lian Li PE",PE-550,high
psu,EVGA,"EVGA SuperNOVA NEX1500 Classified",120-PG-1500-XR,high
psu,Antec,"Antec High Current Gamer",HCG520,high
psu,Cooler Master,"Cooler Master MASTERWATT MAKER MIJ",MPZ-C002-AFBAT,high
psu,Thermaltake,"Thermaltake Toughpower",PS-TPD-0650MPCGUS-1,high
psu,Cooler Master,"Cooler Master ELITE NEX White W400 230V",MPW-4001-ACBW-B,high
psu,SilverStone,"Silverstone Strider Titanium",SST-ST1100-TI,high
psu,Xfx,"XFX P1-650S-NLB9",P1-650S-NLB9,low
psu,Cooler Master,"Cooler Master V850 Platinum",MPZ-8501-AFBAPV-US,high
psu,EVGA,"EVGA SuperNOVA 750 PQ",210-PQ-0750-X1,high
psu,Phanteks,"Phanteks PH-P650GS",PH-P650GS,low
psu,Phanteks,"Phanteks PH-P750GS",PH-P750GS,low
psu,Cooler Master,"Cooler Master XG850",MPG-8501-AFBAP-US,high
psu,Cooler Master,"Cooler Master Hyper White",MPE-5001-ACAAN-HUS,high
psu,G.SKILL,"G.Skill PS750G",GP-GD750A-CWV1,high
psu,Seasonic,"SeaSonic S12G",S12G650,high
psu,Fractal Design,"Fractal Design Tesla R2",FDPSUTS2B650W,high
psu,Fractal Design,"Fractal Design Anode Bronze",FD-P-AA1B-550,high
psu,Cooler Master,"Cooler Master Silent Pro M2",RSA00SPM2D3US,high
psu,Phanteks,"Phanteks Revolt Pro",PH-P1000GC,high
psu,Antec,"Antec High Current Gamer Extreme",HCG1000-EXTREME,high
psu,EVGA,"EVGA SuperNOVA 850 GA",220-GL-0850-X1,high
psu,Thermaltake,"Thermaltake Smart DPS G",PS-SPG-0650DPCGUS-G,high
psu,Fractal Design,"Fractal Design Anode Bronze",FD-P-AA1B-650,high
psu,Cooler Master,"Cooler Master V SFX Gold ATX 3.0",MPY-8501-SFHAGV-3WU,high
psu,Cooler Master,"Cooler Master MWE Gold V2 ATX3.0",MPE-A501-AFCAG-3G,high
psu,Cooler Master,"Cooler Master MWE Gold V2 ATX3.0 SF6 BLANKA",MPE-A501-AFCAG-3V,high
psu,Cooler Master,"Cooler Master MWE Gold V2 ATX3.0",MPE-8501-AFAAG-3G,high
psu,Cooler Master,"Cooler Master MWE Gold V2 ATX3.0",MPE-7501-AFAAG-3G,high
psu,Thermaltake,"Thermaltake Toughpower",TP-1500M,high
psu,Seasonic,"SeaSonic S12G",S12G750,high
psu,Xfx,"XFX XTR",P1-550B-BEFX,high
psu,Fractal Design,"Fractal Design Edison M",FDPSUED1B650W,high
psu,Fractal Design,"Fractal Design Edison M",FDPSUED1B750W,high
psu,Cooler Master,"Cooler Master eXtreme Power Plus",RS500PCARA3US,high
psu,SilverStone,"Silverstone Strider",ST60FPB,high
psu,Thermaltake,"Thermaltake Smart",SP-630P,high
psu,Thermaltake,"Thermaltake Smart",SP-430P,high
psu,Antec,"Antec EDGE",EDGE550,high
psu,Antec,"Antec EDGE",EDGE750,high
psu,Xfx,"XFX ProSeries",P1-1000-BELX,high
psu,Thermaltake,"Thermaltake Toughpower Grand",TPG700M,high
psu,Thermaltake,"Thermaltake EVO_Blue",EVO-650MPCGUS-A,high
psu,Cooler Master,"Cooler Master Elite",RS460PSARJ3,high
psu,Seasonic,"SeaSonic S12III",SSR-450GB3,high
psu,Antec,"Antec High Current Pro",HCP1200,high
psu,Antec,"Antec True Power",TP750,high
psu,Antec,"Antec True Power",TP750BLUE,high
psu,Antec,"Antec True Power",TPQ1000,high
psu,Cooler Master,"Cooler Master GX",RS650ACAAE3US,high
psu,SilverStone,"Silverstone Strider",SSTST1200GEVOLUTION,high
psu,SilverStone,"Silverstone DA750",DA750,low
psu,SilverStone,"Silverstone Strider",ST50FP,high
psu,SilverStone,"Silverstone Strider",ST60FP,high
psu,Thermaltake,"Thermaltake TR2",TR450P,high
psu,Xfx,"XFX Black Edition",P1850BCAG9,high
psu,Thermaltake,"Thermaltake TR2",W0388RU,high
psu,Thermaltake,"Thermaltake Toughpower iRGB PLUS 850 Platinum",PS-TPI-0850F2FDPU-1,high
psu,Cooler Master,"Cooler Master New GX",RS-550-ACAA-D3,high
psu,Seasonic,"SeaSonic SSP-550RT",SSP550RT,high
psu,Seasonic,"SeaSonic SSP-650RT",SSP650RT,high
psu,Antec,"Antec Earthwatts Green",EA450GREEN,high
psu,Corsair,"Corsair CX400",CMPSU-400CX,high
psu,Antec,"Antec High Current Pro",HCP1000,high
psu,Thermaltake,"Thermaltake Toughpower DPS G RGB Gold",PS-TPG-0850DPCGUS-R,high
psu,Thermaltake,"Thermaltake Toughpower DPS G RGB Titanium",PS-TPG-0850DPCTUS-T,high
psu,Seasonic,"SeaSonic SSP-350ST",SSP-350ST,low
psu,EVGA,"EVGA SuperNOVA NEX1500 Classified",120-PG-1500-VR,high
psu,Cooler Master,"Cooler Master i600",RS600ACAAB1US,high
psu,Cooler Master,"Cooler Master G Gold 550 V2",MPE-5502-ACAAG-US,high
psu,Corsair,"Corsair RMx SHIFT  (0)",CP-9020298-NA,high
psu,Seasonic,"SeaSonic PRIME Ultra Platinum 550",SSR-550PD2,high
psu,Antec,"Antec NeoECO Gold",NE650G-M,high
psu,Thermaltake,"Thermaltake TR2",PS-TR2-0500NPCGUS-G,high
psu,Thermaltake,"Thermaltake Toughpower GF A3 - TT Premium Edition",PS-TPD-850FNFAGE-H,high
psu,SilverStone,"Silverstone Strider Platinum",SST-ST1000-PT,high
psu,Cooler Master,"Cooler Master GX",RS750ACAAD3US,high
psu,SilverStone,"Silverstone Strider",ST50FESG,high
psu,Antec,"Antec EarthWatts Platinum",EA650PLATINUM,high
psu,Seasonic,"SeaSonic PRIME Platinum",SSR-650PD,high
psu,Seasonic,"SeaSonic PRIME Platinum",SSR-750PD,high
psu,Seasonic,"SeaSonic SS-350TGM Retail",SS-350TGM-RETAIL,low
psu,NZXT,"NZXT HALE82N 650W",NP-1BN-0650A-US,high
psu,Corsair,"Corsair TX850 V2",CMPSU-850TXV2,high
psu,Antec,"Antec High Current Gamer",HCG620,high
psu,Thermaltake,"Thermaltake Toughpower",TP-650P,high
psu,Cooler Master,"Cooler Master Elite NEX N500 230V",MPW-5001-ACBN-B,high
psu,Cooler Master,"Cooler Master Elite NEX N700",MPW-7001-ACAN-B,high
psu,Cooler Master,"Cooler Master Elite NEX White W700",MPW-7001-ACAW-B,high
psu,Cooler Master,"Cooler Master Elite NEX White W600",MPW-6001-ACAW-B,high
psu,Cooler Master,"Cooler Master Elite NEX PN700 Peak",MPW-7001-ACAK-P,high
psu,Xfx,"XFX Core Edition",PRO750W-P1-750S-NLB9,high
psu,Xfx,"XFX Core Edition",PRO650W-P1-650S-NLB9,high
psu,Seasonic,"SeaSonic 1000FX WHITE",SSR-1000FX-WHITE,high
psu,Xfx,"XFX TS",P1-750G-TS3X,high
psu,Corsair,"Corsair G600",CMPSU-600G,high
psu,Cooler Master,"Cooler Master Silent Pro Platinum",RSA00SPPAD3US,high
psu,Cooler Master,"Cooler Master Silent Pro Platinum",RS550SPPAD3US,high
psu,Seasonic,"SeaSonic FOCUS",FOCUS-GM-500,high
psu,EVGA,"EVGA SuperNOVA 850 PQ",210-PQ-0850-X1,high
psu,SilverStone,"Silverstone Strider",SSTST85FGEVOLUTION,high
psu,SilverStone,"Silverstone Strider",ST1200GE,high
psu,Antec,"Antec High Current Gamer",HCG400,high
psu,Thermaltake,"Thermaltake Toughpower Grand",TPG1200M,high
psu,Thermaltake,"Thermaltake Toughpower Grand",PSTPG0850MPCGUS1,high
psu,NZXT,"NZXT HALE 90",HALE90-1000-M,high
psu,Thermaltake,"Thermaltake Toughpower",TP-550P,high
psu,Seasonic,"SeaSonic Platinum",PLATINUM1200SS120,high
psu,Thermaltake,"Thermaltake Toughpower",TP-750P,high
psu,Cooler Master,"Cooler Master Elite NEX N600 230V",MPW-6001-ACBN-B,high
psu,Cooler Master,"Cooler Master Elite NEX White W400",MPW-4001-ACAW-B,high
psu,Cooler Master,"Cooler Master Elite NEX White W500",MPW-5001-ACAW-B,high
psu,Cooler Master,"Cooler Master ELITE NEX White W700 230V",MPW-7001-ACBW-B,high
psu,Xfx,"XFX P1-750S-NLB9",P1-750S-NLB9,low
psu,Cooler Master,"Cooler Master Elite NEX PN600 Peak",MPW-6001-ACAK-P,high
psu,Cooler Master,"Cooler Master Elite NEX PN500 Peak 230V",MPW-5001-ACBK-P,high
psu,Cooler Master,"Cooler Master Elite NEX PN700 Peak 230V",MPW-7001-ACBK-P,high
psu,Thermaltake,"Thermaltake Toughpower XT",W0227RU,high
psu,Seasonic,"SeaSonic SS-300ES Bronze",SS300ESBRONZE,high
psu,Xfx,"XFX Core Edition",P1-450S-XXB9,high
psu,SilverStone,"Silverstone Strider",ST50NF,high
psu,Xfx,"XFX P1-550S-XXB9",P1-550S-XXB9,low
psu,Corsair,"Corsair TX750 V2",TX750-V2,low
psu,Phanteks,"Phanteks PH-P550GF",PH-P550GF,low
psu,Cooler Master,"Cooler Master Hyper White",MPE-4001-ACAAN-HUS,high
psu,Cooler Master,"Cooler Master Hyper White",MPE-6001-ACAAN-HUS,high
psu,G.SKILL,"G.Skill PS1250P",GP-PL1250A-CWV1,high
psu,Thermaltake,"Thermaltake Toughpower GF1 - TT Premium",PS-TPD-1200FNFAGX-1,high
psu,Seasonic,"SeaSonic Platinum",SS760XP,high
psu,Thermaltake,"Thermaltake Toughpower GF",PS-TPD-0750FNFAGU-2,high
psu,SilverStone,"Silverstone Strider",SSTST40FES,high
psu,Fractal Design,"Fractal Design Tesla R2",FDPSUTS2B1000W,high
psu,Seasonic,"SeaSonic S12G",S12G550,high
psu,Seasonic,"SeaSonic S12II",SS750AM2,high
psu,Cooler Master,"Cooler Master VSM",RS650AMAAG1S1,high
psu,Antec,"Antec Earthwatts Green",EA750GREEN,high
psu,Cooler Master,"Cooler Master RS",RS650ACAAB1US,high
psu,Seasonic,"SeaSonic SS-500ET Bronze",SS500ETBRONZE,high
psu,Seasonic,"SeaSonic SS-500ES Bronze",SS500ESBRONZE,high
psu,Thermaltake,"Thermaltake Toughpower DPS G",PS-TPG-0750DPCGUS-1,high
psu,Fractal Design,"Fractal Design Integra R2",INTEGRAR2650W,high
psu,Fractal Design,"Fractal Design Newton R3",NEWTONR3600W,high
psu,Fractal Design,"Fractal Design Integra R2",INTEGRAR2500W,high
psu,Antec,"Antec NeoECO Platinum",NE650-PLATINUM,high
psu,Cooler Master,"Cooler Master MasterWatt",MPX-4501-AMAAB-US,high
psu,Thermaltake,"Thermaltake Smart BM2",PS-SPD-0450MNFABU-1,high
psu,Seasonic,"SeaSonic ECO",SS430ST,high
psu,EVGA,"EVGA SuperNOVA G FTW",535-5G-0850-K1,high
psu,Thermaltake,"Thermaltake Toughpower",TP-1000M,high
psu,Thermaltake,"Thermaltake Toughpower",PS-TPD-1000MPCGUS-1,high
psu,SilverStone,"Silverstone DA700",DA700,low
psu,Seasonic,"SeaSonic SS-300ET Bronze",SS300ETBRONZE,high
psu,Antec,"Antec VP-P",VP450P,high
psu,Thermaltake,"Thermaltake German",W0493RE,high
psu,Thermaltake,"Thermaltake Toughpower DPS G",PS-TPG-1050DPCGUS-G,high
psu,Thermaltake,"Thermaltake Toughpower DPS G",PS-TPG-0750DPCGUS-G,high
psu,Thermaltake,"Thermaltake Toughpower DPS G",PS-TPG-0550DPCGUS-G,high
psu,Thermaltake,"Thermaltake Toughpower DPS G",PS-TPG-0450DPCGUS-G,high
psu,Seasonic,"SeaSonic SS-300TGW",SS-300TGW,low
psu,Cooler Master,"Cooler Master V550S",RS550AMAAG1AU,high
psu,Corsair,"Corsair CX-430 V3",CMPSU-430CXV3,high
psu,Antec,"Antec VP",VP700P,high
psu,Seasonic,"SeaSonic S12G",S12G450,high
psu,Antec,"Antec High Current Pro",HCP750PLATINUM,high
psu,Seasonic,"SeaSonic PRIME AIRTOUCH",SSR-850GD-AIRTOUCH,high
psu,SilverStone,"Silverstone Strider",ST40FESB,high
psu,Seasonic,"SeaSonic SS-750HT Silver",SS750HTSILVER,high
psu,Thermaltake,"Thermaltake Toughpower Grand",PSTPG1200FPCPUSP,high
psu,Thermaltake,"Thermaltake Toughpower Grand",PSTPG0850FPCPUSP,high
psu,Thermaltake,"Thermaltake EVO_Blue",W0307RU,high
psu,Thermaltake,"Thermaltake EVO_Blue",W0308RU,high
psu,Xfx,"XFX P1-650X-CAG9",P1-650X-CAG9,low
psu,NZXT,"NZXT HALE90 V2 1000W",NP-1GM-1000A,high
psu,NZXT,"NZXT HALE90 V2 1200W",NP-1GM-1200A,high
psu,Xfx,"XFX ProSeries",P1-1250-BEFX,high
psu,Thermaltake,"Thermaltake EVO_Blue",EVO-650MPCGUS,high
psu,NZXT,"NZXT HALE90 V2",NP-1GM-1000A-NEEU,high
psu,Thermaltake,"Thermaltake EVO_Blue",EVO-850MPCGUS-A,high
psu,NZXT,"NZXT HALE82",HALE82-650-M,high
psu,Cooler Master,"Cooler Master Elite",RS400PSARJ3US,high
psu,SilverStone,"Silverstone Strider",ST40FES,high
psu,NZXT,"NZXT HALE82N 550W",NP-1BN-0550A,high
psu,NZXT,"NZXT HALE82N 650W",NP-1BN-0650A,high
psu,NZXT,"NZXT HALE82N 750W",NP-1BN-0750A,high
psu,NZXT,"NZXT HALE90 V2 850W",PS-H9V2-085,high
psu,NZXT,"NZXT HALE90 V2 1200W",PS-H9V2-120,high
psu,NZXT,"NZXT HALE82",HALE82-750-M,high
psu,NZXT,"NZXT HALE82",HALE82-850-M,high
psu,Antec,"Antec Basiq",BP350,high
psu,Antec,"Antec Signature",SG850,high
psu,Antec,"Antec True Power",TPQ1200OC,high
psu,Cooler Master,"Cooler Master eXtreme Power Plus",RS700PCAAE3US,high
psu,SilverStone,"Silverstone OP850",OP850,low
psu,SilverStone,"Silverstone OP1000-E",OP1000E,high
psu,SilverStone,"Silverstone OP750",OP750,low
psu,SilverStone,"Silverstone OP800",OP800,low
psu,SilverStone,"Silverstone Strider",ST1200,high
psu,SilverStone,"Silverstone Strider",ST60EF,high
psu,Thermaltake,"Thermaltake Toughpower Grand",TPG750M,high
psu,Thermaltake,"Thermaltake TR2",TR700P,high
psu,Thermaltake,"Thermaltake TR2",TRX1200M,high
psu,Thermaltake,"Thermaltake Toughpower",W0132RU,high
psu,Xfx,"XFX P1-650X-CAH9",P1-650X-CAH9,low
psu,Thermaltake,"Thermaltake EVO_Blue",W0306RU,high
psu,Thermaltake,"Thermaltake Black Widow",W0319RU,high
psu,Seasonic,"SeaSonic SS-300TFX Bronze",SS-300TFX-BRONZE,low
psu,Antec,"Antec Earthwatts",EA550GREEN,high
psu,Cooler Master,"Cooler Master Elite",RS400PSARI3US,high
psu,Thermaltake,"Thermaltake W0328RU",W0328RU,low
psu,Xfx,"XFX XT",P1-400B-XTFR,high
psu,Antec,"Antec NeoECO Platinum",NE750-PLATINUM,high
psu,Thermaltake,"Thermaltake Toughpower DPS G RGB",PS-TPG-1250DPCTXX-T,high
psu,Cooler Master,"Cooler Master MasterWatt Maker",MPZ-C001-AFBAT,high
psu,SilverStone,"Silverstone Strider",ST85FG,high
psu,SilverStone,"Silverstone Strider",ST60FESG,high
psu,SilverStone,"Silverstone Strider",ST70FESB,high
psu,NZXT,"NZXT HALE90 V2",HALE90-V2-850W,high
psu,Thermaltake,"Thermaltake Madrid",W0495RE,high
psu,Thermaltake,"Thermaltake Toughpower GF A3 - TT Premium Edition",PS-TPD-650FNFAGE-H,high
psu,NZXT,"NZXT HALE 90",HALE90-650-M,high
psu,NZXT,"NZXT HALE 90",HALE90-750-M,high
psu,Corsair,"Corsair TX650 V2",TX650-V2,low
psu,Xfx,"XFX P1-850S-CAB9",P1-850S-CAB9,low
psu,Xfx,"XFX P1-750S-CAB9",P1-750S-CAB9,low
psu,Antec,"Antec VP",VP630F,high
psu,NZXT,"NZXT HALE82N 550W",NP-1BN-0550A-US,high
psu,Thermaltake,"Thermaltake Toughpower GF A3 - TT Premium Edition",PS-TPD-750FNFAGE-H,high
psu,SilverStone,"Silverstone Strider",ST1000-GE,high
psu,Thermaltake,"Thermaltake Toughpower Grand",TPG850M,high
psu,Thermaltake,"Thermaltake Toughpower Grand",TPG1050M,high
psu,Thermaltake,"Thermaltake Toughpower Grand",PS-TPG-0750MPCGUS-1,high
psu,Xfx,"XFX P1850SNLB9",P1850SNLB9,low
psu,Thermaltake,"Thermaltake Toughpower Grand",PSTPG0650MPCGUS1,high
psu,Seasonic,"SeaSonic X",X760GOLD,high
psu,Cooler Master,"Cooler Master Elite NEX N400 230V",MPW-4001-ACBN-B,high
psu,Cooler Master,"Cooler Master Elite NEX N700 230V",MPW-7001-ACBN-B,high
psu,Cooler Master,"Cooler Master ELITE NEX White W500 230V",MPW-5001-ACBW-B,high
psu,Cooler Master,"Cooler Master ELITE NEX White W600 230V",MPW-6001-ACBW-B,high
psu,Cooler Master,"Cooler Master Elite NEX White W500 Black Mesh",MPW-5001-ACAW-BB1,high
psu,Cooler Master,"Cooler Master Elite NEX White W600 Black Mesh",MPW-6001-ACAW-BB1,high
psu,Cooler Master,"Cooler Master Elite NEX White W700 Black Mesh",MPW-7001-ACAW-BB1,high
psu,Cooler Master,"Cooler Master Elite NEX PN500 Peak",MPW-5001-ACAK-P,high
psu,Cooler Master,"Cooler Master Elite NEX PN800 Peak",MPW-8001-ACAK-P,high
psu,Cooler Master,"Cooler Master Elite NEX PN800 Peak 230V",MPW-8001-ACBK-P,high
psu,G.SKILL,"G.Skill PS850G",GP-GD850A-CWV1,high
psu,SilverStone,"Silverstone DA550 Gold",SST-DA550-G,high
psu,Thermaltake,"Thermaltake Toughpower",TP-1200M,high
psu,Xfx,"XFX ProSeries",P1-750B-NLG9,high
psu,Cooler Master,"Cooler Master VSM",RS750AMAAG1S1,high
psu,Cooler Master,"Cooler Master VSM",RS550AMAAG1S1,high
psu,Seasonic,"SeaSonic G",SSR450RM,high
psu,Thermaltake,"Thermaltake Toughpower DPS G",PS-TPG-1050DPCGUS-1,high
psu,Thermaltake,"Thermaltake Toughpower Grand",PSTPG1050FPCGUS1,high
psu,Fractal Design,"Fractal Design Tesla R2",TESLAR2650WWHITE,high
psu,Fractal Design,"Fractal Design Tesla R2",TESLAR2650W,high
psu,Fractal Design,"Fractal Design Tesla R2",TESLAR2500W,high
psu,Fractal Design,"Fractal Design Tesla R2",FDPSUTS2W650W,high
psu,Thermaltake,"Thermaltake Toughpower DPS G",PS-TPG-0850DPCGUS-1,high
psu,Thermaltake,"Thermaltake Smart BX1 450",PS-SPD-0450NNFABU-1,high
psu,Antec,"Antec High Current Gamer Extreme",HCG850-EXTREME,high
psu,Cooler Master,"Cooler Master New GX",RS450ACAAD3US,high
psu,Xfx,"XFX P1-550S-XXBA",P1-550S-XXBA,low
monitor,Corsair,"Corsair XENEON 27QHD240",CM-9030002-NA,high
monitor,Cooler Master,"Cooler Master Tempest GP27Q",CMI-GP27-FQS-US,high
monitor,Cooler Master,"Cooler Master Tempest GZ2711",CMI-GZ2711-US,high
monitor,NZXT,"NZXT Canvas 27Q",MNST-27QSB-B-BB,high
monitor,Cooler Master,"Cooler Master GA271",CMI-GA271,high
monitor,Corsair,"Corsair XENEON 32UHD144",CM-9020003-NA,high
monitor,Corsair,"Corsair XENEON 34WQHD240-C",CM-9030005-NA,high
monitor,Corsair,"Corsair XENEON 32QHD165",CM-9020001-NA,high
monitor,Corsair,"Corsair XENEON 32QHD240",CM-9020002-NA,high
monitor,Cooler Master,"Cooler Master Tempest GP2711",CMI-GP2711,high
monitor,Cooler Master,"Cooler Master GM27-CF",CMI-GM27-CF,high
monitor,Cooler Master,"Cooler Master GM34-CW",CMI-GM34-CW,high
monitor,NZXT,"NZXT Canvas 27Q",MNST-27QSB-B-BW,high
monitor,Corsair,"Corsair XENEON 315QHD165",CM-9020007-NA,high
monitor,Cooler Master,"Cooler Master GM2711S",GM2711S,low
monitor,NZXT,"NZXT Canvas 32Q",MNST-32QSB-B-WW,high
monitor,Corsair,"Corsair XENEON ​32UHD144-A",CM-9020006-NA,high
monitor,Cooler Master,"Cooler Master TEMPEST GP27U",CMI-GP27-FUS-US,high
monitor,Cooler Master,"Cooler Master GM27-FQS ARGB",GM27-FQS-ARGB,low
monitor,NZXT,"NZXT Canvas 32Q",MNST-32QSB-B-BW,high
monitor,Cooler Master,"Cooler Master GP57ZS",CMI-GP57ZS,high
monitor,Cooler Master,"Cooler Master GM34-CWQ2",CMI-GM34-CWQ2,high
monitor,Cooler Master,"Cooler Master GM32-FQ",GM32-FQ,low
monitor,NZXT,"NZXT Canvas 27Q",MNST-27QSB-B-WB,high
monitor,NZXT,"NZXT Canvas 27Q",MNST-27QSB-B-WW,high
monitor,NZXT,"NZXT Canvas 32Q",MNST-32QSB-B-BB,high
monitor,NZXT,"NZXT Canvas 32Q",MNST-32QSB-B-WB,high
